path,title,modality,source_count,fidelity,medical_review,publication,gaps
ct/abdomen/ct-abdomen-pelvis-ohsu.md,CT Abdomen & Pelvis Rutină (Protocol OHSU),ct,0,missing,missing,,missing_sources; missing_processing; missing_adaptations; source_verification_missing; medical_review_missing
ct/abdomen/ct-abdomen-pelvis-with-contrast.md,CT Abdomen și Pelvis cu Substanță de Contrast,ct,2,missing,missing,,missing_source_locator; missing_source_version; missing_source_relationship; missing_processing; missing_adaptations; source_verification_missing; medical_review_missing
ct/abdomen/ct-abdomen-pelvis-wo-ohsu.md,CT Abdomen & Pelvis Nativ (Protocol OHSU),ct,0,missing,missing,,missing_sources; missing_processing; missing_adaptations; source_verification_missing; medical_review_missing
ct/abdomen/ct-adrenal-mass-protocol.md,CT Protocol Masă Suprarenaliană (Washout),ct,2,missing,missing,,missing_source_locator; missing_source_version; missing_source_relationship; missing_processing; missing_adaptations; source_verification_missing; medical_review_missing
ct/abdomen/ct-adrenal-protocol-ohsu.md,CT Glande Suprarenale / Washout Protocol (Protocol OHSU),ct,0,missing,missing,,missing_sources; missing_processing; missing_adaptations; source_verification_missing; medical_review_missing
ct/abdomen/ct-biphasic-pancreas.md,CT Pancreas Bifazic (Protocol Masă Pancreatică),ct,2,missing,missing,,missing_source_locator; missing_source_version; missing_source_relationship; missing_processing; missing_adaptations; source_verification_missing; medical_review_missing
ct/abdomen/ct-cap-contrast-ohsu.md,"CT Torace, Abdomen & Pelvis (CAP) cu Contrast (Protocol OHSU)",ct,0,missing,missing,,missing_sources; missing_processing; missing_adaptations; source_verification_missing; medical_review_missing
ct/abdomen/ct-cap-without-contrast-ohsu.md,"CT Torace, Abdomen & Pelvis (CAP) Nativ (Protocol OHSU)",ct,0,missing,missing,,missing_sources; missing_processing; missing_adaptations; source_verification_missing; medical_review_missing
ct/abdomen/ct-chest-abdomen-pelvis-with-contrast.md,"CT Torace, Abdomen și Pelvis cu Substanță de Contrast",ct,2,missing,missing,,missing_source_locator; missing_source_version; missing_source_relationship; missing_processing; missing_adaptations; source_verification_missing; medical_review_missing
ct/abdomen/ct-colonography-ohsu.md,CT Colonografie / Colonoscopie Virtuală (Protocol OHSU),ct,0,missing,missing,,missing_sources; missing_processing; missing_adaptations; source_verification_missing; medical_review_missing
ct/abdomen/ct-cystogram-ohsu.md,CT Cistografie Pelvină / Ruptură Vezicală (Protocol OHSU),ct,0,missing,missing,,missing_sources; missing_processing; missing_adaptations; source_verification_missing; medical_review_missing
ct/abdomen/ct-cystogram.md,Cisto-CT (Cistografie CT Retrogradă),ct,2,missing,missing,,missing_source_locator; missing_source_version; missing_source_relationship; missing_processing; missing_adaptations; source_verification_missing; medical_review_missing
ct/abdomen/ct-enterography-ohsu.md,CT Enterografie (Protocol OHSU),ct,0,missing,missing,,missing_sources; missing_processing; missing_adaptations; source_verification_missing; medical_review_missing
ct/abdomen/ct-enterography.md,Entero-CT (Enterografie CT cu Contrast Neutru),ct,2,missing,missing,,missing_source_locator; missing_source_version; missing_source_relationship; missing_processing; missing_adaptations; source_verification_missing; medical_review_missing
ct/abdomen/ct-ivp-intravenous-pyelogram.md,Uro-CT (Urografie CT / Pielografie Intravenoasă),ct,2,missing,missing,,missing_source_locator; missing_source_version; missing_source_relationship; missing_processing; missing_adaptations; source_verification_missing; medical_review_missing
ct/abdomen/ct-kub-non-contrast.md,CT Renal-Uretero-Vezical Nativ (CT KUB Doză Redusă),ct,2,missing,missing,,missing_source_locator; missing_source_version; missing_source_relationship; missing_processing; missing_adaptations; source_verification_missing; medical_review_missing
ct/abdomen/ct-mdct-abdomen-acute-abdomen-and-pelvis-tr-toshiba-aquilion-32-2.md,"CT Abdomen (Acute), Abdomen and Pelvis (Trauma) (Canon – Toshiba – Aquilion 32)",ct,0,missing,missing,,missing_sources; missing_processing; missing_adaptations; source_verification_missing; medical_review_missing
ct/abdomen/ct-mdct-abdomen-acute-body-area-not-specifi-scanner-not-specified-model-not-specified-99.md,"CT Abdomen (Acute), Body Area Not Specified (Phytobezoar-induced Mechanical Intestinal Obstruction)",ct,0,missing,missing,,missing_sources; missing_processing; missing_adaptations; source_verification_missing; medical_review_missing
ct/abdomen/ct-mdct-abdomen-acute-ge-discovery-ct750-hd.md,CT Abdomen (Acute) (GE – Discovery CT750 HD),ct,0,missing,missing,,missing_sources; missing_processing; missing_adaptations; source_verification_missing; medical_review_missing
ct/abdomen/ct-mdct-abdomen-acute-ge-lightspeed-16slice-22.md,CT Abdomen (Acute) (GE – LightSpeed 16-slice),ct,0,missing,missing,,missing_sources; missing_processing; missing_adaptations; source_verification_missing; medical_review_missing
ct/abdomen/ct-mdct-abdomen-acute-ge-lightspeed-16slice.md,CT Abdomen (Acute) (GE – LightSpeed 16-slice),ct,0,missing,missing,,missing_sources; missing_processing; missing_adaptations; source_verification_missing; medical_review_missing
ct/abdomen/ct-mdct-abdomen-acute-ge-lightspeed-64slice.md,CT Abdomen (Acute) (GE – LightSpeed 64-slice),ct,0,missing,missing,,missing_sources; missing_processing; missing_adaptations; source_verification_missing; medical_review_missing
ct/abdomen/ct-mdct-abdomen-acute-ge-lightspeed-pro-16slice-8.md,CT Abdomen (Acute) (GE – LightSpeed Pro 16-slice),ct,0,missing,missing,,missing_sources; missing_processing; missing_adaptations; source_verification_missing; medical_review_missing
ct/abdomen/ct-mdct-abdomen-acute-ge-lightspeed-qx-i-4-slice.md,CT Abdomen (Acute) (GE – LightSpeed QX/i 4-slice),ct,0,missing,missing,,missing_sources; missing_processing; missing_adaptations; source_verification_missing; medical_review_missing
ct/abdomen/ct-mdct-abdomen-acute-ge-lightspeed-qxi-4slice-22.md,CT Abdomen (Acute) (GE – LightSpeed QX/i 4-slice),ct,0,missing,missing,,missing_sources; missing_processing; missing_adaptations; source_verification_missing; medical_review_missing
ct/abdomen/ct-mdct-abdomen-acute-ge-lightspeed-qxi-4slice.md,CT Abdomen (Acute) (GE – LightSpeed QX/i 4-slice),ct,0,missing,missing,,missing_sources; missing_processing; missing_adaptations; source_verification_missing; medical_review_missing
ct/abdomen/ct-mdct-abdomen-acute-ge-lightspeed-ultra-8slice-22.md,CT Abdomen (Acute) (GE – LightSpeed Ultra 8-slice),ct,0,missing,missing,,missing_sources; missing_processing; missing_adaptations; source_verification_missing; medical_review_missing
ct/abdomen/ct-mdct-abdomen-acute-ge-lightspeed-ultra-8slice.md,CT Abdomen (Acute) (GE – LightSpeed Ultra 8-slice),ct,0,missing,missing,,missing_sources; missing_processing; missing_adaptations; source_verification_missing; medical_review_missing
ct/abdomen/ct-mdct-abdomen-acute-philips-16slice-30.md,CT Abdomen (Acute) (Philips – 16-slice),ct,0,missing,missing,,missing_sources; missing_processing; missing_adaptations; source_verification_missing; medical_review_missing
ct/abdomen/ct-mdct-abdomen-acute-philips-16slice.md,CT Abdomen (Acute) (Philips – 16-slice),ct,0,missing,missing,,missing_sources; missing_processing; missing_adaptations; source_verification_missing; medical_review_missing
ct/abdomen/ct-mdct-abdomen-acute-philips-40slice.md,CT Abdomen (Acute) (Philips – 40-slice),ct,0,missing,missing,,missing_sources; missing_processing; missing_adaptations; source_verification_missing; medical_review_missing
ct/abdomen/ct-mdct-abdomen-acute-philips-4slice-20.md,CT Abdomen (Acute) (Philips – 4-slice),ct,0,missing,missing,,missing_sources; missing_processing; missing_adaptations; source_verification_missing; medical_review_missing
ct/abdomen/ct-mdct-abdomen-acute-philips-4slice.md,CT Abdomen (Acute) (Philips – 4-slice),ct,0,missing,missing,,missing_sources; missing_processing; missing_adaptations; source_verification_missing; medical_review_missing
ct/abdomen/ct-mdct-abdomen-acute-philips-64slice.md,CT Abdomen (Acute) (Philips – 64-slice),ct,0,missing,missing,,missing_sources; missing_processing; missing_adaptations; source_verification_missing; medical_review_missing
ct/abdomen/ct-mdct-abdomen-acute-scanner-not-specified-model-not-specified-104.md,CT Abdomen (Acute) (Perforated Peptic Ulcer),ct,0,missing,missing,,missing_sources; missing_processing; missing_adaptations; source_verification_missing; medical_review_missing
ct/abdomen/ct-mdct-abdomen-acute-siemens-sensation-16.md,CT Abdomen (Acute) (Siemens – Sensation 16),ct,0,missing,missing,,missing_sources; missing_processing; missing_adaptations; source_verification_missing; medical_review_missing
ct/abdomen/ct-mdct-abdomen-acute-siemens-sensation-64.md,CT Abdomen (Acute) (Siemens – Sensation 64),ct,0,missing,missing,,missing_sources; missing_processing; missing_adaptations; source_verification_missing; medical_review_missing
ct/abdomen/ct-mdct-abdomen-acute-siemens-volume-zoom-4slice.md,CT Abdomen (Acute) (Siemens – Volume Zoom 4-slice),ct,0,missing,missing,,missing_sources; missing_processing; missing_adaptations; source_verification_missing; medical_review_missing
ct/abdomen/ct-mdct-abdomen-acute-toshiba-aquilion-16.md,CT Abdomen (Acute) (Toshiba – Aquilion 16),ct,0,missing,missing,,missing_sources; missing_processing; missing_adaptations; source_verification_missing; medical_review_missing
ct/abdomen/ct-mdct-abdomen-acute-toshiba-aquilion-64.md,CT Abdomen (Acute) (Toshiba – Aquilion 64),ct,0,missing,missing,,missing_sources; missing_processing; missing_adaptations; source_verification_missing; medical_review_missing
ct/abdomen/ct-mdct-abdomen-acute-toshiba-aquilion-8.md,CT Abdomen (Acute) (Toshiba – Aquilion 8),ct,0,missing,missing,,missing_sources; missing_processing; missing_adaptations; source_verification_missing; medical_review_missing
ct/abdomen/ct-mdct-abdomen-acute-toshiba-aquilion-super-4.md,CT Abdomen (Acute) (Toshiba – Aquilion Super 4),ct,0,missing,missing,,missing_sources; missing_processing; missing_adaptations; source_verification_missing; medical_review_missing
ct/abdomen/ct-mdct-abdomen-acute-toshiba-aquilionone.md,CT Abdomen (Acute) (Toshiba – AquilionOne),ct,0,missing,missing,,missing_sources; missing_processing; missing_adaptations; source_verification_missing; medical_review_missing
ct/abdomen/ct-mdct-abdomen-and-pelvis-routine-survey-b-scanner-not-specified-model-not-specified-88.md,"CT Abdomen and Pelvis (Routine Survey), Body Area Not Specified (Aorto-Bifemoral Bypass)",ct,0,missing,missing,,missing_sources; missing_processing; missing_adaptations; source_verification_missing; medical_review_missing
ct/abdomen/ct-mdct-abdomen-and-pelvis-routine-survey-b-scanner-not-specified-model-not-specified-89.md,"CT Abdomen and Pelvis (Routine Survey), Body Area Not Specified (Bifurcation Endoprosthesis and Patent Femoro-femoral Bypass)",ct,0,missing,missing,,missing_sources; missing_processing; missing_adaptations; source_verification_missing; medical_review_missing
ct/abdomen/ct-mdct-abdomen-and-pelvis-routine-survey-ge-lightspeed-64slice-1.md,CT Abdomen and Pelvis (Routine Survey) (GE – LightSpeed 64-slice),ct,0,missing,missing,,missing_sources; missing_processing; missing_adaptations; source_verification_missing; medical_review_missing
ct/abdomen/ct-mdct-abdomen-and-pelvis-routine-survey-ge-lightspeed-qx-i-4-slice-2.md,CT Abdomen and Pelvis (Routine Survey) (GE – LightSpeed QX/i 4-slice),ct,0,missing,missing,,missing_sources; missing_processing; missing_adaptations; source_verification_missing; medical_review_missing
ct/abdomen/ct-mdct-abdomen-and-pelvis-routine-survey-philips-ict-256-slices.md,CT Abdomen and Pelvis (Routine Survey) (Philips – iCT 256 slices),ct,0,missing,missing,,missing_sources; missing_processing; missing_adaptations; source_verification_missing; medical_review_missing
ct/abdomen/ct-mdct-abdomen-and-pelvis-routine-survey-siemens-definition-18.md,CT Abdomen and Pelvis (Routine Survey) (Siemens – Definition),ct,0,missing,missing,,missing_sources; missing_processing; missing_adaptations; source_verification_missing; medical_review_missing
ct/abdomen/ct-mdct-abdomen-and-pelvis-routine-survey-siemens-definition-19.md,CT Abdomen and Pelvis (Routine Survey) (Siemens – Definition),ct,0,missing,missing,,missing_sources; missing_processing; missing_adaptations; source_verification_missing; medical_review_missing
ct/abdomen/ct-mdct-abdomen-and-pelvis-routine-survey-siemens-definition-20.md,CT Abdomen and Pelvis (Routine Survey) (Siemens – Definition),ct,0,missing,missing,,missing_sources; missing_processing; missing_adaptations; source_verification_missing; medical_review_missing
ct/abdomen/ct-mdct-abdomen-and-pelvis-routine-survey-siemens-definition-21.md,CT Abdomen and Pelvis (Routine Survey) (Siemens – Definition),ct,0,missing,missing,,missing_sources; missing_processing; missing_adaptations; source_verification_missing; medical_review_missing
ct/abdomen/ct-mdct-abdomen-and-pelvis-routine-survey-siemens-definition-22.md,CT Abdomen and Pelvis (Routine Survey) (Siemens – Definition),ct,0,missing,missing,,missing_sources; missing_processing; missing_adaptations; source_verification_missing; medical_review_missing
ct/abdomen/ct-mdct-abdomen-and-pelvis-routine-survey-siemens-definition-23.md,CT Abdomen and Pelvis (Routine Survey) (Siemens – Definition),ct,0,missing,missing,,missing_sources; missing_processing; missing_adaptations; source_verification_missing; medical_review_missing
ct/abdomen/ct-mdct-abdomen-and-pelvis-routine-survey-siemens-definition-as-34.md,CT Abdomen and Pelvis (Routine Survey) (Siemens – Definition AS),ct,0,missing,missing,,missing_sources; missing_processing; missing_adaptations; source_verification_missing; medical_review_missing
ct/abdomen/ct-mdct-abdomen-and-pelvis-routine-survey-siemens-definition-as-35.md,CT Abdomen and Pelvis (Routine Survey) (Siemens – Definition AS+),ct,0,missing,missing,,missing_sources; missing_processing; missing_adaptations; source_verification_missing; medical_review_missing
ct/abdomen/ct-mdct-abdomen-and-pelvis-routine-survey-siemens-definition-as-36.md,CT Abdomen and Pelvis (Routine Survey) (Siemens – Definition AS),ct,0,missing,missing,,missing_sources; missing_processing; missing_adaptations; source_verification_missing; medical_review_missing
ct/abdomen/ct-mdct-abdomen-and-pelvis-routine-survey-siemens-definition-as-37.md,CT Abdomen and Pelvis (Routine Survey) (Siemens – Definition AS+),ct,0,missing,missing,,missing_sources; missing_processing; missing_adaptations; source_verification_missing; medical_review_missing
ct/abdomen/ct-mdct-abdomen-and-pelvis-routine-survey-siemens-definition-as-38.md,CT Abdomen and Pelvis (Routine Survey) (Siemens – Definition AS),ct,0,missing,missing,,missing_sources; missing_processing; missing_adaptations; source_verification_missing; medical_review_missing
ct/abdomen/ct-mdct-abdomen-and-pelvis-routine-survey-siemens-definition-as-39.md,CT Abdomen and Pelvis (Routine Survey) (Siemens – Definition AS+),ct,0,missing,missing,,missing_sources; missing_processing; missing_adaptations; source_verification_missing; medical_review_missing
ct/abdomen/ct-mdct-abdomen-and-pelvis-routine-survey-siemens-definition-as-40.md,CT Abdomen and Pelvis (Routine Survey) (Siemens – Definition AS),ct,0,missing,missing,,missing_sources; missing_processing; missing_adaptations; source_verification_missing; medical_review_missing
ct/abdomen/ct-mdct-abdomen-and-pelvis-routine-survey-siemens-definition-as-41.md,CT Abdomen and Pelvis (Routine Survey) (Siemens – Definition AS+),ct,0,missing,missing,,missing_sources; missing_processing; missing_adaptations; source_verification_missing; medical_review_missing
ct/abdomen/ct-mdct-abdomen-and-pelvis-routine-survey-siemens-definition-as-42.md,CT Abdomen and Pelvis (Routine Survey) (Siemens – Definition AS),ct,0,missing,missing,,missing_sources; missing_processing; missing_adaptations; source_verification_missing; medical_review_missing
ct/abdomen/ct-mdct-abdomen-and-pelvis-routine-survey-siemens-definition-as-43.md,CT Abdomen and Pelvis (Routine Survey) (Siemens – Definition AS+),ct,0,missing,missing,,missing_sources; missing_processing; missing_adaptations; source_verification_missing; medical_review_missing
ct/abdomen/ct-mdct-abdomen-and-pelvis-routine-survey-siemens-definition-as-44.md,CT Abdomen and Pelvis (Routine Survey) (Siemens – Definition AS),ct,0,missing,missing,,missing_sources; missing_processing; missing_adaptations; source_verification_missing; medical_review_missing
ct/abdomen/ct-mdct-abdomen-and-pelvis-routine-survey-siemens-definition-as-45.md,CT Abdomen and Pelvis (Routine Survey) (Siemens – Definition AS+),ct,0,missing,missing,,missing_sources; missing_processing; missing_adaptations; source_verification_missing; medical_review_missing
ct/abdomen/ct-mdct-abdomen-and-pelvis-routine-survey-siemens-definition-as-46.md,CT Abdomen and Pelvis (Routine Survey) (Siemens – Definition AS),ct,0,missing,missing,,missing_sources; missing_processing; missing_adaptations; source_verification_missing; medical_review_missing
ct/abdomen/ct-mdct-abdomen-and-pelvis-routine-survey-siemens-definition-as-47.md,CT Abdomen and Pelvis (Routine Survey) (Siemens – Definition AS+),ct,0,missing,missing,,missing_sources; missing_processing; missing_adaptations; source_verification_missing; medical_review_missing
ct/abdomen/ct-mdct-abdomen-and-pelvis-routine-survey-siemens-sensation-16-5.md,CT Abdomen and Pelvis (Routine Survey) (Siemens – Sensation 16),ct,0,missing,missing,,missing_sources; missing_processing; missing_adaptations; source_verification_missing; medical_review_missing
ct/abdomen/ct-mdct-abdomen-and-pelvis-routine-survey-siemens-sensation-64-5.md,CT Abdomen and Pelvis (Routine Survey) (Siemens – Sensation 64),ct,0,missing,missing,,missing_sources; missing_processing; missing_adaptations; source_verification_missing; medical_review_missing
ct/abdomen/ct-mdct-abdomen-and-pelvis-routine-survey-siemens-volume-zoom-4slice-5.md,CT Abdomen and Pelvis (Routine Survey) (Siemens – Volume Zoom 4-slice),ct,0,missing,missing,,missing_sources; missing_processing; missing_adaptations; source_verification_missing; medical_review_missing
ct/abdomen/ct-mdct-abdomen-and-pelvis-routine-survey-toshiba-aquilion-16-1.md,CT Abdomen and Pelvis (Routine Survey) (Toshiba – Aquilion 16),ct,0,missing,missing,,missing_sources; missing_processing; missing_adaptations; source_verification_missing; medical_review_missing
ct/abdomen/ct-mdct-abdomen-and-pelvis-routine-survey-toshiba-aquilion-64-1.md,CT Abdomen and Pelvis (Routine Survey) (Toshiba – Aquilion 64),ct,0,missing,missing,,missing_sources; missing_processing; missing_adaptations; source_verification_missing; medical_review_missing
ct/abdomen/ct-mdct-abdomen-and-pelvis-routine-survey-toshiba-aquilion-8-1.md,CT Abdomen and Pelvis (Routine Survey) (Toshiba – Aquilion 8),ct,0,missing,missing,,missing_sources; missing_processing; missing_adaptations; source_verification_missing; medical_review_missing
ct/abdomen/ct-mdct-abdomen-and-pelvis-routine-survey-toshiba-aquilion-super-4-1.md,CT Abdomen and Pelvis (Routine Survey) (Toshiba – Aquilion Super 4),ct,0,missing,missing,,missing_sources; missing_processing; missing_adaptations; source_verification_missing; medical_review_missing
ct/abdomen/ct-mdct-abdomen-and-pelvis-trauma-ge-discovery-ct750-hd-3.md,CT Abdomen and Pelvis (Trauma) (GE – Discovery CT750 HD),ct,0,missing,missing,,missing_sources; missing_processing; missing_adaptations; source_verification_missing; medical_review_missing
ct/abdomen/ct-mdct-abdomen-and-pelvis-trauma-ge-lightspeed-16slice-1.md,CT Abdomen and Pelvis (Trauma) (GE – LightSpeed 16-slice),ct,0,missing,missing,,missing_sources; missing_processing; missing_adaptations; source_verification_missing; medical_review_missing
ct/abdomen/ct-mdct-abdomen-and-pelvis-trauma-ge-lightspeed-16slice-2.md,CT Abdomen and Pelvis (Trauma) (GE – LightSpeed 16-slice),ct,0,missing,missing,,missing_sources; missing_processing; missing_adaptations; source_verification_missing; medical_review_missing
ct/abdomen/ct-mdct-abdomen-and-pelvis-trauma-ge-lightspeed-64slice-2.md,CT Abdomen and Pelvis (Trauma) (GE – LightSpeed 64-slice),ct,0,missing,missing,,missing_sources; missing_processing; missing_adaptations; source_verification_missing; medical_review_missing
ct/abdomen/ct-mdct-abdomen-and-pelvis-trauma-ge-lightspeed-qx-i-4-slice-3.md,CT Abdomen and Pelvis (Trauma) (GE – LightSpeed QX/i 4-slice),ct,0,missing,missing,,missing_sources; missing_processing; missing_adaptations; source_verification_missing; medical_review_missing
ct/abdomen/ct-mdct-abdomen-and-pelvis-trauma-ge-lightspeed-qxi-4slice-1.md,CT Abdomen and Pelvis (Trauma) (GE – LightSpeed QX/i 4-slice),ct,0,missing,missing,,missing_sources; missing_processing; missing_adaptations; source_verification_missing; medical_review_missing
ct/abdomen/ct-mdct-abdomen-and-pelvis-trauma-ge-lightspeed-qxi-4slice-2.md,CT Abdomen and Pelvis (Trauma) (GE – LightSpeed QX/i 4-slice),ct,0,missing,missing,,missing_sources; missing_processing; missing_adaptations; source_verification_missing; medical_review_missing
ct/abdomen/ct-mdct-abdomen-and-pelvis-trauma-ge-lightspeed-ultra-8slice-1.md,CT Abdomen and Pelvis (Trauma) (GE – LightSpeed Ultra 8-slice),ct,0,missing,missing,,missing_sources; missing_processing; missing_adaptations; source_verification_missing; medical_review_missing
ct/abdomen/ct-mdct-abdomen-and-pelvis-trauma-ge-lightspeed-ultra-8slice-2.md,CT Abdomen and Pelvis (Trauma) (GE – LightSpeed Ultra 8-slice),ct,0,missing,missing,,missing_sources; missing_processing; missing_adaptations; source_verification_missing; medical_review_missing
ct/abdomen/ct-mdct-abdomen-and-pelvis-trauma-liver-tra-scanner-not-specified-model-not-specified-91.md,"CT Abdomen and Pelvis (Trauma), Liver, Trauma Admission CAP or AP (Post-traumatic Arterio-porto-biliary Fistula of the Liver)",ct,0,missing,missing,,missing_sources; missing_processing; missing_adaptations; source_verification_missing; medical_review_missing
ct/abdomen/ct-mdct-abdomen-and-pelvis-trauma-philips-16slice-2.md,CT Abdomen and Pelvis (Trauma) (Philips – 16-slice),ct,0,missing,missing,,missing_sources; missing_processing; missing_adaptations; source_verification_missing; medical_review_missing
ct/abdomen/ct-mdct-abdomen-and-pelvis-trauma-philips-40slice-2.md,CT Abdomen and Pelvis (Trauma) (Philips – 40-slice),ct,0,missing,missing,,missing_sources; missing_processing; missing_adaptations; source_verification_missing; medical_review_missing
ct/abdomen/ct-mdct-abdomen-and-pelvis-trauma-philips-4slice-2.md,CT Abdomen and Pelvis (Trauma) (Philips – 4-slice),ct,0,missing,missing,,missing_sources; missing_processing; missing_adaptations; source_verification_missing; medical_review_missing
ct/abdomen/ct-mdct-abdomen-and-pelvis-trauma-philips-64slice-2.md,CT Abdomen and Pelvis (Trauma) (Philips – 64-slice),ct,0,missing,missing,,missing_sources; missing_processing; missing_adaptations; source_verification_missing; medical_review_missing
ct/abdomen/ct-mdct-abdomen-and-pelvis-trauma-siemens-sensation-16-1.md,CT Abdomen and Pelvis (Trauma) (Siemens – Sensation 16),ct,0,missing,missing,,missing_sources; missing_processing; missing_adaptations; source_verification_missing; medical_review_missing
ct/abdomen/ct-mdct-abdomen-and-pelvis-trauma-siemens-sensation-16-2.md,CT Abdomen and Pelvis (Trauma) (Siemens – Sensation 16),ct,0,missing,missing,,missing_sources; missing_processing; missing_adaptations; source_verification_missing; medical_review_missing
ct/abdomen/ct-mdct-abdomen-and-pelvis-trauma-siemens-sensation-64-2.md,CT Abdomen and Pelvis (Trauma) (Siemens – Sensation 64),ct,0,missing,missing,,missing_sources; missing_processing; missing_adaptations; source_verification_missing; medical_review_missing
ct/abdomen/ct-mdct-abdomen-and-pelvis-trauma-siemens-volume-zoom-4slice-1.md,CT Abdomen and Pelvis (Trauma) (Siemens – Volume Zoom 4-slice),ct,0,missing,missing,,missing_sources; missing_processing; missing_adaptations; source_verification_missing; medical_review_missing
ct/abdomen/ct-mdct-abdomen-and-pelvis-trauma-siemens-volume-zoom-4slice-2.md,CT Abdomen and Pelvis (Trauma) (Siemens – Volume Zoom 4-slice),ct,0,missing,missing,,missing_sources; missing_processing; missing_adaptations; source_verification_missing; medical_review_missing
ct/abdomen/ct-mdct-abdomen-and-pelvis-trauma-spleen-tr-scanner-not-specified-model-not-specified-39.md,"CT Abdomen and Pelvis (Trauma), Spleen, Trauma Admission CAP or AP (Post-traumatic Arteriovenous Intrasplenic Fistulas)",ct,0,missing,missing,,missing_sources; missing_processing; missing_adaptations; source_verification_missing; medical_review_missing
ct/abdomen/ct-mdct-abdomen-and-pelvis-trauma-toshiba-aquilion-16-2.md,CT Abdomen and Pelvis (Trauma) (Toshiba – Aquilion 16),ct,0,missing,missing,,missing_sources; missing_processing; missing_adaptations; source_verification_missing; medical_review_missing
ct/abdomen/ct-mdct-abdomen-and-pelvis-trauma-toshiba-aquilion-64-2.md,CT Abdomen and Pelvis (Trauma) (Canon – Toshiba – Aquilion 64),ct,0,missing,missing,,missing_sources; missing_processing; missing_adaptations; source_verification_missing; medical_review_missing
ct/abdomen/ct-mdct-abdomen-and-pelvis-trauma-toshiba-aquilion-8-2.md,CT Abdomen and Pelvis (Trauma) (Toshiba – Aquilion 8),ct,0,missing,missing,,missing_sources; missing_processing; missing_adaptations; source_verification_missing; medical_review_missing
ct/abdomen/ct-mdct-abdomen-and-pelvis-trauma-toshiba-aquilion-super-4-2.md,CT Abdomen and Pelvis (Trauma) (Toshiba – Aquilion Super 4),ct,0,missing,missing,,missing_sources; missing_processing; missing_adaptations; source_verification_missing; medical_review_missing
ct/abdomen/ct-mdct-abdomen-and-pelvis-trauma-toshiba-aquilionone-2.md,CT Abdomen and Pelvis (Trauma) (Canon – Toshiba – AquilionOne),ct,0,missing,missing,,missing_sources; missing_processing; missing_adaptations; source_verification_missing; medical_review_missing
ct/abdomen/ct-mdct-adrenal-gland-philips-256-slice.md,CT Adrenal Gland (Philips – 256-slice),ct,0,missing,missing,,missing_sources; missing_processing; missing_adaptations; source_verification_missing; medical_review_missing
ct/abdomen/ct-mdct-adrenal-gland-philips-40-slice.md,CT Adrenal Gland (Philips – 40-slice),ct,0,missing,missing,,missing_sources; missing_processing; missing_adaptations; source_verification_missing; medical_review_missing
ct/abdomen/ct-mdct-adrenal-mass-philips-16-slice.md,CT Adrenal Mass (Philips – 16-slice),ct,0,missing,missing,,missing_sources; missing_processing; missing_adaptations; source_verification_missing; medical_review_missing
ct/abdomen/ct-mdct-adrenal-mass-philips-4-slice.md,CT Adrenal Mass (Philips – 4-slice),ct,0,missing,missing,,missing_sources; missing_processing; missing_adaptations; source_verification_missing; medical_review_missing
ct/abdomen/ct-mdct-bladder-urinary-tract-scanner-not-specified-model-not-specified-55.md,"CT Bladder, Urinary Tract (Carcinoma)",ct,0,missing,missing,,missing_sources; missing_processing; missing_adaptations; source_verification_missing; medical_review_missing
ct/abdomen/ct-mdct-body-area-not-specified-scanner-not-specified-model-not-specified-105.md,CT Body Area Not Specified (Active Bleeding in a Hematoma of the Back),ct,0,missing,missing,,missing_sources; missing_processing; missing_adaptations; source_verification_missing; medical_review_missing
ct/abdomen/ct-mdct-body-area-not-specified-scanner-not-specified-model-not-specified-17.md,CT Body Area Not Specified (Air Trapping),ct,0,missing,missing,,missing_sources; missing_processing; missing_adaptations; source_verification_missing; medical_review_missing
ct/abdomen/ct-mdct-body-area-not-specified-scanner-not-specified-model-not-specified-60.md,CT Body Area Not Specified (Atrial Myxoma),ct,0,missing,missing,,missing_sources; missing_processing; missing_adaptations; source_verification_missing; medical_review_missing
ct/abdomen/ct-mdct-ca-scoring-philips-16-slice-11.md,CT Ca-Scoring (Philips – 16-slice),ct,0,missing,missing,,missing_sources; missing_processing; missing_adaptations; source_verification_missing; medical_review_missing
ct/abdomen/ct-mdct-ca-scoring-philips-16slice-19.md,CT Ca-Scoring (Philips – 16-slice),ct,0,missing,missing,,missing_sources; missing_processing; missing_adaptations; source_verification_missing; medical_review_missing
ct/abdomen/ct-mdct-ca-scoring-philips-256-slice-28.md,CT Ca-Scoring (Philips – 256-slice),ct,0,missing,missing,,missing_sources; missing_processing; missing_adaptations; source_verification_missing; medical_review_missing
ct/abdomen/ct-mdct-ca-scoring-philips-40-slice-19.md,CT Ca-Scoring (Philips – 40-slice),ct,0,missing,missing,,missing_sources; missing_processing; missing_adaptations; source_verification_missing; medical_review_missing
ct/abdomen/ct-mdct-ca-scoring-philips-40slice-18.md,CT Ca-Scoring (Philips – 40-slice),ct,0,missing,missing,,missing_sources; missing_processing; missing_adaptations; source_verification_missing; medical_review_missing
ct/abdomen/ct-mdct-ca-scoring-philips-4slice-10.md,CT Ca-Scoring (Philips – 4-slice),ct,0,missing,missing,,missing_sources; missing_processing; missing_adaptations; source_verification_missing; medical_review_missing
ct/abdomen/ct-mdct-ca-scoring-philips-64-slice-28.md,CT Ca-Scoring (Philips – 64-slice),ct,0,missing,missing,,missing_sources; missing_processing; missing_adaptations; source_verification_missing; medical_review_missing
ct/abdomen/ct-mdct-cancer-staging-philips-128-slice-5.md,CT Cancer Staging (Philips – 128-slice),ct,0,missing,missing,,missing_sources; missing_processing; missing_adaptations; source_verification_missing; medical_review_missing
ct/abdomen/ct-mdct-cancer-staging-philips-16-slice-10.md,CT Cancer Staging (Philips – 16-slice),ct,0,missing,missing,,missing_sources; missing_processing; missing_adaptations; source_verification_missing; medical_review_missing
ct/abdomen/ct-mdct-cancer-staging-philips-256-slice-27.md,CT Cancer Staging (Philips – 256-slice),ct,0,missing,missing,,missing_sources; missing_processing; missing_adaptations; source_verification_missing; medical_review_missing
ct/abdomen/ct-mdct-cancer-staging-philips-40-slice-18.md,CT Cancer Staging (Philips – 40-slice),ct,0,missing,missing,,missing_sources; missing_processing; missing_adaptations; source_verification_missing; medical_review_missing
ct/abdomen/ct-mdct-colon-scanner-not-specified-model-not-specified-43.md,CT Colon (Diverticulosis),ct,0,missing,missing,,missing_sources; missing_processing; missing_adaptations; source_verification_missing; medical_review_missing
ct/abdomen/ct-mdct-colonoscopy-philips-256-slice-3.md,CT Colonoscopy (Philips – 256-slice),ct,0,missing,missing,,missing_sources; missing_processing; missing_adaptations; source_verification_missing; medical_review_missing
ct/abdomen/ct-mdct-colonoscopy-philips-64-slice-3.md,CT Colonoscopy (Philips – 64-slice),ct,0,missing,missing,,missing_sources; missing_processing; missing_adaptations; source_verification_missing; medical_review_missing
ct/abdomen/ct-mdct-ct-enterography-philips-16-slice-2.md,CT CT Enterography (Philips – 16-slice),ct,0,missing,missing,,missing_sources; missing_processing; missing_adaptations; source_verification_missing; medical_review_missing
ct/abdomen/ct-mdct-ct-urography-philips-16-slice-3.md,CT CT Urography (Philips – 16-slice),ct,0,missing,missing,,missing_sources; missing_processing; missing_adaptations; source_verification_missing; medical_review_missing
ct/abdomen/ct-mdct-ct-urography-philips-4-slice-2.md,CT CT Urography (Philips – 4-slice),ct,0,missing,missing,,missing_sources; missing_processing; missing_adaptations; source_verification_missing; medical_review_missing
ct/abdomen/ct-mdct-cystogram-philips-256-slice-4.md,CT Cystogram (Philips – 256-slice),ct,0,missing,missing,,missing_sources; missing_processing; missing_adaptations; source_verification_missing; medical_review_missing
ct/abdomen/ct-mdct-enterography-philips-256-slice-5.md,CT Enterography (Philips – 256-slice),ct,0,missing,missing,,missing_sources; missing_processing; missing_adaptations; source_verification_missing; medical_review_missing
ct/abdomen/ct-mdct-enterography-philips-64-slice-5.md,CT Enterography (Philips – 64-slice),ct,0,missing,missing,,missing_sources; missing_processing; missing_adaptations; source_verification_missing; medical_review_missing
ct/abdomen/ct-mdct-kidneys-multiphasic-ge-lightspeed-16slice-3.md,CT Kidneys (Multiphasic) (GE – LightSpeed 16-slice),ct,0,missing,missing,,missing_sources; missing_processing; missing_adaptations; source_verification_missing; medical_review_missing
ct/abdomen/ct-mdct-kidneys-multiphasic-ge-lightspeed-64slice-3.md,CT Kidneys (Multiphasic) (GE – LightSpeed 64-slice),ct,0,missing,missing,,missing_sources; missing_processing; missing_adaptations; source_verification_missing; medical_review_missing
ct/abdomen/ct-mdct-kidneys-multiphasic-ge-lightspeed-qx-i-4-slice-4.md,CT Kidneys (Multiphasic) (GE – LightSpeed QX/i 4-slice),ct,0,missing,missing,,missing_sources; missing_processing; missing_adaptations; source_verification_missing; medical_review_missing
ct/abdomen/ct-mdct-kidneys-multiphasic-ge-lightspeed-qxi-4slice-3.md,CT Kidneys (Multiphasic) (GE – LightSpeed QX/i 4-slice),ct,0,missing,missing,,missing_sources; missing_processing; missing_adaptations; source_verification_missing; medical_review_missing
ct/abdomen/ct-mdct-kidneys-multiphasic-ge-lightspeed-ultra-8slice-3.md,CT Kidneys (Multiphasic) (GE – LightSpeed Ultra 8-slice),ct,0,missing,missing,,missing_sources; missing_processing; missing_adaptations; source_verification_missing; medical_review_missing
ct/abdomen/ct-mdct-kidneys-multiphasic-ge-lightspeed-vct-64-slice-6.md,CT Kidneys (Multiphasic) (GE – LightSpeed VCT 64-slice),ct,0,missing,missing,,missing_sources; missing_processing; missing_adaptations; source_verification_missing; medical_review_missing
ct/abdomen/ct-mdct-kidneys-multiphasic-philips-16slice-3.md,CT Kidneys (Multiphasic) (Philips – 16-slice),ct,0,missing,missing,,missing_sources; missing_processing; missing_adaptations; source_verification_missing; medical_review_missing
ct/abdomen/ct-mdct-kidneys-multiphasic-philips-40slice-3.md,CT Kidneys (Multiphasic) (Philips – 40-slice),ct,0,missing,missing,,missing_sources; missing_processing; missing_adaptations; source_verification_missing; medical_review_missing
ct/abdomen/ct-mdct-kidneys-multiphasic-philips-4slice-3.md,CT Kidneys (Multiphasic) (Philips – 4-slice),ct,0,missing,missing,,missing_sources; missing_processing; missing_adaptations; source_verification_missing; medical_review_missing
ct/abdomen/ct-mdct-kidneys-multiphasic-siemens-sensation-16-3.md,CT Kidneys (Multiphasic) (Siemens – Sensation 16),ct,0,missing,missing,,missing_sources; missing_processing; missing_adaptations; source_verification_missing; medical_review_missing
ct/abdomen/ct-mdct-kidneys-multiphasic-siemens-sensation-64-3.md,CT Kidneys (Multiphasic) (Siemens – Sensation 64),ct,0,missing,missing,,missing_sources; missing_processing; missing_adaptations; source_verification_missing; medical_review_missing
ct/abdomen/ct-mdct-kidneys-multiphasic-siemens-volume-zoom-4slice-3.md,CT Kidneys (Multiphasic) (Siemens – Volume Zoom 4-slice),ct,0,missing,missing,,missing_sources; missing_processing; missing_adaptations; source_verification_missing; medical_review_missing
ct/abdomen/ct-mdct-kidneys-multiphasic-toshiba-aquilion-16-3.md,CT Kidneys (Multiphasic) (Canon – Toshiba – Aquilion 16),ct,0,missing,missing,,missing_sources; missing_processing; missing_adaptations; source_verification_missing; medical_review_missing
ct/abdomen/ct-mdct-kidneys-multiphasic-toshiba-aquilion-32-3.md,CT Kidneys (Multiphasic) (Canon – Toshiba – Aquilion 32),ct,0,missing,missing,,missing_sources; missing_processing; missing_adaptations; source_verification_missing; medical_review_missing
ct/abdomen/ct-mdct-kidneys-multiphasic-toshiba-aquilion-64-3.md,CT Kidneys (Multiphasic) (Canon – Toshiba – Aquilion 64),ct,0,missing,missing,,missing_sources; missing_processing; missing_adaptations; source_verification_missing; medical_review_missing
ct/abdomen/ct-mdct-kidneys-multiphasic-toshiba-aquilion-8-3.md,CT Kidneys (Multiphasic) (Canon – Toshiba – Aquilion 8),ct,0,missing,missing,,missing_sources; missing_processing; missing_adaptations; source_verification_missing; medical_review_missing
ct/abdomen/ct-mdct-kidneys-multiphasic-toshiba-aquilion-super-4-3.md,CT Kidneys (Multiphasic) (Canon – Toshiba – Aquilion Super 4),ct,0,missing,missing,,missing_sources; missing_processing; missing_adaptations; source_verification_missing; medical_review_missing
ct/abdomen/ct-mdct-kidneys-multiphasic-toshiba-aquilionone-3.md,CT Kidneys (Multiphasic) (Canon – Toshiba – AquilionOne),ct,0,missing,missing,,missing_sources; missing_processing; missing_adaptations; source_verification_missing; medical_review_missing
ct/abdomen/ct-mdct-liver-multiphasic-ge-discovery-ct750-hd-7.md,CT Liver (Multiphasic) (GE – Discovery CT750 HD),ct,0,missing,missing,,missing_sources; missing_processing; missing_adaptations; source_verification_missing; medical_review_missing
ct/abdomen/ct-mdct-liver-multiphasic-ge-lightspeed-16slice-4.md,CT Liver (Multiphasic) (GE – LightSpeed 16-slice),ct,0,missing,missing,,missing_sources; missing_processing; missing_adaptations; source_verification_missing; medical_review_missing
ct/abdomen/ct-mdct-liver-multiphasic-ge-lightspeed-64slice-4.md,CT Liver (Multiphasic) (GE – LightSpeed 64-slice),ct,0,missing,missing,,missing_sources; missing_processing; missing_adaptations; source_verification_missing; medical_review_missing
ct/abdomen/ct-mdct-liver-multiphasic-ge-lightspeed-qx-i-4-slice-5.md,CT Liver (Multiphasic) (GE – LightSpeed QX/i 4-slice),ct,0,missing,missing,,missing_sources; missing_processing; missing_adaptations; source_verification_missing; medical_review_missing
ct/abdomen/ct-mdct-liver-multiphasic-ge-lightspeed-qxi-4slice-4.md,CT Liver (Multiphasic) (GE – LightSpeed QX/i 4-slice),ct,0,missing,missing,,missing_sources; missing_processing; missing_adaptations; source_verification_missing; medical_review_missing
ct/abdomen/ct-mdct-liver-multiphasic-ge-lightspeed-ultra-8slice-4.md,CT Liver (Multiphasic) (GE – LightSpeed Ultra 8-slice),ct,0,missing,missing,,missing_sources; missing_processing; missing_adaptations; source_verification_missing; medical_review_missing
ct/abdomen/ct-mdct-liver-multiphasic-ge-lightspeed-vct-64-slice-7.md,CT Liver (Multiphasic) (GE – LightSpeed VCT 64-slice),ct,0,missing,missing,,missing_sources; missing_processing; missing_adaptations; source_verification_missing; medical_review_missing
ct/abdomen/ct-mdct-liver-multiphasic-philips-16slice-4.md,CT Liver (Multiphasic) (Philips – 16-slice),ct,0,missing,missing,,missing_sources; missing_processing; missing_adaptations; source_verification_missing; medical_review_missing
ct/abdomen/ct-mdct-liver-multiphasic-philips-256-slice-6.md,CT Liver (Multiphasic) (Philips – 256-slice),ct,0,missing,missing,,missing_sources; missing_processing; missing_adaptations; source_verification_missing; medical_review_missing
ct/abdomen/ct-mdct-liver-multiphasic-philips-4slice-4.md,CT Liver (Multiphasic) (Philips – 4-slice),ct,0,missing,missing,,missing_sources; missing_processing; missing_adaptations; source_verification_missing; medical_review_missing
ct/abdomen/ct-mdct-liver-multiphasic-philips-64-slice-6.md,CT Liver (Multiphasic) (Philips – 64-slice),ct,0,missing,missing,,missing_sources; missing_processing; missing_adaptations; source_verification_missing; medical_review_missing
ct/abdomen/ct-mdct-liver-multiphasic-philips-64slice-3.md,CT Liver (Multiphasic) (Philips – 64-slice),ct,0,missing,missing,,missing_sources; missing_processing; missing_adaptations; source_verification_missing; medical_review_missing
ct/abdomen/ct-mdct-liver-multiphasic-siemens-sensation-16-4.md,CT Liver (Multiphasic) (Siemens – Sensation 16),ct,0,missing,missing,,missing_sources; missing_processing; missing_adaptations; source_verification_missing; medical_review_missing
ct/abdomen/ct-mdct-liver-multiphasic-siemens-sensation-64-4.md,CT Liver (Multiphasic) (Siemens – Sensation 64),ct,0,missing,missing,,missing_sources; missing_processing; missing_adaptations; source_verification_missing; medical_review_missing
ct/abdomen/ct-mdct-liver-multiphasic-siemens-volume-zoom-4slice-4.md,CT Liver (Multiphasic) (Siemens – Volume Zoom 4-slice),ct,0,missing,missing,,missing_sources; missing_processing; missing_adaptations; source_verification_missing; medical_review_missing
ct/abdomen/ct-mdct-liver-multiphasic-toshiba-aquilion-16-4.md,CT Liver (Multiphasic) (Canon – Toshiba – Aquilion 16),ct,0,missing,missing,,missing_sources; missing_processing; missing_adaptations; source_verification_missing; medical_review_missing
ct/abdomen/ct-mdct-liver-multiphasic-toshiba-aquilion-32-4.md,CT Liver (Multiphasic) (Canon – Toshiba – Aquilion 32),ct,0,missing,missing,,missing_sources; missing_processing; missing_adaptations; source_verification_missing; medical_review_missing
ct/abdomen/ct-mdct-liver-multiphasic-toshiba-aquilion-64-4.md,CT Liver (Multiphasic) (Canon – Toshiba – Aquilion 64),ct,0,missing,missing,,missing_sources; missing_processing; missing_adaptations; source_verification_missing; medical_review_missing
ct/abdomen/ct-mdct-liver-multiphasic-toshiba-aquilion-8-4.md,CT Liver (Multiphasic) (Canon – Toshiba – Aquilion 8),ct,0,missing,missing,,missing_sources; missing_processing; missing_adaptations; source_verification_missing; medical_review_missing
ct/abdomen/ct-mdct-liver-multiphasic-toshiba-aquilion-super-4-4.md,CT Liver (Multiphasic) (Canon – Toshiba – Aquilion Super 4),ct,0,missing,missing,,missing_sources; missing_processing; missing_adaptations; source_verification_missing; medical_review_missing
ct/abdomen/ct-mdct-liver-multiphasic-toshiba-aquilionone-4.md,CT Liver (Multiphasic) (Canon – Toshiba – AquilionOne),ct,0,missing,missing,,missing_sources; missing_processing; missing_adaptations; source_verification_missing; medical_review_missing
ct/abdomen/ct-mdct-liver-scanner-not-specified-model-not-specified-29.md,CT Liver (Adenoma),ct,0,missing,missing,,missing_sources; missing_processing; missing_adaptations; source_verification_missing; medical_review_missing
ct/abdomen/ct-mdct-liver-scanner-not-specified-model-not-specified-30.md,CT Liver (Focal nodular hyperplasia (FNH)),ct,0,missing,missing,,missing_sources; missing_processing; missing_adaptations; source_verification_missing; medical_review_missing
ct/abdomen/ct-mdct-liver-scanner-not-specified-model-not-specified-31.md,CT Liver (Hepatocellular Carcinoma (HCC)),ct,0,missing,missing,,missing_sources; missing_processing; missing_adaptations; source_verification_missing; medical_review_missing
ct/abdomen/ct-mdct-liver-scanner-not-specified-model-not-specified-32.md,"CT Liver (HCC, Perfusion Study)",ct,0,missing,missing,,missing_sources; missing_processing; missing_adaptations; source_verification_missing; medical_review_missing
ct/abdomen/ct-mdct-neuro-ctv-venography-ge-lightspeed-16slice-10.md,CT Neuro CTV (Venography) (GE – LightSpeed 16-slice),ct,0,missing,missing,,missing_sources; missing_processing; missing_adaptations; source_verification_missing; medical_review_missing
ct/abdomen/ct-mdct-neuro-ctv-venography-ge-lightspeed-16slice-11.md,CT Neuro CTV (Venography) (GE – LightSpeed 16-slice),ct,0,missing,missing,,missing_sources; missing_processing; missing_adaptations; source_verification_missing; medical_review_missing
ct/abdomen/ct-mdct-neuro-ctv-venography-ge-lightspeed-16slice-9.md,CT Neuro CTV (Venography) (GE – LightSpeed 16-slice),ct,0,missing,missing,,missing_sources; missing_processing; missing_adaptations; source_verification_missing; medical_review_missing
ct/abdomen/ct-mdct-neuro-ctv-venography-ge-lightspeed-qxi-4slice-10.md,CT Neuro CTV (Venography) (GE – LightSpeed QX/i 4-slice),ct,0,missing,missing,,missing_sources; missing_processing; missing_adaptations; source_verification_missing; medical_review_missing
ct/abdomen/ct-mdct-neuro-ctv-venography-ge-lightspeed-qxi-4slice-11.md,CT Neuro CTV (Venography) (GE – LightSpeed QX/i 4-slice),ct,0,missing,missing,,missing_sources; missing_processing; missing_adaptations; source_verification_missing; medical_review_missing
ct/abdomen/ct-mdct-neuro-ctv-venography-ge-lightspeed-qxi-4slice-9.md,CT Neuro CTV (Venography) (GE – LightSpeed QX/i 4-slice),ct,0,missing,missing,,missing_sources; missing_processing; missing_adaptations; source_verification_missing; medical_review_missing
ct/abdomen/ct-mdct-neuro-ctv-venography-ge-lightspeed-ultra-8slice-10.md,CT Neuro CTV (Venography) (GE – LightSpeed Ultra 8-slice),ct,0,missing,missing,,missing_sources; missing_processing; missing_adaptations; source_verification_missing; medical_review_missing
ct/abdomen/ct-mdct-neuro-ctv-venography-ge-lightspeed-ultra-8slice-11.md,CT Neuro CTV (Venography) (GE – LightSpeed Ultra 8-slice),ct,0,missing,missing,,missing_sources; missing_processing; missing_adaptations; source_verification_missing; medical_review_missing
ct/abdomen/ct-mdct-neuro-ctv-venography-ge-lightspeed-ultra-8slice-9.md,CT Neuro CTV (Venography) (GE – LightSpeed Ultra 8-slice),ct,0,missing,missing,,missing_sources; missing_processing; missing_adaptations; source_verification_missing; medical_review_missing
ct/abdomen/ct-mdct-neuro-ctv-venography-philips-16-slice-7.md,CT Neuro CTV (Venography) (Philips – 16-slice),ct,0,missing,missing,,missing_sources; missing_processing; missing_adaptations; source_verification_missing; medical_review_missing
ct/abdomen/ct-mdct-neuro-ctv-venography-philips-16slice-12.md,CT Neuro CTV (Venography) (Philips – 16-slice),ct,0,missing,missing,,missing_sources; missing_processing; missing_adaptations; source_verification_missing; medical_review_missing
ct/abdomen/ct-mdct-neuro-ctv-venography-philips-40slice-12.md,CT Neuro CTV (Venography) (Philips – 40-slice),ct,0,missing,missing,,missing_sources; missing_processing; missing_adaptations; source_verification_missing; medical_review_missing
ct/abdomen/ct-mdct-neuro-ctv-venography-philips-64slice-10.md,CT Neuro CTV (Venography) (Philips – 64-slice),ct,0,missing,missing,,missing_sources; missing_processing; missing_adaptations; source_verification_missing; medical_review_missing
ct/abdomen/ct-mdct-neuro-ctv-venography-philips-64slice-9.md,CT Neuro CTV (Venography) (Philips – 64-slice),ct,0,missing,missing,,missing_sources; missing_processing; missing_adaptations; source_verification_missing; medical_review_missing
ct/abdomen/ct-mdct-neuro-ctv-venography-siemens-sensation-16-13.md,CT Neuro CTV (Venography) (Siemens – Sensation 16),ct,0,missing,missing,,missing_sources; missing_processing; missing_adaptations; source_verification_missing; medical_review_missing
ct/abdomen/ct-mdct-neuro-ctv-venography-siemens-sensation-64-13.md,CT Neuro CTV (Venography) (Siemens – Sensation 64),ct,0,missing,missing,,missing_sources; missing_processing; missing_adaptations; source_verification_missing; medical_review_missing
ct/abdomen/ct-mdct-neuro-ctv-venography-siemens-volume-zoom-4slice-13.md,CT Neuro CTV (Venography) (Siemens – Volume Zoom 4-slice),ct,0,missing,missing,,missing_sources; missing_processing; missing_adaptations; source_verification_missing; medical_review_missing
ct/abdomen/ct-mdct-nissen-fundo-philips-256-slice-8.md,CT Nissen Fundo (Philips – 256-slice),ct,0,missing,missing,,missing_sources; missing_processing; missing_adaptations; source_verification_missing; medical_review_missing
ct/abdomen/ct-mdct-nissen-fundo-philips-40-slice-7.md,CT Nissen Fundo (Philips – 40-slice),ct,0,missing,missing,,missing_sources; missing_processing; missing_adaptations; source_verification_missing; medical_review_missing
ct/abdomen/ct-mdct-nissen-fundo-philips-64-slice-8.md,CT Nissen Fundo (Philips – 64-slice),ct,0,missing,missing,,missing_sources; missing_processing; missing_adaptations; source_verification_missing; medical_review_missing
ct/abdomen/ct-mdct-pancreas-multiphasic-ge-discovery-ct750-hd-8.md,CT Pancreas (Multiphasic) (GE – Discovery CT750 HD),ct,0,missing,missing,,missing_sources; missing_processing; missing_adaptations; source_verification_missing; medical_review_missing
ct/abdomen/ct-mdct-pancreas-multiphasic-ge-lightspeed-qx-i-4-slice-6.md,CT Pancreas (Multiphasic) (GE – LightSpeed QX/i 4-slice),ct,0,missing,missing,,missing_sources; missing_processing; missing_adaptations; source_verification_missing; medical_review_missing
ct/abdomen/ct-mdct-pancreas-multiphasic-ge-lightspeed-vct-64-slice-8.md,CT Pancreas (Multiphasic) (GE – LightSpeed VCT 64-slice),ct,0,missing,missing,,missing_sources; missing_processing; missing_adaptations; source_verification_missing; medical_review_missing
ct/abdomen/ct-mdct-pancreas-multiphasic-philips-16slice-5.md,CT Pancreas (Multiphasic) (Philips – 16-slice),ct,0,missing,missing,,missing_sources; missing_processing; missing_adaptations; source_verification_missing; medical_review_missing
ct/abdomen/ct-mdct-pancreas-multiphasic-philips-256-slice-9.md,CT Pancreas (Multiphasic) (Philips – 256-slice),ct,0,missing,missing,,missing_sources; missing_processing; missing_adaptations; source_verification_missing; medical_review_missing
ct/abdomen/ct-mdct-pancreas-multiphasic-philips-4slice-5.md,CT Pancreas (Multiphasic) (Philips – 4-slice),ct,0,missing,missing,,missing_sources; missing_processing; missing_adaptations; source_verification_missing; medical_review_missing
ct/abdomen/ct-mdct-pancreas-multiphasic-philips-64slice-4.md,CT Pancreas (Multiphasic) (Philips – 64-slice),ct,0,missing,missing,,missing_sources; missing_processing; missing_adaptations; source_verification_missing; medical_review_missing
ct/abdomen/ct-mdct-pancreas-multiphasic-toshiba-aquilionone-5.md,CT Pancreas (Multiphasic) (Canon – Toshiba – AquilionOne),ct,0,missing,missing,,missing_sources; missing_processing; missing_adaptations; source_verification_missing; medical_review_missing
ct/abdomen/ct-mdct-pancreas-scanner-not-specified-model-not-specified-36.md,CT Pancreas (Ductal Adenocarcinoma),ct,0,missing,missing,,missing_sources; missing_processing; missing_adaptations; source_verification_missing; medical_review_missing
ct/abdomen/ct-mdct-pancreas-scanner-not-specified-model-not-specified-37.md,CT Pancreas (Serous Cystic Neoplasm),ct,0,missing,missing,,missing_sources; missing_processing; missing_adaptations; source_verification_missing; medical_review_missing
ct/abdomen/ct-mdct-pancreas-scanner-not-specified-model-not-specified-38.md,CT Pancreas (Intraductal Papillary Mucinous Neoplasm (IPMN)),ct,0,missing,missing,,missing_sources; missing_processing; missing_adaptations; source_verification_missing; medical_review_missing
ct/abdomen/ct-mdct-peritoneum-scanner-not-specified-model-not-specified-49.md,CT Peritoneum (Carcinomatosis from Malignant Ovarian Cancer),ct,0,missing,missing,,missing_sources; missing_processing; missing_adaptations; source_verification_missing; medical_review_missing
ct/abdomen/ct-mdct-prostate-scanner-not-specified-model-not-specified-56.md,CT Prostate (CT Perfusion),ct,0,missing,missing,,missing_sources; missing_processing; missing_adaptations; source_verification_missing; medical_review_missing
ct/abdomen/ct-mdct-renal-mass-philips-40-slice-9.md,CT Renal Mass (Philips – 40-slice),ct,0,missing,missing,,missing_sources; missing_processing; missing_adaptations; source_verification_missing; medical_review_missing
ct/abdomen/ct-mdct-renal-mass-philips-64-slice-10.md,CT Renal Mass (Philips – 64-slice),ct,0,missing,missing,,missing_sources; missing_processing; missing_adaptations; source_verification_missing; medical_review_missing
ct/abdomen/ct-mdct-routine-abdomenpelvis-cap-philips-256-slice-12.md,CT Routine Abdomen/Pelvis (CAP) (Philips – 256-slice),ct,0,missing,missing,,missing_sources; missing_processing; missing_adaptations; source_verification_missing; medical_review_missing
ct/abdomen/ct-mdct-routine-abdomenpelvis-cap-philips-40-slice-10.md,CT Routine Abdomen/Pelvis (CAP) (Philips – 40-slice),ct,0,missing,missing,,missing_sources; missing_processing; missing_adaptations; source_verification_missing; medical_review_missing
ct/abdomen/ct-mdct-routine-abdomenpelvis-cap-philips-64-slice-11.md,CT Routine Abdomen/Pelvis (CAP) (Philips – 64-slice),ct,0,missing,missing,,missing_sources; missing_processing; missing_adaptations; source_verification_missing; medical_review_missing
ct/abdomen/ct-mdct-small-bowel-scanner-not-specified-model-not-specified-41.md,CT Small Bowel (Crohn’s Disease of the Terminal Ileum),ct,0,missing,missing,,missing_sources; missing_processing; missing_adaptations; source_verification_missing; medical_review_missing
ct/abdomen/ct-mdct-small-bowel-scanner-not-specified-model-not-specified-42.md,CT Small Bowel (Gastrointestinal stromal tumor (GIST)),ct,0,missing,missing,,missing_sources; missing_processing; missing_adaptations; source_verification_missing; medical_review_missing
ct/abdomen/ct-mdct-stomach-scanner-not-specified-model-not-specified-40.md,CT Stomach (Adenocarcinoma),ct,0,missing,missing,,missing_sources; missing_processing; missing_adaptations; source_verification_missing; medical_review_missing
ct/abdomen/ct-mdct-trauma-admission-cap-or-ap-philips-256-slice-13.md,CT Trauma Admission CAP or AP (Philips – 256-slice),ct,0,missing,missing,,missing_sources; missing_processing; missing_adaptations; source_verification_missing; medical_review_missing
ct/abdomen/ct-mdct-trauma-admission-cap-or-ap-philips-40-slice-11.md,CT Trauma Admission CAP or AP (Philips – 40-slice),ct,0,missing,missing,,missing_sources; missing_processing; missing_adaptations; source_verification_missing; medical_review_missing
ct/abdomen/ct-mdct-trauma-admission-cap-or-ap-philips-64-slice-12.md,CT Trauma Admission CAP or AP (Philips – 64-slice),ct,0,missing,missing,,missing_sources; missing_processing; missing_adaptations; source_verification_missing; medical_review_missing
ct/abdomen/ct-mdct-trauma-shan-scan-philips-256-slice-14.md,CT Trauma Shan Scan (Philips – 256-slice),ct,0,missing,missing,,missing_sources; missing_processing; missing_adaptations; source_verification_missing; medical_review_missing
ct/abdomen/ct-mdct-trauma-shan-scan-philips-64-slice-13.md,CT Trauma Shan Scan (Philips – 64-slice),ct,0,missing,missing,,missing_sources; missing_processing; missing_adaptations; source_verification_missing; medical_review_missing
ct/abdomen/ct-mdct-unenhanced-abdomenpelvis-cap-philips-256-slice-15.md,CT Unenhanced Abdomen/Pelvis (CAP) (Philips – 256-slice),ct,0,missing,missing,,missing_sources; missing_processing; missing_adaptations; source_verification_missing; medical_review_missing
ct/abdomen/ct-mdct-unenhanced-abdomenpelvis-cap-philips-64-slice-14.md,CT Unenhanced Abdomen/Pelvis (CAP) (Philips – 64-slice),ct,0,missing,missing,,missing_sources; missing_processing; missing_adaptations; source_verification_missing; medical_review_missing
ct/abdomen/ct-mdct-urinary-tract-scanner-not-specified-model-not-specified-53.md,CT Urinary Tract (CT Urography),ct,0,missing,missing,,missing_sources; missing_processing; missing_adaptations; source_verification_missing; medical_review_missing
ct/abdomen/ct-mdct-urinary-tract-scanner-not-specified-model-not-specified-54.md,CT Urinary Tract (Low-dose CT for Urolithiasis),ct,0,missing,missing,,missing_sources; missing_processing; missing_adaptations; source_verification_missing; medical_review_missing
ct/abdomen/ct-mdct-urogram-3-phase-philips-256-slice-16.md,CT Urogram (3 Phase) (Philips – 256-slice),ct,0,missing,missing,,missing_sources; missing_processing; missing_adaptations; source_verification_missing; medical_review_missing
ct/abdomen/ct-mdct-urogram-3-phase-philips-64-slice-15.md,CT Urogram (3 Phase) (Philips – 64-slice),ct,0,missing,missing,,missing_sources; missing_processing; missing_adaptations; source_verification_missing; medical_review_missing
ct/abdomen/ct-mdct-urogram-split-bolus-2-phase-philips-256-slice-17.md,CT Urogram-Split Bolus (2 Phase) (Philips – 256-slice),ct,0,missing,missing,,missing_sources; missing_processing; missing_adaptations; source_verification_missing; medical_review_missing
ct/abdomen/ct-mdct-urogram-split-bolus-2-phase-philips-64-slice-16.md,CT Urogram-Split Bolus (2 Phase) (Philips – 64-slice),ct,0,missing,missing,,missing_sources; missing_processing; missing_adaptations; source_verification_missing; medical_review_missing
ct/abdomen/ct-mdct-urography-siemens-sensation-16-6.md,CT Urography (Siemens – Sensation 16),ct,0,missing,missing,,missing_sources; missing_processing; missing_adaptations; source_verification_missing; medical_review_missing
ct/abdomen/ct-mdct-urography-siemens-sensation-64-6.md,CT Urography (Siemens – Sensation 64),ct,0,missing,missing,,missing_sources; missing_processing; missing_adaptations; source_verification_missing; medical_review_missing
ct/abdomen/ct-mdct-urography-siemens-volume-zoom-4slice-6.md,CT Urography (Siemens – Volume Zoom 4-slice),ct,0,missing,missing,,missing_sources; missing_processing; missing_adaptations; source_verification_missing; medical_review_missing
ct/abdomen/ct-mdct-urography-toshiba-aquilion-16-5.md,CT Urography (Canon – Toshiba – Aquilion 16),ct,0,missing,missing,,missing_sources; missing_processing; missing_adaptations; source_verification_missing; medical_review_missing
ct/abdomen/ct-mdct-urography-toshiba-aquilion-16-6.md,CT Urography (Canon – Toshiba – Aquilion 16),ct,0,missing,missing,,missing_sources; missing_processing; missing_adaptations; source_verification_missing; medical_review_missing
ct/abdomen/ct-mdct-urography-toshiba-aquilion-8-5.md,CT Urography (Canon – Toshiba – Aquilion 8),ct,0,missing,missing,,missing_sources; missing_processing; missing_adaptations; source_verification_missing; medical_review_missing
ct/abdomen/ct-mdct-urography-toshiba-aquilion-8-6.md,CT Urography (Canon – Toshiba – Aquilion 8),ct,0,missing,missing,,missing_sources; missing_processing; missing_adaptations; source_verification_missing; medical_review_missing
ct/abdomen/ct-mdct-urography-toshiba-aquilion-super-4-5.md,CT Urography (Canon – Toshiba – Aquilion Super 4),ct,0,missing,missing,,missing_sources; missing_processing; missing_adaptations; source_verification_missing; medical_review_missing
ct/abdomen/ct-mdct-urography-toshiba-aquilion-super-4-6.md,CT Urography (Canon – Toshiba – Aquilion Super 4),ct,0,missing,missing,,missing_sources; missing_processing; missing_adaptations; source_verification_missing; medical_review_missing
ct/abdomen/ct-mdct-urolithiasis-renal-stone-ge-discovery-ct750-hd-9.md,CT Urolithiasis (Renal Stone) (GE – Discovery CT750 HD),ct,0,missing,missing,,missing_sources; missing_processing; missing_adaptations; source_verification_missing; medical_review_missing
ct/abdomen/ct-mdct-urolithiasis-renal-stone-ge-lightspeed-16slice-5.md,CT Urolithiasis (Renal Stone) (GE – LightSpeed 16-slice),ct,0,missing,missing,,missing_sources; missing_processing; missing_adaptations; source_verification_missing; medical_review_missing
ct/abdomen/ct-mdct-urolithiasis-renal-stone-ge-lightspeed-16slice-6.md,CT Urolithiasis (Renal Stone) (GE – LightSpeed 16-slice),ct,0,missing,missing,,missing_sources; missing_processing; missing_adaptations; source_verification_missing; medical_review_missing
ct/abdomen/ct-mdct-urolithiasis-renal-stone-ge-lightspeed-64slice-6.md,CT Urolithiasis (Renal Stone) (GE – LightSpeed 64-slice),ct,0,missing,missing,,missing_sources; missing_processing; missing_adaptations; source_verification_missing; medical_review_missing
ct/abdomen/ct-mdct-urolithiasis-renal-stone-ge-lightspeed-qx-i-4-slice-7.md,CT Urolithiasis (Renal Stone) (GE – LightSpeed QX/i 4-slice),ct,0,missing,missing,,missing_sources; missing_processing; missing_adaptations; source_verification_missing; medical_review_missing
ct/abdomen/ct-mdct-urolithiasis-renal-stone-ge-lightspeed-qxi-4slice-5.md,CT Urolithiasis (Renal Stone) (GE – LightSpeed QX/i 4-slice),ct,0,missing,missing,,missing_sources; missing_processing; missing_adaptations; source_verification_missing; medical_review_missing
ct/abdomen/ct-mdct-urolithiasis-renal-stone-ge-lightspeed-qxi-4slice-6.md,CT Urolithiasis (Renal Stone) (GE – LightSpeed QX/i 4-slice),ct,0,missing,missing,,missing_sources; missing_processing; missing_adaptations; source_verification_missing; medical_review_missing
ct/abdomen/ct-mdct-urolithiasis-renal-stone-ge-lightspeed-ultra-8slice-5.md,CT Urolithiasis (Renal Stone) (GE – LightSpeed Ultra 8-slice),ct,0,missing,missing,,missing_sources; missing_processing; missing_adaptations; source_verification_missing; medical_review_missing
ct/abdomen/ct-mdct-urolithiasis-renal-stone-ge-lightspeed-ultra-8slice-6.md,CT Urolithiasis (Renal Stone) (GE – LightSpeed Ultra 8-slice),ct,0,missing,missing,,missing_sources; missing_processing; missing_adaptations; source_verification_missing; medical_review_missing
ct/abdomen/ct-mdct-urolithiasis-renal-stone-ge-lightspeed-vct-64-slice-9.md,CT Urolithiasis (Renal Stone) (GE – LightSpeed VCT 64-slice),ct,0,missing,missing,,missing_sources; missing_processing; missing_adaptations; source_verification_missing; medical_review_missing
ct/abdomen/ct-mdct-urolithiasis-renal-stone-philips-16slice-6.md,CT Urolithiasis (Renal Stone) (Philips – 16-slice),ct,0,missing,missing,,missing_sources; missing_processing; missing_adaptations; source_verification_missing; medical_review_missing
ct/abdomen/ct-mdct-urolithiasis-renal-stone-philips-256-slice-18.md,CT Urolithiasis (Renal Stone) (Philips – 256-slice),ct,0,missing,missing,,missing_sources; missing_processing; missing_adaptations; source_verification_missing; medical_review_missing
ct/abdomen/ct-mdct-urolithiasis-renal-stone-philips-40slice-6.md,CT Urolithiasis (Renal Stone) (Philips – 40-slice),ct,0,missing,missing,,missing_sources; missing_processing; missing_adaptations; source_verification_missing; medical_review_missing
ct/abdomen/ct-mdct-urolithiasis-renal-stone-philips-4slice-6.md,CT Urolithiasis (Renal Stone) (Philips – 4-slice),ct,0,missing,missing,,missing_sources; missing_processing; missing_adaptations; source_verification_missing; medical_review_missing
ct/abdomen/ct-mdct-urolithiasis-renal-stone-philips-64slice-5.md,CT Urolithiasis (Renal Stone) (Philips – 64-slice),ct,0,missing,missing,,missing_sources; missing_processing; missing_adaptations; source_verification_missing; medical_review_missing
ct/abdomen/ct-mdct-urolithiasis-renal-stone-siemens-sensation-16-7.md,CT Urolithiasis (Renal Stone) (Siemens – Sensation 16),ct,0,missing,missing,,missing_sources; missing_processing; missing_adaptations; source_verification_missing; medical_review_missing
ct/abdomen/ct-mdct-urolithiasis-renal-stone-siemens-sensation-64-7.md,CT Urolithiasis (Renal Stone) (Siemens – Sensation 64),ct,0,missing,missing,,missing_sources; missing_processing; missing_adaptations; source_verification_missing; medical_review_missing
ct/abdomen/ct-mdct-urolithiasis-renal-stone-siemens-volume-zoom-4slice-7.md,CT Urolithiasis (Renal Stone) (Siemens – Volume Zoom 4-slice),ct,0,missing,missing,,missing_sources; missing_processing; missing_adaptations; source_verification_missing; medical_review_missing
ct/abdomen/ct-mdct-urolithiasis-renal-stone-toshiba-aquilion-16-7.md,CT Urolithiasis (Renal Stone) (Canon – Toshiba – Aquilion 16),ct,0,missing,missing,,missing_sources; missing_processing; missing_adaptations; source_verification_missing; medical_review_missing
ct/abdomen/ct-mdct-urolithiasis-renal-stone-toshiba-aquilion-32-7.md,CT Urolithiasis (Renal Stone) (Canon – Toshiba – Aquilion 32),ct,0,missing,missing,,missing_sources; missing_processing; missing_adaptations; source_verification_missing; medical_review_missing
ct/abdomen/ct-mdct-urolithiasis-renal-stone-toshiba-aquilion-64-7.md,CT Urolithiasis (Renal Stone) (Canon – Toshiba – Aquilion 64),ct,0,missing,missing,,missing_sources; missing_processing; missing_adaptations; source_verification_missing; medical_review_missing
ct/abdomen/ct-mdct-urolithiasis-renal-stone-toshiba-aquilion-8-7.md,CT Urolithiasis (Renal Stone) (Canon – Toshiba – Aquilion 8),ct,0,missing,missing,,missing_sources; missing_processing; missing_adaptations; source_verification_missing; medical_review_missing
ct/abdomen/ct-mdct-urolithiasis-renal-stone-toshiba-aquilion-super-4-7.md,CT Urolithiasis (Renal Stone) (Canon – Toshiba – Aquilion Super 4),ct,0,missing,missing,,missing_sources; missing_processing; missing_adaptations; source_verification_missing; medical_review_missing
ct/abdomen/ct-mdct-urolithiasis-renal-stone-toshiba-aquilionone-7.md,CT Urolithiasis (Renal Stone) (Canon – Toshiba – AquilionOne),ct,0,missing,missing,,missing_sources; missing_processing; missing_adaptations; source_verification_missing; medical_review_missing
ct/abdomen/ct-mdct-virtual-colonoscopy-ge-lightspeed-vct-64-slice-10.md,CT Virtual Colonoscopy (GE – LightSpeed VCT 64-slice),ct,0,missing,missing,,missing_sources; missing_processing; missing_adaptations; source_verification_missing; medical_review_missing
ct/abdomen/ct-multiphase-liver-ohsu.md,CT Ficat Multifazic Triphasic (Protocol OHSU),ct,0,missing,missing,,missing_sources; missing_processing; missing_adaptations; source_verification_missing; medical_review_missing
ct/abdomen/ct-multiphase-pancreas-ohsu.md,CT Pancreas Multifazic (Protocol OHSU),ct,0,missing,missing,,missing_sources; missing_processing; missing_adaptations; source_verification_missing; medical_review_missing
ct/abdomen/ct-renal-colic-ohsu.md,CT Colică Renală / Litiază Nativ Low-Dose (Protocol OHSU),ct,0,missing,missing,,missing_sources; missing_processing; missing_adaptations; source_verification_missing; medical_review_missing
ct/abdomen/ct-renal-mass-ohsu.md,CT Masă Renală / Protocol Rinichi Multifazic (Protocol OHSU),ct,0,missing,missing,,missing_sources; missing_processing; missing_adaptations; source_verification_missing; medical_review_missing
ct/abdomen/ct-renal-mass-protocol.md,CT Protocol Masă Renală (Multifazic),ct,2,missing,missing,,missing_source_locator; missing_source_version; missing_source_relationship; missing_processing; missing_adaptations; source_verification_missing; medical_review_missing
ct/abdomen/ct-triple-phase-liver.md,CT Ficat Trifazic (Protocol Carcinom Hepatocelular / Masă Hepatică),ct,2,missing,missing,,missing_source_locator; missing_source_version; missing_source_relationship; missing_processing; missing_adaptations; source_verification_missing; medical_review_missing
ct/abdomen/ct-urogram-ohsu.md,CT Urografie / Evaluare Hematurie (Protocol OHSU),ct,0,missing,missing,,missing_sources; missing_processing; missing_adaptations; source_verification_missing; medical_review_missing
ct/cardiac/calcium-score.md,CT Scor de Calciu Coronarian (Scor Agatston),ct,2,missing,missing,,missing_source_locator; missing_source_version; missing_source_relationship; missing_processing; missing_adaptations; source_verification_missing; medical_review_missing
ct/cardiac/coronary-cta-post-cabg.md,Angio-CT Coronarian Post-By-pass Aorto-Coronarian (Post-CABG),ct,2,missing,missing,,missing_source_locator; missing_source_version; missing_source_relationship; missing_processing; missing_adaptations; source_verification_missing; medical_review_missing
ct/cardiac/coronary-cta.md,Angio-CT Coronarian (Coronarografie CT),ct,2,missing,missing,,missing_source_locator; missing_source_version; missing_source_relationship; missing_processing; missing_adaptations; source_verification_missing; medical_review_missing
ct/cardiac/ct-mdct-aortic-dissection-toshiba-aquilion-16-cfx-3.md,CT Aortic dissection (Canon – Toshiba – Aquilion 16 CFX),ct,0,missing,missing,,missing_sources; missing_processing; missing_adaptations; source_verification_missing; medical_review_missing
ct/cardiac/ct-mdct-aortic-dissection-toshiba-aquilion-64-cfx-10.md,CT Aortic dissection (Canon – Toshiba – Aquilion 64 CFX),ct,0,missing,missing,,missing_sources; missing_processing; missing_adaptations; source_verification_missing; medical_review_missing
ct/cardiac/ct-mdct-ascending-aorta-body-area-not-speci-scanner-not-specified-model-not-specified-80.md,"CT Ascending Aorta, Body Area Not Specified, Heart, Thoracic Aorta, Thoracoabdominal Aorta (Aortic Dissection Type A)",ct,0,missing,missing,,missing_sources; missing_processing; missing_adaptations; source_verification_missing; medical_review_missing
ct/cardiac/ct-mdct-body-area-not-specified-coronary-ar-scanner-not-specified-model-not-specified-65.md,"CT Body Area Not Specified, Coronary Arteries (Coronary Artery Anomaly)",ct,0,missing,missing,,missing_sources; missing_processing; missing_adaptations; source_verification_missing; medical_review_missing
ct/cardiac/ct-mdct-body-area-not-specified-coronary-by-scanner-not-specified-model-not-specified-71.md,"CT Body Area Not Specified, Coronary Bypass Graft, Heart (Aneurysm of an Aorto-coronary Venous Graft)",ct,0,missing,missing,,missing_sources; missing_processing; missing_adaptations; source_verification_missing; medical_review_missing
ct/cardiac/ct-mdct-body-area-not-specified-coronary-by-scanner-not-specified-model-not-specified-72.md,"CT Body Area Not Specified, Coronary Bypass Graft, Heart (Double Bypass)",ct,0,missing,missing,,missing_sources; missing_processing; missing_adaptations; source_verification_missing; medical_review_missing
ct/cardiac/ct-mdct-body-area-not-specified-coronary-by-scanner-not-specified-model-not-specified-73.md,"CT Body Area Not Specified, Coronary Bypass Graft, Thoracic Aorta (Triple Bypass)",ct,0,missing,missing,,missing_sources; missing_processing; missing_adaptations; source_verification_missing; medical_review_missing
ct/cardiac/ct-mdct-body-area-not-specified-scanner-not-specified-model-not-specified-63.md,CT Body Area Not Specified (Bicuspid Aortic Valve),ct,0,missing,missing,,missing_sources; missing_processing; missing_adaptations; source_verification_missing; medical_review_missing
ct/cardiac/ct-mdct-body-area-not-specified-scanner-not-specified-model-not-specified-78.md,CT Body Area Not Specified (Post-traumatic Thoracic Aorta Aneurysm (with Cardiac Gating)),ct,0,missing,missing,,missing_sources; missing_processing; missing_adaptations; source_verification_missing; medical_review_missing
ct/cardiac/ct-mdct-body-area-not-specified-thoracic-ao-scanner-not-specified-model-not-specified-79.md,"CT Body Area Not Specified, Thoracic Aorta, Thoracoabdominal Aorta (Perforating Ulcer of the Thoracic Aorta (without Cardiac Gating))",ct,0,missing,missing,,missing_sources; missing_processing; missing_adaptations; source_verification_missing; medical_review_missing
ct/cardiac/ct-mdct-coronaries-prospective-philips-256-slice-32.md,CT Coronaries Prospective (Philips – 256-slice),ct,0,missing,missing,,missing_sources; missing_processing; missing_adaptations; source_verification_missing; medical_review_missing
ct/cardiac/ct-mdct-coronaries-prospective-philips-64-slice-31.md,CT Coronaries Prospective (Philips – 64-slice),ct,0,missing,missing,,missing_sources; missing_processing; missing_adaptations; source_verification_missing; medical_review_missing
ct/cardiac/ct-mdct-coronaries-retrospective-philips-256-slice-33.md,CT Coronaries Retrospective (Philips – 256-slice),ct,0,missing,missing,,missing_sources; missing_processing; missing_adaptations; source_verification_missing; medical_review_missing
ct/cardiac/ct-mdct-coronaries-retrospective-philips-40-slice-22.md,CT Coronaries Retrospective (Philips – 40-slice),ct,0,missing,missing,,missing_sources; missing_processing; missing_adaptations; source_verification_missing; medical_review_missing
ct/cardiac/ct-mdct-coronaries-retrospective-philips-64-slice-32.md,CT Coronaries Retrospective (Philips – 64-slice),ct,0,missing,missing,,missing_sources; missing_processing; missing_adaptations; source_verification_missing; medical_review_missing
ct/cardiac/ct-mdct-coronary-arteries-ecg-gating-ge-lightspeed-qx-i-4-slice-20.md,CT Coronary Arteries (ECG Gating) (GE – LightSpeed QX/i 4-slice),ct,0,missing,missing,,missing_sources; missing_processing; missing_adaptations; source_verification_missing; medical_review_missing
ct/cardiac/ct-mdct-coronary-arteries-ge-lightspeed-16slice-15.md,CT Coronary Arteries (GE – LightSpeed 16-slice),ct,0,missing,missing,,missing_sources; missing_processing; missing_adaptations; source_verification_missing; medical_review_missing
ct/cardiac/ct-mdct-coronary-arteries-ge-lightspeed-pro-16slice-1.md,CT Coronary Arteries (GE – LightSpeed Pro 16-slice),ct,0,missing,missing,,missing_sources; missing_processing; missing_adaptations; source_verification_missing; medical_review_missing
ct/cardiac/ct-mdct-coronary-arteries-ge-lightspeed-qxi-4slice-15.md,CT Coronary Arteries (GE – LightSpeed QX/i 4-slice),ct,0,missing,missing,,missing_sources; missing_processing; missing_adaptations; source_verification_missing; medical_review_missing
ct/cardiac/ct-mdct-coronary-arteries-ge-lightspeed-ultra-8slice-15.md,CT Coronary Arteries (GE – LightSpeed Ultra 8-slice),ct,0,missing,missing,,missing_sources; missing_processing; missing_adaptations; source_verification_missing; medical_review_missing
ct/cardiac/ct-mdct-coronary-arteries-ge-lightspeed-vct-64slice-12.md,CT Coronary Arteries (GE – LightSpeed VCT 64-slice),ct,0,missing,missing,,missing_sources; missing_processing; missing_adaptations; source_verification_missing; medical_review_missing
ct/cardiac/ct-mdct-coronary-arteries-heart-ge-64-slice-discovery-ct750-hd-2.md,"CT Coronary Arteries, Heart (GE 64-slice Discovery CT750 HD)",ct,0,missing,missing,,missing_sources; missing_processing; missing_adaptations; source_verification_missing; medical_review_missing
ct/cardiac/ct-mdct-coronary-arteries-heart-ge-lightspeed-vct-64-slice-26.md,"CT Coronary Arteries, Heart (GE – LightSpeed VCT 64-slice)",ct,0,missing,missing,,missing_sources; missing_processing; missing_adaptations; source_verification_missing; medical_review_missing
ct/cardiac/ct-mdct-coronary-arteries-heart-ge-lightspeed-vct-64slice-14.md,"CT Coronary Arteries, Heart (GE – LightSpeed VCT 64-slice)",ct,0,missing,missing,,missing_sources; missing_processing; missing_adaptations; source_verification_missing; medical_review_missing
ct/cardiac/ct-mdct-coronary-arteries-heart-ge-lightspeed-vct-64slice-9.md,"CT Coronary Arteries, Heart (GE – LightSpeed VCT 64-slice)",ct,0,missing,missing,,missing_sources; missing_processing; missing_adaptations; source_verification_missing; medical_review_missing
ct/cardiac/ct-mdct-coronary-arteries-heart-retrospecti-philips-128-slice-9.md,"CT Coronary Arteries, Heart Retrospective (Philips – 128-slice)",ct,0,missing,missing,,missing_sources; missing_processing; missing_adaptations; source_verification_missing; medical_review_missing
ct/cardiac/ct-mdct-coronary-arteries-heart-toshiba-aquilionone-12.md,"CT Coronary Arteries, Heart (Canon – Toshiba – AquilionOne)",ct,0,missing,missing,,missing_sources; missing_processing; missing_adaptations; source_verification_missing; medical_review_missing
ct/cardiac/ct-mdct-coronary-arteries-philips-128-slice-7.md,CT Coronary Arteries (Philips – 128-slice),ct,0,missing,missing,,missing_sources; missing_processing; missing_adaptations; source_verification_missing; medical_review_missing
ct/cardiac/ct-mdct-coronary-arteries-philips-128-slice-8.md,CT Coronary Arteries (Philips – 128-slice),ct,0,missing,missing,,missing_sources; missing_processing; missing_adaptations; source_verification_missing; medical_review_missing
ct/cardiac/ct-mdct-coronary-arteries-philips-16slice-17.md,CT Coronary Arteries (Philips – 16-slice),ct,0,missing,missing,,missing_sources; missing_processing; missing_adaptations; source_verification_missing; medical_review_missing
ct/cardiac/ct-mdct-coronary-arteries-philips-16slice-18.md,CT Coronary Arteries (Philips – 16-slice),ct,0,missing,missing,,missing_sources; missing_processing; missing_adaptations; source_verification_missing; medical_review_missing
ct/cardiac/ct-mdct-coronary-arteries-philips-40slice-16.md,CT Coronary Arteries (Philips – 40-slice),ct,0,missing,missing,,missing_sources; missing_processing; missing_adaptations; source_verification_missing; medical_review_missing
ct/cardiac/ct-mdct-coronary-arteries-philips-40slice-17.md,CT Coronary Arteries (Philips – 40-slice),ct,0,missing,missing,,missing_sources; missing_processing; missing_adaptations; source_verification_missing; medical_review_missing
ct/cardiac/ct-mdct-coronary-arteries-philips-4slice-8.md,CT Coronary Arteries (Philips – 4-slice),ct,0,missing,missing,,missing_sources; missing_processing; missing_adaptations; source_verification_missing; medical_review_missing
ct/cardiac/ct-mdct-coronary-arteries-philips-4slice-9.md,CT Coronary Arteries (Philips – 4-slice),ct,0,missing,missing,,missing_sources; missing_processing; missing_adaptations; source_verification_missing; medical_review_missing
ct/cardiac/ct-mdct-coronary-arteries-philips-ict-256-slices-5.md,CT Coronary Arteries (Philips – iCT 256 slices),ct,0,missing,missing,,missing_sources; missing_processing; missing_adaptations; source_verification_missing; medical_review_missing
ct/cardiac/ct-mdct-coronary-arteries-siemens-sensation-16-19.md,CT Coronary Arteries (Siemens – Sensation 16),ct,0,missing,missing,,missing_sources; missing_processing; missing_adaptations; source_verification_missing; medical_review_missing
ct/cardiac/ct-mdct-coronary-arteries-siemens-sensation-16-20.md,CT Coronary Arteries (Siemens – Sensation 16),ct,0,missing,missing,,missing_sources; missing_processing; missing_adaptations; source_verification_missing; medical_review_missing
ct/cardiac/ct-mdct-coronary-arteries-siemens-sensation-64-19.md,CT Coronary Arteries (Siemens – Sensation 64),ct,0,missing,missing,,missing_sources; missing_processing; missing_adaptations; source_verification_missing; medical_review_missing
ct/cardiac/ct-mdct-coronary-arteries-siemens-sensation-64-20.md,CT Coronary Arteries (Siemens – Sensation 64),ct,0,missing,missing,,missing_sources; missing_processing; missing_adaptations; source_verification_missing; medical_review_missing
ct/cardiac/ct-mdct-coronary-arteries-siemens-volume-zoom-4slice-19.md,CT Coronary Arteries (Siemens – Volume Zoom 4-slice),ct,0,missing,missing,,missing_sources; missing_processing; missing_adaptations; source_verification_missing; medical_review_missing
ct/cardiac/ct-mdct-coronary-arteries-siemens-volume-zoom-4slice-20.md,CT Coronary Arteries (Siemens – Volume Zoom 4-slice),ct,0,missing,missing,,missing_sources; missing_processing; missing_adaptations; source_verification_missing; medical_review_missing
ct/cardiac/ct-mdct-coronary-arteries-toshiba-aquilion-16-16.md,CT Coronary Arteries (Toshiba – Aquilion 16),ct,0,missing,missing,,missing_sources; missing_processing; missing_adaptations; source_verification_missing; medical_review_missing
ct/cardiac/ct-mdct-coronary-arteries-toshiba-aquilion-16-17.md,CT Coronary Arteries (Toshiba – Aquilion 16),ct,0,missing,missing,,missing_sources; missing_processing; missing_adaptations; source_verification_missing; medical_review_missing
ct/cardiac/ct-mdct-coronary-arteries-toshiba-aquilion-32-16.md,CT Coronary Arteries (Toshiba – Aquilion 32),ct,0,missing,missing,,missing_sources; missing_processing; missing_adaptations; source_verification_missing; medical_review_missing
ct/cardiac/ct-mdct-coronary-arteries-toshiba-aquilion-32-17.md,CT Coronary Arteries (Toshiba – Aquilion 32),ct,0,missing,missing,,missing_sources; missing_processing; missing_adaptations; source_verification_missing; medical_review_missing
ct/cardiac/ct-mdct-coronary-arteries-toshiba-aquilion-64-cfx-2.md,CT Coronary Arteries (Toshiba – Aquilion 64 CFX),ct,0,missing,missing,,missing_sources; missing_processing; missing_adaptations; source_verification_missing; medical_review_missing
ct/cardiac/ct-mdct-coronary-arteries-toshiba-aquilion-64-cfx-3.md,CT Coronary Arteries (Toshiba – Aquilion 64 CFX),ct,0,missing,missing,,missing_sources; missing_processing; missing_adaptations; source_verification_missing; medical_review_missing
ct/cardiac/ct-mdct-coronary-artery-disease-toshiba-aquilion-64-cfx-11.md,CT Coronary Artery Disease (Toshiba – Aquilion 64 CFX),ct,0,missing,missing,,missing_sources; missing_processing; missing_adaptations; source_verification_missing; medical_review_missing
ct/cardiac/ct-mdct-coronary-bypass-graft-philips-128-slice-10.md,CT Coronary Bypass Graft (Philips – 128-slice),ct,0,missing,missing,,missing_sources; missing_processing; missing_adaptations; source_verification_missing; medical_review_missing
ct/cardiac/ct-mdct-coronary-bypass-graft-toshiba-aquilionone-13.md,CT Coronary Bypass Graft (Canon – Toshiba – AquilionOne),ct,0,missing,missing,,missing_sources; missing_processing; missing_adaptations; source_verification_missing; medical_review_missing
ct/cardiac/ct-mdct-heart-cabg-philips-256-slice-35.md,CT Heart-CABG (Philips – 256-slice),ct,0,missing,missing,,missing_sources; missing_processing; missing_adaptations; source_verification_missing; medical_review_missing
ct/cardiac/ct-mdct-heart-cabg-philips-40-slice-24.md,CT Heart-CABG (Philips – 40-slice),ct,0,missing,missing,,missing_sources; missing_processing; missing_adaptations; source_verification_missing; medical_review_missing
ct/cardiac/ct-mdct-heart-cabg-philips-64-slice-34.md,CT Heart-CABG (Philips – 64-slice),ct,0,missing,missing,,missing_sources; missing_processing; missing_adaptations; source_verification_missing; medical_review_missing
ct/cardiac/ct-mdct-heart-retrospective-philips-16-slice-13.md,CT Heart Retrospective (Philips – 16-slice),ct,0,missing,missing,,missing_sources; missing_processing; missing_adaptations; source_verification_missing; medical_review_missing
ct/cardiac/ct-mdct-heart-retrospective-philips-256-slice-34.md,CT Heart Retrospective (Philips – 256-slice),ct,0,missing,missing,,missing_sources; missing_processing; missing_adaptations; source_verification_missing; medical_review_missing
ct/cardiac/ct-mdct-heart-retrospective-philips-40-slice-23.md,CT Heart Retrospective (Philips – 40-slice),ct,0,missing,missing,,missing_sources; missing_processing; missing_adaptations; source_verification_missing; medical_review_missing
ct/cardiac/ct-mdct-heart-retrospective-philips-64-slice-33.md,CT Heart Retrospective (Philips – 64-slice),ct,0,missing,missing,,missing_sources; missing_processing; missing_adaptations; source_verification_missing; medical_review_missing
ct/cardiac/ct-mdct-neuro-cta-carotid-vascular-trauma-toshiba-aquilion-16-cfx-2.md,CT Neuro CTA-Carotid Vascular Trauma (Canon – Toshiba – Aquilion 16 CFX),ct,0,missing,missing,,missing_sources; missing_processing; missing_adaptations; source_verification_missing; medical_review_missing
ct/cardiac/ct-mdct-peripheral-artery-disease-run-off-v-toshiba-aquilion-64-cfx-5.md,"CT Peripheral Artery Disease, Run-Off Vessels (Toshiba – Aquilion 64 CFX)",ct,0,missing,missing,,missing_sources; missing_processing; missing_adaptations; source_verification_missing; medical_review_missing
ct/cardiac/ct-mdct-peripheral-artery-disease-toshiba-aquilion-64-cfx-4.md,CT Peripheral Artery Disease (Toshiba – Aquilion 64 CFX),ct,0,missing,missing,,missing_sources; missing_processing; missing_adaptations; source_verification_missing; medical_review_missing
ct/cardiac/ct-mdct-pulmonary-embolism-plus-deep-vein-t-toshiba-aquilion-64-cfx-7.md,CT Pulmonary Embolism plus Deep Vein Thrombosis (DVT) (Toshiba – Aquilion 64 CFX),ct,0,missing,missing,,missing_sources; missing_processing; missing_adaptations; source_verification_missing; medical_review_missing
ct/cardiac/ct-mdct-pulmonary-embolism-toshiba-aquilion-64-cfx-6.md,CT Pulmonary Embolism (Toshiba – Aquilion 64 CFX),ct,0,missing,missing,,missing_sources; missing_processing; missing_adaptations; source_verification_missing; medical_review_missing
ct/cardiac/ct-mdct-status-post-coronary-artery-bypass-ge-lightspeed-16-slice-11.md,CT Status Post Coronary Artery Bypass (GE – LightSpeed 16-slice),ct,0,missing,missing,,missing_sources; missing_processing; missing_adaptations; source_verification_missing; medical_review_missing
ct/cardiac/ct-mdct-status-post-coronary-artery-bypass-ge-lightspeed-qx-i-4-slice-26.md,CT Status Post Coronary Artery Bypass (GE – LightSpeed QX/i 4-slice),ct,0,missing,missing,,missing_sources; missing_processing; missing_adaptations; source_verification_missing; medical_review_missing
ct/cardiac/ct-mdct-status-post-coronary-artery-bypass-ge-lightspeed-ultra-8-slice-8.md,CT Status Post Coronary Artery Bypass (GE – LightSpeed Ultra 8-slice),ct,0,missing,missing,,missing_sources; missing_processing; missing_adaptations; source_verification_missing; medical_review_missing
ct/cardiac/ct-mdct-status-post-coronary-artery-bypass-ge-lightspeed-vct-64-slice-30.md,CT Status Post Coronary Artery Bypass (GE – LightSpeed VCT 64-slice),ct,0,missing,missing,,missing_sources; missing_processing; missing_adaptations; source_verification_missing; medical_review_missing
ct/cardiac/ct-mdct-thoracic-aorta-gated-toshiba-aquilion-16-cfx.md,CT Thoracic Aorta (Gated) (Toshiba – Aquilion 16 CFX),ct,0,missing,missing,,missing_sources; missing_processing; missing_adaptations; source_verification_missing; medical_review_missing
ct/cardiac/ct-mdct-thoracic-aorta-gated-toshiba-aquilion-64-cfx-1.md,CT Thoracic Aorta (Gated) (Toshiba – Aquilion 64 CFX),ct,0,missing,missing,,missing_sources; missing_processing; missing_adaptations; source_verification_missing; medical_review_missing
ct/cardiac/ct-mdct-thoracic-aorta-general-toshiba-aquilion-64-cfx-8.md,CT Thoracic Aorta (General) (Toshiba – Aquilion 64 CFX),ct,0,missing,missing,,missing_sources; missing_processing; missing_adaptations; source_verification_missing; medical_review_missing
ct/cardiac/ct-mdct-vascular-injury-trauma-toshiba-aquilion-64-cfx-9.md,CT Vascular Injury (Trauma) (Toshiba – Aquilion 64 CFX),ct,0,missing,missing,,missing_sources; missing_processing; missing_adaptations; source_verification_missing; medical_review_missing
ct/cardiac/endocarditiscardiac-mass.md,CT Sincronizat ECG pentru Endocardită / Masă Intracardiacă,ct,2,missing,missing,,missing_source_locator; missing_source_version; missing_source_relationship; missing_processing; missing_adaptations; source_verification_missing; medical_review_missing
ct/cardiac/gated-cta-cap-sternotomy-revision.md,Angio-CT Sincronizat ECG Torace-Abdomen-Pelvis (Bilanț Resternotomie),ct,2,missing,missing,,missing_source_locator; missing_source_version; missing_source_relationship; missing_processing; missing_adaptations; source_verification_missing; medical_review_missing
ct/cardiac/gated-cta-cap.md,Angio-CT Sincronizat ECG Torace-Abdomen-Pelvis (Aortă & Cord),ct,2,missing,missing,,missing_source_locator; missing_source_version; missing_source_relationship; missing_processing; missing_adaptations; source_verification_missing; medical_review_missing
ct/cardiac/gated-cta-chest-post-op-cardiac-valve.md,Angio-CT Torace Sincronizat ECG Post-Protezare Valvulară Cardiacă,ct,2,missing,missing,,missing_source_locator; missing_source_version; missing_source_relationship; missing_processing; missing_adaptations; source_verification_missing; medical_review_missing
ct/cardiac/gated-cta-chest.md,Angio-CT Torace Sincronizat ECG (Aortă Toracică),ct,2,missing,missing,,missing_source_locator; missing_source_version; missing_source_relationship; missing_processing; missing_adaptations; source_verification_missing; medical_review_missing
ct/cardiac/gated-cta-heart-left-atrial-mapping.md,Angio-CT Cardiac Sincronizat ECG Cartografiere Atriu Stâng & Vene Pulmonare,ct,2,missing,missing,,missing_source_locator; missing_source_version; missing_source_relationship; missing_processing; missing_adaptations; source_verification_missing; medical_review_missing
ct/cardiac/gated-cta-tavr.md,Angio-CT Sincronizat ECG Planificare TAVR (Implantare Valvulară Aortică Transcateter),ct,2,missing,missing,,missing_source_locator; missing_source_version; missing_source_relationship; missing_processing; missing_adaptations; source_verification_missing; medical_review_missing
ct/cardiac/gated-cta-tmvr.md,Angio-CT Sincronizat ECG Planificare TMVR (Implantare Valvulară Mitrală Transcateter),ct,2,missing,missing,,missing_source_locator; missing_source_version; missing_source_relationship; missing_processing; missing_adaptations; source_verification_missing; medical_review_missing
ct/cardiac/gated-cta-ttvr.md,Angio-CT Sincronizat ECG Planificare TTVR (Implantare Valvulară Tricuspidă Transcateter),ct,2,missing,missing,,missing_source_locator; missing_source_version; missing_source_relationship; missing_processing; missing_adaptations; source_verification_missing; medical_review_missing
ct/chest/ct-chest-hrct-expiratory-ohsu.md,HRCT Torace Inspir & Expir (Protocol OHSU),ct,0,missing,missing,,missing_sources; missing_processing; missing_adaptations; source_verification_missing; medical_review_missing
ct/chest/ct-chest-routine-w-wo-ohsu.md,CT Torace Nativ & cu Contrast (Protocol OHSU),ct,0,missing,missing,,missing_sources; missing_processing; missing_adaptations; source_verification_missing; medical_review_missing
ct/chest/ct-chest-through-liver-ohsu.md,CT Torace Extins prin Ficat cu Contrast (Protocol OHSU),ct,0,missing,missing,,missing_sources; missing_processing; missing_adaptations; source_verification_missing; medical_review_missing
ct/chest/ct-lung-screening-ohsu.md,CT Screening Noduli Pulmonari Low-Dose (Protocol OHSU),ct,0,missing,missing,,missing_sources; missing_processing; missing_adaptations; source_verification_missing; medical_review_missing
ct/chest/ct-mdct-body-area-not-specified-lung-scanner-not-specified-model-not-specified-18.md,"CT Body Area Not Specified, LUNG (Mosaic Oligoemia)",ct,0,missing,missing,,missing_sources; missing_processing; missing_adaptations; source_verification_missing; medical_review_missing
ct/chest/ct-mdct-body-area-not-specified-lung-scanner-not-specified-model-not-specified-27.md,"CT Body Area Not Specified, LUNG (COPD, Dual-Energy)",ct,0,missing,missing,,missing_sources; missing_processing; missing_adaptations; source_verification_missing; medical_review_missing
ct/chest/ct-mdct-body-area-not-specified-scanner-not-specified-model-not-specified-19.md,"CT Body Area Not Specified (Pulmonary Embolism, Standard Protocol)",ct,0,missing,missing,,missing_sources; missing_processing; missing_adaptations; source_verification_missing; medical_review_missing
ct/chest/ct-mdct-body-area-not-specified-scanner-not-specified-model-not-specified-20.md,"CT Body Area Not Specified (Pulmonary Embolism, CT Perfusion)",ct,0,missing,missing,,missing_sources; missing_processing; missing_adaptations; source_verification_missing; medical_review_missing
ct/chest/ct-mdct-body-area-not-specified-scanner-not-specified-model-not-specified-26.md,CT Body Area Not Specified (Whole-Thorax Perfusion),ct,0,missing,missing,,missing_sources; missing_processing; missing_adaptations; source_verification_missing; medical_review_missing
ct/chest/ct-mdct-cancer-staging-chest-general-philips-64-slice-27.md,"CT Cancer Staging, Chest General (Philips – 64-slice)",ct,0,missing,missing,,missing_sources; missing_processing; missing_adaptations; source_verification_missing; medical_review_missing
ct/chest/ct-mdct-chest-general-lung-philips-ict-256-slices-12.md,"CT Chest General, LUNG (Philips – iCT 256 slices)",ct,0,missing,missing,,missing_sources; missing_processing; missing_adaptations; source_verification_missing; medical_review_missing
ct/chest/ct-mdct-chest-general-philips-128-slice-6.md,CT Chest General (Philips – 128-slice),ct,0,missing,missing,,missing_sources; missing_processing; missing_adaptations; source_verification_missing; medical_review_missing
ct/chest/ct-mdct-chest-general-philips-16-slice-12.md,CT Chest General (Philips – 16-slice),ct,0,missing,missing,,missing_sources; missing_processing; missing_adaptations; source_verification_missing; medical_review_missing
ct/chest/ct-mdct-chest-general-philips-16slice-21.md,CT Chest General (Philips – 16-slice),ct,0,missing,missing,,missing_sources; missing_processing; missing_adaptations; source_verification_missing; medical_review_missing
ct/chest/ct-mdct-chest-general-philips-256-slice-29.md,CT Chest General (Philips – 256-slice),ct,0,missing,missing,,missing_sources; missing_processing; missing_adaptations; source_verification_missing; medical_review_missing
ct/chest/ct-mdct-chest-general-philips-40-slice-20.md,CT Chest General (Philips – 40-slice),ct,0,missing,missing,,missing_sources; missing_processing; missing_adaptations; source_verification_missing; medical_review_missing
ct/chest/ct-mdct-chest-general-philips-40slice-20.md,CT Chest General (Philips – 40-slice),ct,0,missing,missing,,missing_sources; missing_processing; missing_adaptations; source_verification_missing; medical_review_missing
ct/chest/ct-mdct-chest-general-philips-4slice-11.md,CT Chest General (Philips – 4-slice),ct,0,missing,missing,,missing_sources; missing_processing; missing_adaptations; source_verification_missing; medical_review_missing
ct/chest/ct-mdct-chest-general-philips-64-slice-29.md,CT Chest General (Philips – 64-slice),ct,0,missing,missing,,missing_sources; missing_processing; missing_adaptations; source_verification_missing; medical_review_missing
ct/chest/ct-mdct-chest-general-siemens-sensation-16-30.md,CT Chest General (Siemens – Sensation 16),ct,0,missing,missing,,missing_sources; missing_processing; missing_adaptations; source_verification_missing; medical_review_missing
ct/chest/ct-mdct-chest-general-siemens-sensation-64-30.md,CT Chest General (Siemens – Sensation 64),ct,0,missing,missing,,missing_sources; missing_processing; missing_adaptations; source_verification_missing; medical_review_missing
ct/chest/ct-mdct-chest-general-spn-philips-128-slice-16.md,"CT Chest General, SPN (Philips – 128-slice)",ct,0,missing,missing,,missing_sources; missing_processing; missing_adaptations; source_verification_missing; medical_review_missing
ct/chest/ct-mdct-chest-general-spn-philips-256-slice-41.md,"CT Chest General, SPN (Philips – 256-slice)",ct,0,missing,missing,,missing_sources; missing_processing; missing_adaptations; source_verification_missing; medical_review_missing
ct/chest/ct-mdct-chest-general-spn-philips-40-slice-28.md,"CT Chest General, SPN (Philips – 40-slice)",ct,0,missing,missing,,missing_sources; missing_processing; missing_adaptations; source_verification_missing; medical_review_missing
ct/chest/ct-mdct-chest-general-spn-philips-64-slice-40.md,"CT Chest General, SPN (Philips – 64-slice)",ct,0,missing,missing,,missing_sources; missing_processing; missing_adaptations; source_verification_missing; medical_review_missing
ct/chest/ct-mdct-chest-masses-ge-lightspeed-16slice-14.md,CT Chest Masses (GE – LightSpeed 16-slice),ct,0,missing,missing,,missing_sources; missing_processing; missing_adaptations; source_verification_missing; medical_review_missing
ct/chest/ct-mdct-chest-masses-ge-lightspeed-pro-16slice.md,CT Chest Masses (GE – LightSpeed Pro 16-slice),ct,0,missing,missing,,missing_sources; missing_processing; missing_adaptations; source_verification_missing; medical_review_missing
ct/chest/ct-mdct-chest-masses-ge-lightspeed-qx-i-4-slice-19.md,CT Chest Masses (GE – LightSpeed QX/i 4-slice),ct,0,missing,missing,,missing_sources; missing_processing; missing_adaptations; source_verification_missing; medical_review_missing
ct/chest/ct-mdct-chest-masses-ge-lightspeed-qxi-4slice-14.md,CT Chest Masses (GE – LightSpeed QX/i 4-slice),ct,0,missing,missing,,missing_sources; missing_processing; missing_adaptations; source_verification_missing; medical_review_missing
ct/chest/ct-mdct-chest-masses-ge-lightspeed-ultra-8slice-14.md,CT Chest Masses (GE – LightSpeed Ultra 8-slice),ct,0,missing,missing,,missing_sources; missing_processing; missing_adaptations; source_verification_missing; medical_review_missing
ct/chest/ct-mdct-chest-masses-ge-lightspeed-vct-64-slice-24.md,CT Chest Masses (GE – LightSpeed VCT 64-slice),ct,0,missing,missing,,missing_sources; missing_processing; missing_adaptations; source_verification_missing; medical_review_missing
ct/chest/ct-mdct-chest-masses-lung-ge-lightspeed-vct-64slice-8.md,"CT Chest Masses, LUNG (GE – LightSpeed VCT 64-slice)",ct,0,missing,missing,,missing_sources; missing_processing; missing_adaptations; source_verification_missing; medical_review_missing
ct/chest/ct-mdct-chest-masses-philips-ict-256-slices-1.md,CT Chest Masses (Philips – iCT 256 slices),ct,0,missing,missing,,missing_sources; missing_processing; missing_adaptations; source_verification_missing; medical_review_missing
ct/chest/ct-mdct-chest-masses-philips-ict-256-slices-2.md,CT Chest Masses (Philips – iCT 256 slices),ct,0,missing,missing,,missing_sources; missing_processing; missing_adaptations; source_verification_missing; medical_review_missing
ct/chest/ct-mdct-chest-masses-philips-ict-256-slices-3.md,CT Chest Masses (Philips – iCT 256 slices),ct,0,missing,missing,,missing_sources; missing_processing; missing_adaptations; source_verification_missing; medical_review_missing
ct/chest/ct-mdct-chest-masses-philips-ict-256-slices-4.md,CT Chest Masses (Philips – iCT 256 slices),ct,0,missing,missing,,missing_sources; missing_processing; missing_adaptations; source_verification_missing; medical_review_missing
ct/chest/ct-mdct-chest-pain-siemens-sensation-16-32.md,CT Chest Pain (Siemens – Sensation 16),ct,0,missing,missing,,missing_sources; missing_processing; missing_adaptations; source_verification_missing; medical_review_missing
ct/chest/ct-mdct-chest-pain-siemens-sensation-64-31.md,CT Chest Pain (Siemens – Sensation 64),ct,0,missing,missing,,missing_sources; missing_processing; missing_adaptations; source_verification_missing; medical_review_missing
ct/chest/ct-mdct-chest-pain-triple-rule-out-philips-16slice-16.md,CT Chest Pain (Triple Rule-Out) (Philips – 16-slice),ct,0,missing,missing,,missing_sources; missing_processing; missing_adaptations; source_verification_missing; medical_review_missing
ct/chest/ct-mdct-chest-pain-triple-rule-out-philips-40-slice-21.md,CT Chest Pain (Triple Rule-Out) (Philips – 40-slice),ct,0,missing,missing,,missing_sources; missing_processing; missing_adaptations; source_verification_missing; medical_review_missing
ct/chest/ct-mdct-chest-pain-triple-rule-out-philips-40slice-15.md,CT Chest Pain (Triple Rule-Out) (Philips – 40-slice),ct,0,missing,missing,,missing_sources; missing_processing; missing_adaptations; source_verification_missing; medical_review_missing
ct/chest/ct-mdct-chest-pain-triple-rule-out-philips-64-slice-30.md,CT Chest Pain (Triple Rule-Out) (Philips – 64-slice),ct,0,missing,missing,,missing_sources; missing_processing; missing_adaptations; source_verification_missing; medical_review_missing
ct/chest/ct-mdct-chest-pain-triple-rule-out-prospect-philips-256-slice-30.md,CT Chest Pain (Triple Rule-Out) Prospective-Axial (Philips – 256-slice),ct,0,missing,missing,,missing_sources; missing_processing; missing_adaptations; source_verification_missing; medical_review_missing
ct/chest/ct-mdct-chest-pain-triple-rule-out-retrospe-philips-256-slice-31.md,CT Chest Pain (Triple Rule-Out) Retrospective-Helical (Philips – 256-slice),ct,0,missing,missing,,missing_sources; missing_processing; missing_adaptations; source_verification_missing; medical_review_missing
ct/chest/ct-mdct-chest-pain-triple-rule-out-siemens-sensation-16-18.md,CT Chest Pain (Triple Rule-Out) (Siemens – Sensation 16),ct,0,missing,missing,,missing_sources; missing_processing; missing_adaptations; source_verification_missing; medical_review_missing
ct/chest/ct-mdct-chest-pain-triple-rule-out-siemens-sensation-64-18.md,CT Chest Pain (Triple Rule-Out) (Siemens – Sensation 64),ct,0,missing,missing,,missing_sources; missing_processing; missing_adaptations; source_verification_missing; medical_review_missing
ct/chest/ct-mdct-chest-pain-triple-rule-out-siemens-volume-zoom-4slice-18.md,CT Chest Pain (Triple Rule-Out) (Siemens – Volume Zoom 4-slice),ct,0,missing,missing,,missing_sources; missing_processing; missing_adaptations; source_verification_missing; medical_review_missing
ct/chest/ct-mdct-chest-pain-workup-ge-lightspeed-16-slice-7.md,CT Chest Pain Workup (GE – LightSpeed 16-slice),ct,0,missing,missing,,missing_sources; missing_processing; missing_adaptations; source_verification_missing; medical_review_missing
ct/chest/ct-mdct-chest-pain-workup-ge-lightspeed-vct-64-slice-25.md,CT Chest Pain Workup (GE – LightSpeed VCT 64-slice),ct,0,missing,missing,,missing_sources; missing_processing; missing_adaptations; source_verification_missing; medical_review_missing
ct/chest/ct-mdct-hrct-helical-philips-128-slice-12.md,CT HRCT (Helical) (Philips – 128-slice),ct,0,missing,missing,,missing_sources; missing_processing; missing_adaptations; source_verification_missing; medical_review_missing
ct/chest/ct-mdct-hrct-helical-philips-16-slice-15.md,CT HRCT (Helical) (Philips – 16-slice),ct,0,missing,missing,,missing_sources; missing_processing; missing_adaptations; source_verification_missing; medical_review_missing
ct/chest/ct-mdct-hrct-helical-philips-256-slice-37.md,CT HRCT (Helical) (Philips – 256-slice),ct,0,missing,missing,,missing_sources; missing_processing; missing_adaptations; source_verification_missing; medical_review_missing
ct/chest/ct-mdct-hrct-helical-philips-40-slice-26.md,CT HRCT (Helical) (Philips – 40-slice),ct,0,missing,missing,,missing_sources; missing_processing; missing_adaptations; source_verification_missing; medical_review_missing
ct/chest/ct-mdct-hrct-helical-philips-64-slice-36.md,CT HRCT (Helical) (Philips – 64-slice),ct,0,missing,missing,,missing_sources; missing_processing; missing_adaptations; source_verification_missing; medical_review_missing
ct/chest/ct-mdct-hrct-philips-128-slice-11.md,CT HRCT (Philips – 128-slice),ct,0,missing,missing,,missing_sources; missing_processing; missing_adaptations; source_verification_missing; medical_review_missing
ct/chest/ct-mdct-hrct-philips-16-slice-14.md,CT HRCT (Philips – 16-slice),ct,0,missing,missing,,missing_sources; missing_processing; missing_adaptations; source_verification_missing; medical_review_missing
ct/chest/ct-mdct-hrct-philips-256-slice-36.md,CT HRCT (Philips – 256-slice),ct,0,missing,missing,,missing_sources; missing_processing; missing_adaptations; source_verification_missing; medical_review_missing
ct/chest/ct-mdct-hrct-philips-40-slice-25.md,CT HRCT (Philips – 40-slice),ct,0,missing,missing,,missing_sources; missing_processing; missing_adaptations; source_verification_missing; medical_review_missing
ct/chest/ct-mdct-hrct-philips-64-slice-35.md,CT HRCT (Philips – 64-slice),ct,0,missing,missing,,missing_sources; missing_processing; missing_adaptations; source_verification_missing; medical_review_missing
ct/chest/ct-mdct-lung-philips-ict-256-slices-10.md,CT LUNG (Philips – iCT 256 slices),ct,0,missing,missing,,missing_sources; missing_processing; missing_adaptations; source_verification_missing; medical_review_missing
ct/chest/ct-mdct-pulmonary-embolism-acute-siemens-volume-zoom-4-slice.md,CT Pulmonary Embolism (Acute) (Siemens – Volume Zoom 4-slice),ct,0,missing,missing,,missing_sources; missing_processing; missing_adaptations; source_verification_missing; medical_review_missing
ct/chest/ct-mdct-pulmonary-embolism-chronic-siemens-volume-zoom-4-slice-2.md,CT Pulmonary Embolism (Chronic) (Siemens – Volume Zoom 4-slice),ct,0,missing,missing,,missing_sources; missing_processing; missing_adaptations; source_verification_missing; medical_review_missing
ct/chest/ct-mdct-pulmonary-embolism-ge-lightspeed-qx-i-4-slice-23.md,CT Pulmonary Embolism (GE – LightSpeed QX/i 4-slice),ct,0,missing,missing,,missing_sources; missing_processing; missing_adaptations; source_verification_missing; medical_review_missing
ct/chest/ct-mdct-pulmonary-embolism-philips-128-slice-13.md,CT Pulmonary Embolism (Philips – 128-slice),ct,0,missing,missing,,missing_sources; missing_processing; missing_adaptations; source_verification_missing; medical_review_missing
ct/chest/ct-mdct-pulmonary-embolism-toshiba-aquilion-16-20.md,CT Pulmonary Embolism (Toshiba – Aquilion 16),ct,0,missing,missing,,missing_sources; missing_processing; missing_adaptations; source_verification_missing; medical_review_missing
ct/chest/ct-mdct-pulmonary-embolism-toshiba-aquilion-32-20.md,CT Pulmonary Embolism (Toshiba – Aquilion 32),ct,0,missing,missing,,missing_sources; missing_processing; missing_adaptations; source_verification_missing; medical_review_missing
ct/chest/ct-mdct-pulmonary-embolism-toshiba-aquilion-super-4-17.md,CT Pulmonary Embolism (Toshiba – Aquilion Super 4),ct,0,missing,missing,,missing_sources; missing_processing; missing_adaptations; source_verification_missing; medical_review_missing
ct/chest/ct-mdct-pulmonary-embolism-toshiba-aquilionone-16.md,CT Pulmonary Embolism (Canon – Toshiba – AquilionOne),ct,0,missing,missing,,missing_sources; missing_processing; missing_adaptations; source_verification_missing; medical_review_missing
ct/chest/ct-pulmonary-embolism-ohsu.md,CT Angiografie Pulmonară / TEP (Protocol OHSU),ct,0,missing,missing,,missing_sources; missing_processing; missing_adaptations; source_verification_missing; medical_review_missing
ct/chest/ct-pulmonary-embolism.md,Angio-CT Trombembolism Pulmonar,ct,2,missing,missing,,missing_source_locator; missing_source_version; missing_source_relationship; missing_processing; missing_adaptations; source_verification_missing; medical_review_missing
ct/chest/dynamic-airway-ct.md,CT Dinamic de Căi Aeriene,ct,2,missing,missing,,missing_source_locator; missing_source_version; missing_source_relationship; missing_processing; missing_adaptations; source_verification_missing; medical_review_missing
ct/chest/non-contrast-chest-lung-nodule-ultra-low-dose.md,CT Torace Nativ Doză Ultra-Redusă (Nodul Pulmonar),ct,2,missing,missing,,missing_source_locator; missing_source_version; missing_source_relationship; missing_processing; missing_adaptations; source_verification_missing; medical_review_missing
ct/chest/non-contrast-ct-chest-low-dose.md,CT Torace Nativ Doză Redusă,ct,2,missing,missing,,missing_source_locator; missing_source_version; missing_source_relationship; missing_processing; missing_adaptations; source_verification_missing; medical_review_missing
ct/chest/non-contrast-ct-chest-routine.md,CT Torace Nativ de Rutină,ct,2,missing,missing,,missing_source_locator; missing_source_version; missing_source_relationship; missing_processing; missing_adaptations; source_verification_missing; medical_review_missing
ct/chest/non-volumetric-hrct-1-phase-prone.md,HRCT Non-Volumetric 1 Fază în Decubit Ventral (Procubitus),ct,2,missing,missing,,missing_source_locator; missing_source_version; missing_source_relationship; missing_processing; missing_adaptations; source_verification_missing; medical_review_missing
ct/chest/non-volumetric-hrct-1-respiratory-phase.md,HRCT Non-Volumetric 1 Fază Respiratorie,ct,2,missing,missing,,missing_source_locator; missing_source_version; missing_source_relationship; missing_processing; missing_adaptations; source_verification_missing; medical_review_missing
ct/chest/non-volumetric-hrct-3-respiratory-phases.md,HRCT Non-Volumetric 3 Faze Respiratorii,ct,2,missing,missing,,missing_source_locator; missing_source_version; missing_source_relationship; missing_processing; missing_adaptations; source_verification_missing; medical_review_missing
ct/chest/quantitative-lung-density-ct.md,CT Cuantificare Densitate Pulmonară (Emfizem),ct,2,missing,missing,,missing_source_locator; missing_source_version; missing_source_relationship; missing_processing; missing_adaptations; source_verification_missing; medical_review_missing
ct/chest/volumetric-hrct-2-respiratory-phases.md,HRCT Volumetric 2 Faze Respiratorii (Inspir/Expir),ct,2,missing,missing,,missing_source_locator; missing_source_version; missing_source_relationship; missing_processing; missing_adaptations; source_verification_missing; medical_review_missing
ct/msk/ct-ankle.md,CT Gleznă,ct,2,missing,missing,,missing_source_locator; missing_source_version; missing_source_relationship; missing_processing; missing_adaptations; source_verification_missing; medical_review_missing
ct/msk/ct-arthrogram-shoulder.md,Artro-CT Umăr,ct,2,missing,missing,,missing_source_locator; missing_source_version; missing_source_relationship; missing_processing; missing_adaptations; source_verification_missing; medical_review_missing
ct/msk/ct-elbow.md,CT Cot,ct,2,missing,missing,,missing_source_locator; missing_source_version; missing_source_relationship; missing_processing; missing_adaptations; source_verification_missing; medical_review_missing
ct/msk/ct-foot.md,CT Picior,ct,2,missing,missing,,missing_source_locator; missing_source_version; missing_source_relationship; missing_processing; missing_adaptations; source_verification_missing; medical_review_missing
ct/msk/ct-gout-protocol.md,CT Protocol Gută (DECT - Dual Energy),ct,2,missing,missing,,missing_source_locator; missing_source_version; missing_source_relationship; missing_processing; missing_adaptations; source_verification_missing; medical_review_missing
ct/msk/ct-hand.md,CT Mână,ct,2,missing,missing,,missing_source_locator; missing_source_version; missing_source_relationship; missing_processing; missing_adaptations; source_verification_missing; medical_review_missing
ct/msk/ct-hip.md,CT Șold (Articulație Coxo-Femurală),ct,2,missing,missing,,missing_source_locator; missing_source_version; missing_source_relationship; missing_processing; missing_adaptations; source_verification_missing; medical_review_missing
ct/msk/ct-knee.md,CT Genunchi,ct,2,missing,missing,,missing_source_locator; missing_source_version; missing_source_relationship; missing_processing; missing_adaptations; source_verification_missing; medical_review_missing
ct/msk/ct-lower-extremity.md,CT Membru Inferior (Segmentar),ct,2,missing,missing,,missing_source_locator; missing_source_version; missing_source_relationship; missing_processing; missing_adaptations; source_verification_missing; medical_review_missing
ct/msk/ct-pelvis-msk.md,CT Pelvis Osos / Bazin (MSK),ct,2,missing,missing,,missing_source_locator; missing_source_version; missing_source_relationship; missing_processing; missing_adaptations; source_verification_missing; medical_review_missing
ct/msk/ct-shoulder.md,CT Umăr,ct,2,missing,missing,,missing_source_locator; missing_source_version; missing_source_relationship; missing_processing; missing_adaptations; source_verification_missing; medical_review_missing
ct/msk/ct-upper-extremity.md,CT Membru Superior (Segmentar),ct,2,missing,missing,,missing_source_locator; missing_source_version; missing_source_relationship; missing_processing; missing_adaptations; source_verification_missing; medical_review_missing
ct/msk/ct-wrist.md,CT Pumn / Articulație Radio-Carpiană,ct,2,missing,missing,,missing_source_locator; missing_source_version; missing_source_relationship; missing_processing; missing_adaptations; source_verification_missing; medical_review_missing
ct/msk/msk-protocol-general.md,CT Musculoscheletic General (Părți Moi / Osos),ct,2,missing,missing,,missing_source_locator; missing_source_version; missing_source_relationship; missing_processing; missing_adaptations; source_verification_missing; medical_review_missing
ct/neuro/brain-stroke-protocol.md,Protocol CT AVC Acut (Cod AVC Cerebral),ct,2,missing,missing,,missing_source_locator; missing_source_version; missing_source_relationship; missing_processing; missing_adaptations; source_verification_missing; medical_review_missing
ct/neuro/ct-c-spine-ohsu.md,CT Coloană Cervicală (Protocol OHSU),ct,0,missing,missing,,missing_sources; missing_processing; missing_adaptations; source_verification_missing; medical_review_missing
ct/neuro/ct-cervical-spine.md,CT Coloană Cervicală,ct,2,missing,missing,,missing_source_locator; missing_source_version; missing_source_relationship; missing_processing; missing_adaptations; source_verification_missing; medical_review_missing
ct/neuro/ct-complete-spine.md,CT Coloană Vertebrală Completă (Cervico-Toraco-Lombară),ct,2,missing,missing,,missing_source_locator; missing_source_version; missing_source_relationship; missing_processing; missing_adaptations; source_verification_missing; medical_review_missing
ct/neuro/ct-facial-bones.md,CT Masiv Facial și Schelet Nazal,ct,2,missing,missing,,missing_source_locator; missing_source_version; missing_source_relationship; missing_processing; missing_adaptations; source_verification_missing; medical_review_missing
ct/neuro/ct-head-3d-stereotactic.md,CT Cerebral 3D Stereotaxic (Planificare Neurochirurgicală / Neuronavigație),ct,2,missing,missing,,missing_source_locator; missing_source_version; missing_source_relationship; missing_processing; missing_adaptations; source_verification_missing; medical_review_missing
ct/neuro/ct-head-stealth-stereotactic-ohsu.md,CT Craniu Stealth / Stereotaxic Ghidat (Protocol OHSU),ct,0,missing,missing,,missing_sources; missing_processing; missing_adaptations; source_verification_missing; medical_review_missing
ct/neuro/ct-head-w-delayed-ohsu.md,CT Craniu cu Contrast Tardiv 5 min (Protocol OHSU),ct,0,missing,missing,,missing_sources; missing_processing; missing_adaptations; source_verification_missing; medical_review_missing
ct/neuro/ct-head-wo-ohsu.md,CT Craniu Nativ Adult & Pediatric (Protocol OHSU),ct,0,missing,missing,,missing_sources; missing_processing; missing_adaptations; source_verification_missing; medical_review_missing
ct/neuro/ct-l-spine-ohsu.md,CT Coloană Lombară (Protocol OHSU),ct,0,missing,missing,,missing_sources; missing_processing; missing_adaptations; source_verification_missing; medical_review_missing
ct/neuro/ct-lumbar-spine.md,CT Coloană Lombară,ct,2,missing,missing,,missing_source_locator; missing_source_version; missing_source_relationship; missing_processing; missing_adaptations; source_verification_missing; medical_review_missing
ct/neuro/ct-mdct-body-area-not-specified-neuro-ctv-v-ge-lightspeed-vct-64slice-4.md,"CT Body Area Not Specified, Neuro CTV (Venography), Neuro-Neck (GE – LightSpeed VCT 64-slice)",ct,0,missing,missing,,missing_sources; missing_processing; missing_adaptations; source_verification_missing; medical_review_missing
ct/neuro/ct-mdct-brain-perfusion-cine-mode-ge-lightspeed-vct-64-slice-11.md,CT Brain Perfusion-Cine Mode (GE – LightSpeed VCT 64-slice),ct,0,missing,missing,,missing_sources; missing_processing; missing_adaptations; source_verification_missing; medical_review_missing
ct/neuro/ct-mdct-brain-perfusion-ge-lightspeed-16slice-8.md,CT Brain Perfusion (GE – LightSpeed 16-slice),ct,0,missing,missing,,missing_sources; missing_processing; missing_adaptations; source_verification_missing; medical_review_missing
ct/neuro/ct-mdct-brain-perfusion-ge-lightspeed-qx-i-4-slice-9.md,CT Brain Perfusion (GE – LightSpeed QX/i 4-slice),ct,0,missing,missing,,missing_sources; missing_processing; missing_adaptations; source_verification_missing; medical_review_missing
ct/neuro/ct-mdct-brain-perfusion-ge-lightspeed-qxi-4slice-8.md,CT Brain Perfusion (GE – LightSpeed QX/i 4-slice),ct,0,missing,missing,,missing_sources; missing_processing; missing_adaptations; source_verification_missing; medical_review_missing
ct/neuro/ct-mdct-brain-perfusion-ge-lightspeed-ultra-8slice-8.md,CT Brain Perfusion (GE – LightSpeed Ultra 8-slice),ct,0,missing,missing,,missing_sources; missing_processing; missing_adaptations; source_verification_missing; medical_review_missing
ct/neuro/ct-mdct-brain-perfusion-philips-16slice-8.md,CT Brain Perfusion (Philips – 16-slice),ct,0,missing,missing,,missing_sources; missing_processing; missing_adaptations; source_verification_missing; medical_review_missing
ct/neuro/ct-mdct-brain-perfusion-philips-40slice-8.md,CT Brain Perfusion (Philips – 40-slice),ct,0,missing,missing,,missing_sources; missing_processing; missing_adaptations; source_verification_missing; medical_review_missing
ct/neuro/ct-mdct-brain-perfusion-philips-64-slice-18.md,CT Brain Perfusion (Philips – 64-slice),ct,0,missing,missing,,missing_sources; missing_processing; missing_adaptations; source_verification_missing; medical_review_missing
ct/neuro/ct-mdct-brain-perfusion-philips-ict-256-slices-13.md,CT Brain Perfusion (Philips – iCT 256 slices),ct,0,missing,missing,,missing_sources; missing_processing; missing_adaptations; source_verification_missing; medical_review_missing
ct/neuro/ct-mdct-brain-perfusion-philips-ict-256-slices-14.md,CT Brain Perfusion (Philips – iCT 256 slices),ct,0,missing,missing,,missing_sources; missing_processing; missing_adaptations; source_verification_missing; medical_review_missing
ct/neuro/ct-mdct-brain-perfusion-philips-ict-256-slices-15.md,CT Brain Perfusion (Philips – iCT 256 slices),ct,0,missing,missing,,missing_sources; missing_processing; missing_adaptations; source_verification_missing; medical_review_missing
ct/neuro/ct-mdct-brain-perfusion-philips-ict-256-slices-16.md,CT Brain Perfusion (Philips – iCT 256 slices),ct,0,missing,missing,,missing_sources; missing_processing; missing_adaptations; source_verification_missing; medical_review_missing
ct/neuro/ct-mdct-brain-perfusion-philips-ict-256-slices-17.md,CT Brain Perfusion (Philips – iCT 256 slices),ct,0,missing,missing,,missing_sources; missing_processing; missing_adaptations; source_verification_missing; medical_review_missing
ct/neuro/ct-mdct-brain-perfusion-philips-ict-256-slices-19.md,CT Brain Perfusion (Philips – iCT 256 slices),ct,0,missing,missing,,missing_sources; missing_processing; missing_adaptations; source_verification_missing; medical_review_missing
ct/neuro/ct-mdct-brain-perfusion-shuttle-mode-ge-lightspeed-vct-64-slice-12.md,CT Brain Perfusion-Shuttle Mode (GE – LightSpeed VCT 64-slice),ct,0,missing,missing,,missing_sources; missing_processing; missing_adaptations; source_verification_missing; medical_review_missing
ct/neuro/ct-mdct-brain-perfusion-siemens-sensation-16-10.md,CT Brain Perfusion (Siemens – Sensation 16),ct,0,missing,missing,,missing_sources; missing_processing; missing_adaptations; source_verification_missing; medical_review_missing
ct/neuro/ct-mdct-brain-perfusion-siemens-sensation-64-10.md,CT Brain Perfusion (Siemens – Sensation 64),ct,0,missing,missing,,missing_sources; missing_processing; missing_adaptations; source_verification_missing; medical_review_missing
ct/neuro/ct-mdct-brain-perfusion-siemens-volume-zoom-4slice-10.md,CT Brain Perfusion (Siemens – Volume Zoom 4-slice),ct,0,missing,missing,,missing_sources; missing_processing; missing_adaptations; source_verification_missing; medical_review_missing
ct/neuro/ct-mdct-brain-routine-brain-perfusion-ge-lightspeed-vct-64slice-2.md,"CT Brain (Routine), Brain Perfusion (GE – LightSpeed VCT 64-slice)",ct,0,missing,missing,,missing_sources; missing_processing; missing_adaptations; source_verification_missing; medical_review_missing
ct/neuro/ct-mdct-brain-routine-ge-lightspeed-16slice-7.md,CT Brain (Routine) (GE – LightSpeed 16-slice),ct,0,missing,missing,,missing_sources; missing_processing; missing_adaptations; source_verification_missing; medical_review_missing
ct/neuro/ct-mdct-brain-routine-ge-lightspeed-qx-i-4-slice-8.md,CT Brain (Routine) (GE – LightSpeed QX/i 4-slice),ct,0,missing,missing,,missing_sources; missing_processing; missing_adaptations; source_verification_missing; medical_review_missing
ct/neuro/ct-mdct-brain-routine-ge-lightspeed-qxi-4slice-7.md,CT Brain (Routine) (GE – LightSpeed QX/i 4-slice),ct,0,missing,missing,,missing_sources; missing_processing; missing_adaptations; source_verification_missing; medical_review_missing
ct/neuro/ct-mdct-brain-routine-ge-lightspeed-ultra-8slice-7.md,CT Brain (Routine) (GE – LightSpeed Ultra 8-slice),ct,0,missing,missing,,missing_sources; missing_processing; missing_adaptations; source_verification_missing; medical_review_missing
ct/neuro/ct-mdct-brain-routine-ge-lightspeed-vct-64slice-1.md,CT Brain (Routine) (GE – LightSpeed VCT 64-slice),ct,0,missing,missing,,missing_sources; missing_processing; missing_adaptations; source_verification_missing; medical_review_missing
ct/neuro/ct-mdct-brain-routine-ge-lightspeed-vct-64slice.md,CT Brain (Routine) (GE – LightSpeed VCT 64-slice),ct,0,missing,missing,,missing_sources; missing_processing; missing_adaptations; source_verification_missing; medical_review_missing
ct/neuro/ct-mdct-brain-routine-maxillofacial-orbits-philips-64slice-6.md,"CT Brain (Routine), Maxillofacial (Orbits and Sinuses), Orbit (Axial Mode; Axial or Coronal Planes) (Philips – 64-slice)",ct,0,missing,missing,,missing_sources; missing_processing; missing_adaptations; source_verification_missing; medical_review_missing
ct/neuro/ct-mdct-brain-routine-maxillofacial-orbits-toshiba-aquilion-64-13.md,"CT Brain (Routine), Maxillofacial (Orbits and Sinuses), Neuro-Neck (Mixed Vasculature/Soft Tissue), Orbit (Axial Mode; Axial or Coronal Planes) (Toshiba – Aquilion 64)",ct,0,missing,missing,,missing_sources; missing_processing; missing_adaptations; source_verification_missing; medical_review_missing
ct/neuro/ct-mdct-brain-routine-neuro-neck-mixed-vasc-ge-lightspeed-vct-64slice-3.md,"CT Brain (Routine), Neuro-Neck (Mixed Vasculature/Soft Tissue) (GE – LightSpeed VCT 64-slice)",ct,0,missing,missing,,missing_sources; missing_processing; missing_adaptations; source_verification_missing; medical_review_missing
ct/neuro/ct-mdct-brain-routine-nonhelical-philips-64-slice-17.md,CT Brain (Routine)-Nonhelical (Philips – 64-slice),ct,0,missing,missing,,missing_sources; missing_processing; missing_adaptations; source_verification_missing; medical_review_missing
ct/neuro/ct-mdct-brain-routine-orbit-axial-mode-axia-toshiba-aquilionone-10.md,"CT Brain (Routine), Orbit (Axial Mode; Axial or Coronal Planes) (Canon – Toshiba – AquilionOne)",ct,0,missing,missing,,missing_sources; missing_processing; missing_adaptations; source_verification_missing; medical_review_missing
ct/neuro/ct-mdct-brain-routine-orbit-axial-mode-axia-toshiba-aquilionone-8.md,"CT Brain (Routine), Orbit (Axial Mode; Axial or Coronal Planes) (Canon – Toshiba – AquilionOne)",ct,0,missing,missing,,missing_sources; missing_processing; missing_adaptations; source_verification_missing; medical_review_missing
ct/neuro/ct-mdct-brain-routine-orbit-axial-mode-axia-toshiba-aquilionone-9.md,"CT Brain (Routine), Orbit (Axial Mode; Axial or Coronal Planes) (Canon – Toshiba – AquilionOne)",ct,0,missing,missing,,missing_sources; missing_processing; missing_adaptations; source_verification_missing; medical_review_missing
ct/neuro/ct-mdct-brain-routine-philips-16slice-7.md,CT Brain (Routine) (Philips – 16-slice),ct,0,missing,missing,,missing_sources; missing_processing; missing_adaptations; source_verification_missing; medical_review_missing
ct/neuro/ct-mdct-brain-routine-siemens-sensation-16-9.md,CT Brain (Routine) (Siemens – Sensation 16),ct,0,missing,missing,,missing_sources; missing_processing; missing_adaptations; source_verification_missing; medical_review_missing
ct/neuro/ct-mdct-brain-routine-siemens-sensation-64-9.md,CT Brain (Routine) (Siemens – Sensation 64),ct,0,missing,missing,,missing_sources; missing_processing; missing_adaptations; source_verification_missing; medical_review_missing
ct/neuro/ct-mdct-brain-routine-siemens-volume-zoom-4slice-9.md,CT Brain (Routine) (Siemens – Volume Zoom 4-slice),ct,0,missing,missing,,missing_sources; missing_processing; missing_adaptations; source_verification_missing; medical_review_missing
ct/neuro/ct-mdct-brain-routine-toshiba-aquilion-16-9.md,CT Brain (Routine) (Toshiba – Aquilion 16),ct,0,missing,missing,,missing_sources; missing_processing; missing_adaptations; source_verification_missing; medical_review_missing
ct/neuro/ct-mdct-brain-routine-toshiba-aquilion-32-9.md,CT Brain (Routine) (Toshiba – Aquilion 32),ct,0,missing,missing,,missing_sources; missing_processing; missing_adaptations; source_verification_missing; medical_review_missing
ct/neuro/ct-mdct-brain-routine-toshiba-aquilion-64-8.md,CT Brain (Routine) (Toshiba – Aquilion 64),ct,0,missing,missing,,missing_sources; missing_processing; missing_adaptations; source_verification_missing; medical_review_missing
ct/neuro/ct-mdct-brain-routine-toshiba-aquilion-super-4-9.md,CT Brain (Routine) (Toshiba – Aquilion Super 4),ct,0,missing,missing,,missing_sources; missing_processing; missing_adaptations; source_verification_missing; medical_review_missing
ct/neuro/ct-mdct-brain-sequential-child-siemens-definition-1.md,"CT Brain (Sequential, child) (Siemens – Definition)",ct,0,missing,missing,,missing_sources; missing_processing; missing_adaptations; source_verification_missing; medical_review_missing
ct/neuro/ct-mdct-brain-sequential-child-siemens-definition-2.md,"CT Brain (Sequential, child) (Siemens – Definition)",ct,0,missing,missing,,missing_sources; missing_processing; missing_adaptations; source_verification_missing; medical_review_missing
ct/neuro/ct-mdct-brain-sequential-child-siemens-definition-3.md,"CT Brain (Sequential, child) (Siemens – Definition)",ct,0,missing,missing,,missing_sources; missing_processing; missing_adaptations; source_verification_missing; medical_review_missing
ct/neuro/ct-mdct-brain-sequential-child-siemens-definition-4.md,"CT Brain (Sequential, child) (Siemens – Definition)",ct,0,missing,missing,,missing_sources; missing_processing; missing_adaptations; source_verification_missing; medical_review_missing
ct/neuro/ct-mdct-brain-sequential-child-siemens-definition-as-1.md,"CT Brain (Sequential, child) (Siemens – Definition AS+)",ct,0,missing,missing,,missing_sources; missing_processing; missing_adaptations; source_verification_missing; medical_review_missing
ct/neuro/ct-mdct-brain-sequential-child-siemens-definition-as-2.md,"CT Brain (Sequential, child) (Siemens – Definition AS)",ct,0,missing,missing,,missing_sources; missing_processing; missing_adaptations; source_verification_missing; medical_review_missing
ct/neuro/ct-mdct-brain-sequential-child-siemens-definition-as-3.md,"CT Brain (Sequential, child) (Siemens – Definition AS+)",ct,0,missing,missing,,missing_sources; missing_processing; missing_adaptations; source_verification_missing; medical_review_missing
ct/neuro/ct-mdct-brain-sequential-child-siemens-definition-as-4.md,"CT Brain (Sequential, child) (Siemens – Definition AS)",ct,0,missing,missing,,missing_sources; missing_processing; missing_adaptations; source_verification_missing; medical_review_missing
ct/neuro/ct-mdct-brain-sequential-child-siemens-definition-as-5.md,"CT Brain (Sequential, child) (Siemens – Definition AS+)",ct,0,missing,missing,,missing_sources; missing_processing; missing_adaptations; source_verification_missing; medical_review_missing
ct/neuro/ct-mdct-brain-sequential-child-siemens-definition-as-6.md,"CT Brain (Sequential, child) (Siemens – Definition AS)",ct,0,missing,missing,,missing_sources; missing_processing; missing_adaptations; source_verification_missing; medical_review_missing
ct/neuro/ct-mdct-brain-sequential-child-siemens-definition-as-7.md,"CT Brain (Sequential, child) (Siemens – Definition AS+)",ct,0,missing,missing,,missing_sources; missing_processing; missing_adaptations; source_verification_missing; medical_review_missing
ct/neuro/ct-mdct-brain-sequential-child-siemens-definition-as-8.md,"CT Brain (Sequential, child) (Siemens – Definition AS)",ct,0,missing,missing,,missing_sources; missing_processing; missing_adaptations; source_verification_missing; medical_review_missing
ct/neuro/ct-mdct-brain-sequential-child-siemens-definition-as-9.md,"CT Brain (Sequential, child) (Siemens – Definition AS+)",ct,0,missing,missing,,missing_sources; missing_processing; missing_adaptations; source_verification_missing; medical_review_missing
ct/neuro/ct-mdct-brain-sequential-child-siemens-definition-as.md,"CT Brain (Sequential, child) (Siemens – Definition AS)",ct,0,missing,missing,,missing_sources; missing_processing; missing_adaptations; source_verification_missing; medical_review_missing
ct/neuro/ct-mdct-brain-sequential-child-siemens-definition.md,"CT Brain (Sequential, child) (Siemens – Definition)",ct,0,missing,missing,,missing_sources; missing_processing; missing_adaptations; source_verification_missing; medical_review_missing
ct/neuro/ct-mdct-brain-sequential-child-toshiba-aquilion-16-30.md,"CT Brain (Sequential, child) (Canon – Toshiba – Aquilion 16)",ct,0,missing,missing,,missing_sources; missing_processing; missing_adaptations; source_verification_missing; medical_review_missing
ct/neuro/ct-mdct-brain-sequential-child-toshiba-aquilion-16-31.md,"CT Brain (Sequential, child) (Canon – Toshiba – Aquilion 16)",ct,0,missing,missing,,missing_sources; missing_processing; missing_adaptations; source_verification_missing; medical_review_missing
ct/neuro/ct-mdct-brain-sequential-child-toshiba-aquilion-16-32.md,"CT Brain (Sequential, child) (Canon – Toshiba – Aquilion 16)",ct,0,missing,missing,,missing_sources; missing_processing; missing_adaptations; source_verification_missing; medical_review_missing
ct/neuro/ct-mdct-cervical-spine-philips-16-slice-4.md,CT Cervical Spine (Philips – 16-slice),ct,0,missing,missing,,missing_sources; missing_processing; missing_adaptations; source_verification_missing; medical_review_missing
ct/neuro/ct-mdct-cervical-spine-philips-256-slice-19.md,CT Cervical Spine (Philips – 256-slice),ct,0,missing,missing,,missing_sources; missing_processing; missing_adaptations; source_verification_missing; medical_review_missing
ct/neuro/ct-mdct-cervical-spine-philips-40-slice-16.md,CT Cervical Spine (Philips – 40-slice),ct,0,missing,missing,,missing_sources; missing_processing; missing_adaptations; source_verification_missing; medical_review_missing
ct/neuro/ct-mdct-cervical-spine-philips-64-slice-19.md,CT Cervical Spine (Philips – 64-slice),ct,0,missing,missing,,missing_sources; missing_processing; missing_adaptations; source_verification_missing; medical_review_missing
ct/neuro/ct-mdct-larynx-series-use-in-addition-to-ne-ge-lightspeed-16-slice.md,"CT Larynx Series-Use in addition to Neuro-Neck; Post IV Contrast-Phonation with ""eeee"" (GE – LightSpeed 16-slice)",ct,0,missing,missing,,missing_sources; missing_processing; missing_adaptations; source_verification_missing; medical_review_missing
ct/neuro/ct-mdct-larynx-series-use-in-addition-to-ne-ge-lightspeed-qx-i-4-slice-10.md,"CT Larynx Series-Use in addition to Neuro-Neck; Post IV Contrast-Phonation with ""eeee"" (GE – LightSpeed QX/i 4-slice)",ct,0,missing,missing,,missing_sources; missing_processing; missing_adaptations; source_verification_missing; medical_review_missing
ct/neuro/ct-mdct-larynx-series-use-in-addition-to-ne-ge-lightspeed-ultra-8-slice.md,"CT Larynx Series-Use in addition to Neuro-Neck; Post IV Contrast-Phonation with ""eeee"" (GE – LightSpeed Ultra 8-slice)",ct,0,missing,missing,,missing_sources; missing_processing; missing_adaptations; source_verification_missing; medical_review_missing
ct/neuro/ct-mdct-larynx-series-use-in-addition-to-ne-ge-lightspeed-vct-64-slice-13.md,"CT Larynx Series-Use in addition to Neuro-Neck; Post IV Contrast-Phonation with ""eeee"" (GE – LightSpeed VCT 64-slice)",ct,0,missing,missing,,missing_sources; missing_processing; missing_adaptations; source_verification_missing; medical_review_missing
ct/neuro/ct-mdct-larynx-series-use-in-addition-to-ne-philips-16slice-11.md,"CT Larynx Series-Use in addition to Neuro-Neck; Post IV Contrast-Phonation with ""eeee"" (Philips – 16-slice)",ct,0,missing,missing,,missing_sources; missing_processing; missing_adaptations; source_verification_missing; medical_review_missing
ct/neuro/ct-mdct-larynx-series-use-in-addition-to-ne-philips-40slice-11.md,"CT Larynx Series-Use in addition to Neuro-Neck; Post IV Contrast-Phonation with ""eeee"" (Philips – 40-slice)",ct,0,missing,missing,,missing_sources; missing_processing; missing_adaptations; source_verification_missing; medical_review_missing
ct/neuro/ct-mdct-maxillofacial-orbits-and-sinuses-ge-lightspeed-16slice-12.md,CT Maxillofacial (Orbits and Sinuses) (GE – LightSpeed 16-slice),ct,0,missing,missing,,missing_sources; missing_processing; missing_adaptations; source_verification_missing; medical_review_missing
ct/neuro/ct-mdct-maxillofacial-orbits-and-sinuses-ge-lightspeed-16slice-13.md,CT Maxillofacial (Orbits and Sinuses) (GE – LightSpeed 16-slice),ct,0,missing,missing,,missing_sources; missing_processing; missing_adaptations; source_verification_missing; medical_review_missing
ct/neuro/ct-mdct-maxillofacial-orbits-and-sinuses-ge-lightspeed-qxi-4slice-12.md,CT Maxillofacial (Orbits and Sinuses) (GE – LightSpeed QX/i 4-slice),ct,0,missing,missing,,missing_sources; missing_processing; missing_adaptations; source_verification_missing; medical_review_missing
ct/neuro/ct-mdct-maxillofacial-orbits-and-sinuses-ge-lightspeed-qxi-4slice-13.md,CT Maxillofacial (Orbits and Sinuses) (GE – LightSpeed QX/i 4-slice),ct,0,missing,missing,,missing_sources; missing_processing; missing_adaptations; source_verification_missing; medical_review_missing
ct/neuro/ct-mdct-maxillofacial-orbits-and-sinuses-ge-lightspeed-ultra-8slice-12.md,CT Maxillofacial (Orbits and Sinuses) (GE – LightSpeed Ultra 8-slice),ct,0,missing,missing,,missing_sources; missing_processing; missing_adaptations; source_verification_missing; medical_review_missing
ct/neuro/ct-mdct-maxillofacial-orbits-and-sinuses-ge-lightspeed-ultra-8slice-13.md,CT Maxillofacial (Orbits and Sinuses) (GE – LightSpeed Ultra 8-slice),ct,0,missing,missing,,missing_sources; missing_processing; missing_adaptations; source_verification_missing; medical_review_missing
ct/neuro/ct-mdct-maxillofacial-orbits-and-sinuses-ge-lightspeed-vct-64slice-5.md,CT Maxillofacial (Orbits and Sinuses) (GE – LightSpeed VCT 64-slice),ct,0,missing,missing,,missing_sources; missing_processing; missing_adaptations; source_verification_missing; medical_review_missing
ct/neuro/ct-mdct-maxillofacial-orbits-and-sinuses-ge-lightspeed-vct-64slice-6.md,CT Maxillofacial (Orbits and Sinuses) (GE – LightSpeed VCT 64-slice),ct,0,missing,missing,,missing_sources; missing_processing; missing_adaptations; source_verification_missing; medical_review_missing
ct/neuro/ct-mdct-maxillofacial-orbits-and-sinuses-philips-16slice-10.md,CT Maxillofacial (Orbits and Sinuses) (Philips – 16-slice),ct,0,missing,missing,,missing_sources; missing_processing; missing_adaptations; source_verification_missing; medical_review_missing
ct/neuro/ct-mdct-maxillofacial-orbits-and-sinuses-philips-16slice-13.md,CT Maxillofacial (Orbits and Sinuses) (Philips – 16-slice),ct,0,missing,missing,,missing_sources; missing_processing; missing_adaptations; source_verification_missing; medical_review_missing
ct/neuro/ct-mdct-maxillofacial-orbits-and-sinuses-philips-16slice-14.md,CT Maxillofacial (Orbits and Sinuses) (Philips – 16-slice),ct,0,missing,missing,,missing_sources; missing_processing; missing_adaptations; source_verification_missing; medical_review_missing
ct/neuro/ct-mdct-maxillofacial-orbits-and-sinuses-philips-16slice-9.md,CT Maxillofacial (Orbits and Sinuses) (Philips – 16-slice),ct,0,missing,missing,,missing_sources; missing_processing; missing_adaptations; source_verification_missing; medical_review_missing
ct/neuro/ct-mdct-maxillofacial-orbits-and-sinuses-philips-256-slice-20.md,CT Maxillofacial (Orbits and Sinuses) (Philips – 256-slice),ct,0,missing,missing,,missing_sources; missing_processing; missing_adaptations; source_verification_missing; medical_review_missing
ct/neuro/ct-mdct-maxillofacial-orbits-and-sinuses-philips-40slice-10.md,CT Maxillofacial (Orbits and Sinuses) (Philips – 40-slice),ct,0,missing,missing,,missing_sources; missing_processing; missing_adaptations; source_verification_missing; medical_review_missing
ct/neuro/ct-mdct-maxillofacial-orbits-and-sinuses-philips-40slice-9.md,CT Maxillofacial (Orbits and Sinuses) (Philips – 40-slice),ct,0,missing,missing,,missing_sources; missing_processing; missing_adaptations; source_verification_missing; medical_review_missing
ct/neuro/ct-mdct-maxillofacial-orbits-and-sinuses-philips-64slice-7.md,CT Maxillofacial (Orbits and Sinuses) (Philips – 64-slice),ct,0,missing,missing,,missing_sources; missing_processing; missing_adaptations; source_verification_missing; medical_review_missing
ct/neuro/ct-mdct-maxillofacial-orbits-and-sinuses-philips-64slice-8.md,CT Maxillofacial (Orbits and Sinuses) (Philips – 64-slice),ct,0,missing,missing,,missing_sources; missing_processing; missing_adaptations; source_verification_missing; medical_review_missing
ct/neuro/ct-mdct-maxillofacial-orbits-and-sinuses-siemens-sensation-16-14.md,CT Maxillofacial (Orbits and Sinuses) (Siemens – Sensation 16),ct,0,missing,missing,,missing_sources; missing_processing; missing_adaptations; source_verification_missing; medical_review_missing
ct/neuro/ct-mdct-maxillofacial-orbits-and-sinuses-siemens-sensation-16-15.md,CT Maxillofacial (Orbits and Sinuses) (Siemens – Sensation 16),ct,0,missing,missing,,missing_sources; missing_processing; missing_adaptations; source_verification_missing; medical_review_missing
ct/neuro/ct-mdct-maxillofacial-orbits-and-sinuses-siemens-sensation-16-16.md,CT Maxillofacial (Orbits and Sinuses) (Siemens – Sensation 16),ct,0,missing,missing,,missing_sources; missing_processing; missing_adaptations; source_verification_missing; medical_review_missing
ct/neuro/ct-mdct-maxillofacial-orbits-and-sinuses-siemens-sensation-64-14.md,CT Maxillofacial (Orbits and Sinuses) (Siemens – Sensation 64),ct,0,missing,missing,,missing_sources; missing_processing; missing_adaptations; source_verification_missing; medical_review_missing
ct/neuro/ct-mdct-maxillofacial-orbits-and-sinuses-siemens-sensation-64-15.md,CT Maxillofacial (Orbits and Sinuses) (Siemens – Sensation 64),ct,0,missing,missing,,missing_sources; missing_processing; missing_adaptations; source_verification_missing; medical_review_missing
ct/neuro/ct-mdct-maxillofacial-orbits-and-sinuses-siemens-sensation-64-16.md,CT Maxillofacial (Orbits and Sinuses) (Siemens – Sensation 64),ct,0,missing,missing,,missing_sources; missing_processing; missing_adaptations; source_verification_missing; medical_review_missing
ct/neuro/ct-mdct-maxillofacial-orbits-and-sinuses-siemens-volume-zoom-4slice-14.md,CT Maxillofacial (Orbits and Sinuses) (Siemens – Volume Zoom 4-slice),ct,0,missing,missing,,missing_sources; missing_processing; missing_adaptations; source_verification_missing; medical_review_missing
ct/neuro/ct-mdct-maxillofacial-orbits-and-sinuses-siemens-volume-zoom-4slice-15.md,CT Maxillofacial (Orbits and Sinuses) (Siemens – Volume Zoom 4-slice),ct,0,missing,missing,,missing_sources; missing_processing; missing_adaptations; source_verification_missing; medical_review_missing
ct/neuro/ct-mdct-maxillofacial-orbits-and-sinuses-siemens-volume-zoom-4slice-16.md,CT Maxillofacial (Orbits and Sinuses) (Siemens – Volume Zoom 4-slice),ct,0,missing,missing,,missing_sources; missing_processing; missing_adaptations; source_verification_missing; medical_review_missing
ct/neuro/ct-mdct-maxillofacial-orbits-and-sinuses-te-philips-64slice-11.md,"CT Maxillofacial (Orbits and Sinuses), Temporal bone (Philips – 64-slice)",ct,0,missing,missing,,missing_sources; missing_processing; missing_adaptations; source_verification_missing; medical_review_missing
ct/neuro/ct-mdct-maxillofacial-orbits-and-sinuses-toshiba-aquilion-16-13.md,CT Maxillofacial (Orbits and Sinuses) (Toshiba – Aquilion 16),ct,0,missing,missing,,missing_sources; missing_processing; missing_adaptations; source_verification_missing; medical_review_missing
ct/neuro/ct-mdct-maxillofacial-orbits-and-sinuses-toshiba-aquilion-16-14.md,CT Maxillofacial (Orbits and Sinuses) (Toshiba – Aquilion 16),ct,0,missing,missing,,missing_sources; missing_processing; missing_adaptations; source_verification_missing; medical_review_missing
ct/neuro/ct-mdct-maxillofacial-orbits-and-sinuses-toshiba-aquilion-32-13.md,CT Maxillofacial (Orbits and Sinuses) (Toshiba – Aquilion 32),ct,0,missing,missing,,missing_sources; missing_processing; missing_adaptations; source_verification_missing; medical_review_missing
ct/neuro/ct-mdct-maxillofacial-orbits-and-sinuses-toshiba-aquilion-32-14.md,CT Maxillofacial (Orbits and Sinuses) (Toshiba – Aquilion 32),ct,0,missing,missing,,missing_sources; missing_processing; missing_adaptations; source_verification_missing; medical_review_missing
ct/neuro/ct-mdct-maxillofacial-orbits-and-sinuses-toshiba-aquilion-super-4-12.md,CT Maxillofacial (Orbits and Sinuses) (Toshiba – Aquilion Super 4),ct,0,missing,missing,,missing_sources; missing_processing; missing_adaptations; source_verification_missing; medical_review_missing
ct/neuro/ct-mdct-maxillofacial-orbits-and-sinuses-toshiba-aquilion-super-4-13.md,CT Maxillofacial (Orbits and Sinuses) (Toshiba – Aquilion Super 4),ct,0,missing,missing,,missing_sources; missing_processing; missing_adaptations; source_verification_missing; medical_review_missing
ct/neuro/ct-mdct-neuro-neck-ge-lightspeed-qx-i-4-slice-14.md,CT Neuro-Neck (GE – LightSpeed QX/i 4-slice),ct,0,missing,missing,,missing_sources; missing_processing; missing_adaptations; source_verification_missing; medical_review_missing
ct/neuro/ct-mdct-neuro-neck-ge-lightspeed-vct-64-slice-17.md,CT Neuro-Neck (GE – LightSpeed VCT 64-slice),ct,0,missing,missing,,missing_sources; missing_processing; missing_adaptations; source_verification_missing; medical_review_missing
ct/neuro/ct-mdct-neuro-neck-mixed-vasculaturesoft-ti-philips-16-slice-8.md,CT Neuro-Neck (Mixed Vasculature/Soft Tissue) (Philips – 16-slice),ct,0,missing,missing,,missing_sources; missing_processing; missing_adaptations; source_verification_missing; medical_review_missing
ct/neuro/ct-mdct-neuro-neck-neuro-neck-mixed-vascula-ge-lightspeed-vct-64-slice-19.md,"CT Neuro-Neck, Neuro-Neck (Mixed Vasculature/Soft Tissue), Temporal Bone Detail/Complete Neck with Contrast (GE – LightSpeed VCT 64-slice)",ct,0,missing,missing,,missing_sources; missing_processing; missing_adaptations; source_verification_missing; medical_review_missing
ct/neuro/ct-mdct-neuro-neck-neuro-neck-mixed-vascula-philips-40slice-13.md,"CT Neuro-Neck, Neuro-Neck (Mixed Vasculature/Soft Tissue), Temporal Bone Detail/Complete Neck with Contrast (Philips – 40-slice)",ct,0,missing,missing,,missing_sources; missing_processing; missing_adaptations; source_verification_missing; medical_review_missing
ct/neuro/ct-mdct-neuro-neck-neuro-neck-mixed-vascula-philips-40slice-7.md,"CT Neuro-Neck, Neuro-Neck (Mixed Vasculature/Soft Tissue) (Philips – 40-slice)",ct,0,missing,missing,,missing_sources; missing_processing; missing_adaptations; source_verification_missing; medical_review_missing
ct/neuro/ct-mdct-neuro-neck-neuro-neck-mixed-vascula-siemens-definition-14.md,"CT Neuro-Neck, Neuro-Neck (Mixed Vasculature/Soft Tissue), Temporal Bone Detail/Complete Neck with Contrast (Siemens – Definition)",ct,0,missing,missing,,missing_sources; missing_processing; missing_adaptations; source_verification_missing; medical_review_missing
ct/neuro/ct-mdct-neuro-neck-neuro-neck-mixed-vascula-siemens-definition-15.md,"CT Neuro-Neck, Neuro-Neck (Mixed Vasculature/Soft Tissue), Temporal Bone Detail/Complete Neck with Contrast (Siemens – Definition)",ct,0,missing,missing,,missing_sources; missing_processing; missing_adaptations; source_verification_missing; medical_review_missing
ct/neuro/ct-mdct-neuro-neck-neuro-neck-mixed-vascula-siemens-definition-16.md,"CT Neuro-Neck, Neuro-Neck (Mixed Vasculature/Soft Tissue), Temporal Bone Detail/Complete Neck with Contrast (Siemens – Definition)",ct,0,missing,missing,,missing_sources; missing_processing; missing_adaptations; source_verification_missing; medical_review_missing
ct/neuro/ct-mdct-neuro-neck-neuro-neck-mixed-vascula-siemens-definition-17.md,"CT Neuro-Neck, Neuro-Neck (Mixed Vasculature/Soft Tissue), Temporal Bone Detail/Complete Neck with Contrast (Siemens – Definition)",ct,0,missing,missing,,missing_sources; missing_processing; missing_adaptations; source_verification_missing; medical_review_missing
ct/neuro/ct-mdct-neuro-neck-neuro-neck-mixed-vascula-siemens-definition-as-28.md,"CT Neuro-Neck, Neuro-Neck (Mixed Vasculature/Soft Tissue), Temporal Bone Detail/Complete Neck with Contrast (Siemens – Definition AS)",ct,0,missing,missing,,missing_sources; missing_processing; missing_adaptations; source_verification_missing; medical_review_missing
ct/neuro/ct-mdct-neuro-neck-neuro-neck-mixed-vascula-siemens-definition-as-29.md,"CT Neuro-Neck, Neuro-Neck (Mixed Vasculature/Soft Tissue), Temporal Bone Detail/Complete Neck with Contrast (Siemens – Definition AS+)",ct,0,missing,missing,,missing_sources; missing_processing; missing_adaptations; source_verification_missing; medical_review_missing
ct/neuro/ct-mdct-neuro-neck-neuro-neck-mixed-vascula-siemens-definition-as-30.md,"CT Neuro-Neck, Neuro-Neck (Mixed Vasculature/Soft Tissue), Temporal Bone Detail/Complete Neck with Contrast (Siemens – Definition AS)",ct,0,missing,missing,,missing_sources; missing_processing; missing_adaptations; source_verification_missing; medical_review_missing
ct/neuro/ct-mdct-neuro-neck-neuro-neck-mixed-vascula-siemens-definition-as-31.md,"CT Neuro-Neck, Neuro-Neck (Mixed Vasculature/Soft Tissue), Temporal Bone Detail/Complete Neck with Contrast (Siemens – Definition AS+)",ct,0,missing,missing,,missing_sources; missing_processing; missing_adaptations; source_verification_missing; medical_review_missing
ct/neuro/ct-mdct-neuro-neck-neuro-neck-mixed-vascula-siemens-definition-as-32.md,"CT Neuro-Neck, Neuro-Neck (Mixed Vasculature/Soft Tissue), Temporal Bone Detail/Complete Neck with Contrast (Siemens – Definition AS)",ct,0,missing,missing,,missing_sources; missing_processing; missing_adaptations; source_verification_missing; medical_review_missing
ct/neuro/ct-mdct-neuro-neck-neuro-neck-mixed-vascula-siemens-definition-as-33.md,"CT Neuro-Neck, Neuro-Neck (Mixed Vasculature/Soft Tissue), Temporal Bone Detail/Complete Neck with Contrast (Siemens – Definition AS+)",ct,0,missing,missing,,missing_sources; missing_processing; missing_adaptations; source_verification_missing; medical_review_missing
ct/neuro/ct-mdct-neuro-neck-neuro-neck-mixed-vascula-toshiba-aquilion-16-10.md,"CT Neuro-Neck, Neuro-Neck (Mixed Vasculature/Soft Tissue), Temporal Bone Detail/Complete Neck with Contrast (Toshiba – Aquilion 16)",ct,0,missing,missing,,missing_sources; missing_processing; missing_adaptations; source_verification_missing; medical_review_missing
ct/neuro/ct-mdct-neuro-neck-neuro-neck-mixed-vascula-toshiba-aquilion-16-11.md,"CT Neuro-Neck, Neuro-Neck (Mixed Vasculature/Soft Tissue), Temporal Bone Detail/Complete Neck with Contrast (Toshiba – Aquilion 16)",ct,0,missing,missing,,missing_sources; missing_processing; missing_adaptations; source_verification_missing; medical_review_missing
ct/neuro/ct-mdct-neuro-neck-neuro-neck-mixed-vascula-toshiba-aquilion-16-12.md,"CT Neuro-Neck, Neuro-Neck (Mixed Vasculature/Soft Tissue), Temporal Bone Detail/Complete Neck with Contrast (Toshiba – Aquilion 16)",ct,0,missing,missing,,missing_sources; missing_processing; missing_adaptations; source_verification_missing; medical_review_missing
ct/neuro/ct-mdct-neuro-neck-neuro-neck-mixed-vascula-toshiba-aquilion-32-10.md,"CT Neuro-Neck, Neuro-Neck (Mixed Vasculature/Soft Tissue), Temporal Bone Detail/Complete Neck with Contrast (Toshiba – Aquilion 32)",ct,0,missing,missing,,missing_sources; missing_processing; missing_adaptations; source_verification_missing; medical_review_missing
ct/neuro/ct-mdct-neuro-neck-neuro-neck-mixed-vascula-toshiba-aquilion-32-11.md,"CT Neuro-Neck, Neuro-Neck (Mixed Vasculature/Soft Tissue), Temporal Bone Detail/Complete Neck with Contrast (Toshiba – Aquilion 32)",ct,0,missing,missing,,missing_sources; missing_processing; missing_adaptations; source_verification_missing; medical_review_missing
ct/neuro/ct-mdct-neuro-neck-neuro-neck-mixed-vascula-toshiba-aquilion-32-12.md,"CT Neuro-Neck, Neuro-Neck (Mixed Vasculature/Soft Tissue), Temporal Bone Detail/Complete Neck with Contrast (Toshiba – Aquilion 32)",ct,0,missing,missing,,missing_sources; missing_processing; missing_adaptations; source_verification_missing; medical_review_missing
ct/neuro/ct-mdct-neuro-neck-neuro-neck-mixed-vascula-toshiba-aquilion-64-10.md,"CT Neuro-Neck, Neuro-Neck (Mixed Vasculature/Soft Tissue), Temporal Bone Detail/Complete Neck with Contrast (Toshiba – Aquilion 64)",ct,0,missing,missing,,missing_sources; missing_processing; missing_adaptations; source_verification_missing; medical_review_missing
ct/neuro/ct-mdct-neuro-neck-neuro-neck-mixed-vascula-toshiba-aquilion-64-11.md,"CT Neuro-Neck, Neuro-Neck (Mixed Vasculature/Soft Tissue), Temporal Bone Detail/Complete Neck with Contrast (Toshiba – Aquilion 64)",ct,0,missing,missing,,missing_sources; missing_processing; missing_adaptations; source_verification_missing; medical_review_missing
ct/neuro/ct-mdct-neuro-neck-neuro-neck-mixed-vascula-toshiba-aquilion-64-12.md,"CT Neuro-Neck, Neuro-Neck (Mixed Vasculature/Soft Tissue), Temporal Bone Detail/Complete Neck with Contrast (Toshiba – Aquilion 64)",ct,0,missing,missing,,missing_sources; missing_processing; missing_adaptations; source_verification_missing; medical_review_missing
ct/neuro/ct-mdct-neuro-neck-neuro-neck-mixed-vascula-toshiba-aquilion-64-9.md,"CT Neuro-Neck, Neuro-Neck (Mixed Vasculature/Soft Tissue), Temporal Bone Detail/Complete Neck with Contrast (Toshiba – Aquilion 64)",ct,0,missing,missing,,missing_sources; missing_processing; missing_adaptations; source_verification_missing; medical_review_missing
ct/neuro/ct-mdct-neuro-neck-neuro-neck-mixed-vascula-toshiba-aquilion-8-9.md,"CT Neuro-Neck, Neuro-Neck (Mixed Vasculature/Soft Tissue), Temporal Bone Detail/Complete Neck with Contrast (Toshiba – Aquilion 8)",ct,0,missing,missing,,missing_sources; missing_processing; missing_adaptations; source_verification_missing; medical_review_missing
ct/neuro/ct-mdct-neuro-neck-neuro-neck-mixed-vascula-toshiba-aquilion-super-4-10.md,"CT Neuro-Neck, Neuro-Neck (Mixed Vasculature/Soft Tissue), Temporal Bone Detail/Complete Neck with Contrast (Toshiba – Aquilion Super 4)",ct,0,missing,missing,,missing_sources; missing_processing; missing_adaptations; source_verification_missing; medical_review_missing
ct/neuro/ct-mdct-neuro-neck-neuro-neck-mixed-vascula-toshiba-aquilion-super-4-11.md,"CT Neuro-Neck, Neuro-Neck (Mixed Vasculature/Soft Tissue), Temporal Bone Detail/Complete Neck with Contrast (Toshiba – Aquilion Super 4)",ct,0,missing,missing,,missing_sources; missing_processing; missing_adaptations; source_verification_missing; medical_review_missing
ct/neuro/ct-mdct-orbit-axial-mode-axial-or-coronal-p-ge-lightspeed-16-slice-2.md,CT Orbit (Axial Mode; Axial or Coronal Planes) (GE – LightSpeed 16-slice),ct,0,missing,missing,,missing_sources; missing_processing; missing_adaptations; source_verification_missing; medical_review_missing
ct/neuro/ct-mdct-orbit-axial-mode-axial-or-coronal-p-ge-lightspeed-qx-i-4-slice-15.md,CT Orbit (Axial Mode; Axial or Coronal Planes) (GE – LightSpeed QX/i 4-slice),ct,0,missing,missing,,missing_sources; missing_processing; missing_adaptations; source_verification_missing; medical_review_missing
ct/neuro/ct-mdct-orbit-axial-mode-axial-or-coronal-p-ge-lightspeed-ultra-8-slice-2.md,CT Orbit (Axial Mode; Axial or Coronal Planes) (GE – LightSpeed Ultra 8-slice),ct,0,missing,missing,,missing_sources; missing_processing; missing_adaptations; source_verification_missing; medical_review_missing
ct/neuro/ct-mdct-orbit-axial-mode-axial-or-coronal-p-ge-lightspeed-vct-64-slice-18.md,CT Orbit (Axial Mode; Axial or Coronal Planes) (GE – LightSpeed VCT 64-slice),ct,0,missing,missing,,missing_sources; missing_processing; missing_adaptations; source_verification_missing; medical_review_missing
ct/neuro/ct-mdct-orbit-helical-mode-ge-lightspeed-16-slice-3.md,CT Orbit (Helical Mode) (GE – LightSpeed 16-slice),ct,0,missing,missing,,missing_sources; missing_processing; missing_adaptations; source_verification_missing; medical_review_missing
ct/neuro/ct-mdct-orbit-helical-mode-ge-lightspeed-qx-i-4-slice-16.md,CT Orbit (Helical Mode) (GE – LightSpeed QX/i 4-slice),ct,0,missing,missing,,missing_sources; missing_processing; missing_adaptations; source_verification_missing; medical_review_missing
ct/neuro/ct-mdct-orbit-helical-mode-ge-lightspeed-ultra-8-slice-3.md,CT Orbit (Helical Mode) (GE – LightSpeed Ultra 8-slice),ct,0,missing,missing,,missing_sources; missing_processing; missing_adaptations; source_verification_missing; medical_review_missing
ct/neuro/ct-mdct-sinus-ge-lightspeed-16-slice-4.md,CT Sinus (GE – LightSpeed 16-slice),ct,0,missing,missing,,missing_sources; missing_processing; missing_adaptations; source_verification_missing; medical_review_missing
ct/neuro/ct-mdct-sinus-ge-lightspeed-qx-i-4-slice-17.md,CT Sinus (GE – LightSpeed QX/i 4-slice),ct,0,missing,missing,,missing_sources; missing_processing; missing_adaptations; source_verification_missing; medical_review_missing
ct/neuro/ct-mdct-sinus-ge-lightspeed-ultra-8-slice-4.md,CT Sinus (GE – LightSpeed Ultra 8-slice),ct,0,missing,missing,,missing_sources; missing_processing; missing_adaptations; source_verification_missing; medical_review_missing
ct/neuro/ct-mdct-sinus-ge-lightspeed-vct-64-slice-20.md,CT Sinus (GE – LightSpeed VCT 64-slice),ct,0,missing,missing,,missing_sources; missing_processing; missing_adaptations; source_verification_missing; medical_review_missing
ct/neuro/ct-mdct-sinus-siemens-definition-11.md,CT Sinus (Siemens – Definition),ct,0,missing,missing,,missing_sources; missing_processing; missing_adaptations; source_verification_missing; medical_review_missing
ct/neuro/ct-mdct-sinus-siemens-definition-12.md,CT Sinus (Siemens – Definition),ct,0,missing,missing,,missing_sources; missing_processing; missing_adaptations; source_verification_missing; medical_review_missing
ct/neuro/ct-mdct-sinus-siemens-definition-13.md,CT Sinus (Siemens – Definition),ct,0,missing,missing,,missing_sources; missing_processing; missing_adaptations; source_verification_missing; medical_review_missing
ct/neuro/ct-mdct-sinus-siemens-definition-as-22.md,CT Sinus (Siemens – Definition AS),ct,0,missing,missing,,missing_sources; missing_processing; missing_adaptations; source_verification_missing; medical_review_missing
ct/neuro/ct-mdct-sinus-siemens-definition-as-23.md,CT Sinus (Siemens – Definition AS+),ct,0,missing,missing,,missing_sources; missing_processing; missing_adaptations; source_verification_missing; medical_review_missing
ct/neuro/ct-mdct-sinus-siemens-definition-as-24.md,CT Sinus (Siemens – Definition AS),ct,0,missing,missing,,missing_sources; missing_processing; missing_adaptations; source_verification_missing; medical_review_missing
ct/neuro/ct-mdct-sinus-siemens-definition-as-25.md,CT Sinus (Siemens – Definition AS+),ct,0,missing,missing,,missing_sources; missing_processing; missing_adaptations; source_verification_missing; medical_review_missing
ct/neuro/ct-mdct-sinus-siemens-definition-as-26.md,CT Sinus (Siemens – Definition AS),ct,0,missing,missing,,missing_sources; missing_processing; missing_adaptations; source_verification_missing; medical_review_missing
ct/neuro/ct-mdct-sinus-siemens-definition-as-27.md,CT Sinus (Siemens – Definition AS+),ct,0,missing,missing,,missing_sources; missing_processing; missing_adaptations; source_verification_missing; medical_review_missing
ct/neuro/ct-mdct-spine-cervical-ge-lightspeed-16-slice-5.md,CT Spine-Cervical (GE – LightSpeed 16-slice),ct,0,missing,missing,,missing_sources; missing_processing; missing_adaptations; source_verification_missing; medical_review_missing
ct/neuro/ct-mdct-spine-cervical-ge-lightspeed-vct-64-slice-21.md,CT Spine-Cervical (GE – LightSpeed VCT 64-slice),ct,0,missing,missing,,missing_sources; missing_processing; missing_adaptations; source_verification_missing; medical_review_missing
ct/neuro/ct-mdct-spine-thoracic-and-lumbar-ge-lightspeed-16-slice-6.md,CT Spine-Thoracic and Lumbar (GE – LightSpeed 16-slice),ct,0,missing,missing,,missing_sources; missing_processing; missing_adaptations; source_verification_missing; medical_review_missing
ct/neuro/ct-mdct-spine-thoracic-and-lumbar-ge-lightspeed-vct-64-slice-22.md,CT Spine-Thoracic and Lumbar (GE – LightSpeed VCT 64-slice),ct,0,missing,missing,,missing_sources; missing_processing; missing_adaptations; source_verification_missing; medical_review_missing
ct/neuro/ct-mdct-stroke-protocol-philips-256-slice-21.md,CT Stroke Protocol (Philips – 256-slice),ct,0,missing,missing,,missing_sources; missing_processing; missing_adaptations; source_verification_missing; medical_review_missing
ct/neuro/ct-mdct-stroke-protocol-philips-64-slice-24.md,CT Stroke Protocol (Philips – 64-slice),ct,0,missing,missing,,missing_sources; missing_processing; missing_adaptations; source_verification_missing; medical_review_missing
ct/neuro/ct-mdct-temporal-bone-philips-16-slice-9.md,CT Temporal bone (Philips – 16-slice),ct,0,missing,missing,,missing_sources; missing_processing; missing_adaptations; source_verification_missing; medical_review_missing
ct/neuro/ct-mdct-temporal-bone-philips-256-slice-22.md,CT Temporal bone (Philips – 256-slice),ct,0,missing,missing,,missing_sources; missing_processing; missing_adaptations; source_verification_missing; medical_review_missing
ct/neuro/ct-mdct-temporal-bone-philips-40-slice-17.md,CT Temporal bone (Philips – 40-slice),ct,0,missing,missing,,missing_sources; missing_processing; missing_adaptations; source_verification_missing; medical_review_missing
ct/neuro/ct-mdct-temporal-bone-philips-64-slice-25.md,CT Temporal bone (Philips – 64-slice),ct,0,missing,missing,,missing_sources; missing_processing; missing_adaptations; source_verification_missing; medical_review_missing
ct/neuro/ct-mdct-temporal-bone-siemens-definition-10.md,CT Temporal bone (Siemens – Definition),ct,0,missing,missing,,missing_sources; missing_processing; missing_adaptations; source_verification_missing; medical_review_missing
ct/neuro/ct-mdct-temporal-bone-siemens-definition-5.md,CT Temporal bone (Siemens – Definition),ct,0,missing,missing,,missing_sources; missing_processing; missing_adaptations; source_verification_missing; medical_review_missing
ct/neuro/ct-mdct-temporal-bone-siemens-definition-6.md,CT Temporal bone (Siemens – Definition),ct,0,missing,missing,,missing_sources; missing_processing; missing_adaptations; source_verification_missing; medical_review_missing
ct/neuro/ct-mdct-temporal-bone-siemens-definition-7.md,CT Temporal bone (Siemens – Definition),ct,0,missing,missing,,missing_sources; missing_processing; missing_adaptations; source_verification_missing; medical_review_missing
ct/neuro/ct-mdct-temporal-bone-siemens-definition-8.md,CT Temporal bone (Siemens – Definition),ct,0,missing,missing,,missing_sources; missing_processing; missing_adaptations; source_verification_missing; medical_review_missing
ct/neuro/ct-mdct-temporal-bone-siemens-definition-9.md,CT Temporal bone (Siemens – Definition),ct,0,missing,missing,,missing_sources; missing_processing; missing_adaptations; source_verification_missing; medical_review_missing
ct/neuro/ct-mdct-temporal-bone-siemens-definition-as-10.md,CT Temporal bone (Siemens – Definition AS),ct,0,missing,missing,,missing_sources; missing_processing; missing_adaptations; source_verification_missing; medical_review_missing
ct/neuro/ct-mdct-temporal-bone-siemens-definition-as-11.md,CT Temporal bone (Siemens – Definition AS+),ct,0,missing,missing,,missing_sources; missing_processing; missing_adaptations; source_verification_missing; medical_review_missing
ct/neuro/ct-mdct-temporal-bone-siemens-definition-as-12.md,CT Temporal bone (Siemens – Definition AS),ct,0,missing,missing,,missing_sources; missing_processing; missing_adaptations; source_verification_missing; medical_review_missing
ct/neuro/ct-mdct-temporal-bone-siemens-definition-as-13.md,CT Temporal bone (Siemens – Definition AS+),ct,0,missing,missing,,missing_sources; missing_processing; missing_adaptations; source_verification_missing; medical_review_missing
ct/neuro/ct-mdct-temporal-bone-siemens-definition-as-14.md,CT Temporal bone (Siemens – Definition AS),ct,0,missing,missing,,missing_sources; missing_processing; missing_adaptations; source_verification_missing; medical_review_missing
ct/neuro/ct-mdct-temporal-bone-siemens-definition-as-15.md,CT Temporal bone (Siemens – Definition AS+),ct,0,missing,missing,,missing_sources; missing_processing; missing_adaptations; source_verification_missing; medical_review_missing
ct/neuro/ct-mdct-temporal-bone-siemens-definition-as-16.md,CT Temporal bone (Siemens – Definition AS),ct,0,missing,missing,,missing_sources; missing_processing; missing_adaptations; source_verification_missing; medical_review_missing
ct/neuro/ct-mdct-temporal-bone-siemens-definition-as-17.md,CT Temporal bone (Siemens – Definition AS+),ct,0,missing,missing,,missing_sources; missing_processing; missing_adaptations; source_verification_missing; medical_review_missing
ct/neuro/ct-mdct-temporal-bone-siemens-definition-as-18.md,CT Temporal bone (Siemens – Definition AS),ct,0,missing,missing,,missing_sources; missing_processing; missing_adaptations; source_verification_missing; medical_review_missing
ct/neuro/ct-mdct-temporal-bone-siemens-definition-as-19.md,CT Temporal bone (Siemens – Definition AS+),ct,0,missing,missing,,missing_sources; missing_processing; missing_adaptations; source_verification_missing; medical_review_missing
ct/neuro/ct-mdct-temporal-bone-siemens-definition-as-20.md,CT Temporal bone (Siemens – Definition AS),ct,0,missing,missing,,missing_sources; missing_processing; missing_adaptations; source_verification_missing; medical_review_missing
ct/neuro/ct-mdct-temporal-bone-siemens-definition-as-21.md,CT Temporal bone (Siemens – Definition AS+),ct,0,missing,missing,,missing_sources; missing_processing; missing_adaptations; source_verification_missing; medical_review_missing
ct/neuro/ct-myelogram.md,Mielo-CT (Mielografie CT),ct,2,missing,missing,,missing_source_locator; missing_source_version; missing_source_relationship; missing_processing; missing_adaptations; source_verification_missing; medical_review_missing
ct/neuro/ct-orbits.md,CT Orbite,ct,2,missing,missing,,missing_source_locator; missing_source_version; missing_source_relationship; missing_processing; missing_adaptations; source_verification_missing; medical_review_missing
ct/neuro/ct-parathyroid-4d.md,CT 4D Glande Paratiroide,ct,2,missing,missing,,missing_source_locator; missing_source_version; missing_source_relationship; missing_processing; missing_adaptations; source_verification_missing; medical_review_missing
ct/neuro/ct-sinus-stereotactic.md,CT Sinusuri Paranazale Stereotaxic (Neuronavigație ORL),ct,2,missing,missing,,missing_source_locator; missing_source_version; missing_source_relationship; missing_processing; missing_adaptations; source_verification_missing; medical_review_missing
ct/neuro/ct-sinus.md,CT Sinusuri Paranazale (Nativ),ct,2,missing,missing,,missing_source_locator; missing_source_version; missing_source_relationship; missing_processing; missing_adaptations; source_verification_missing; medical_review_missing
ct/neuro/ct-soft-tissue-neck.md,CT Părți Moi Gât / Regiune Cervicală cu Substanță de Contrast,ct,2,missing,missing,,missing_source_locator; missing_source_version; missing_source_relationship; missing_processing; missing_adaptations; source_verification_missing; medical_review_missing
ct/neuro/ct-t-spine-ohsu.md,CT Coloană Toracală (Protocol OHSU),ct,0,missing,missing,,missing_sources; missing_processing; missing_adaptations; source_verification_missing; medical_review_missing
ct/neuro/ct-temporal-bones.md,CT Stânci Temporale / Ureche Medie și Internă,ct,2,missing,missing,,missing_source_locator; missing_source_version; missing_source_relationship; missing_processing; missing_adaptations; source_verification_missing; medical_review_missing
ct/neuro/ct-thoracic-spine.md,CT Coloană Toracală,ct,2,missing,missing,,missing_source_locator; missing_source_version; missing_source_relationship; missing_processing; missing_adaptations; source_verification_missing; medical_review_missing
ct/neuro/cta-head-and-neck-arch-to-vertex.md,Angio-CT Vase Gât și Poligon Willis (Arc Aortic - Vertex),ct,2,missing,missing,,missing_source_locator; missing_source_version; missing_source_relationship; missing_processing; missing_adaptations; source_verification_missing; medical_review_missing
ct/neuro/cta-head-neck-ohsu.md,CTA Cap & Gât cu Contrast (Protocol OHSU),ct,0,missing,missing,,missing_sources; missing_processing; missing_adaptations; source_verification_missing; medical_review_missing
ct/neuro/cta-head-ohsu.md,CTA Cerebral / Cap cu Contrast (Protocol OHSU),ct,0,missing,missing,,missing_sources; missing_processing; missing_adaptations; source_verification_missing; medical_review_missing
ct/neuro/cta-head.md,Angio-CT Cerebral (Poligonul Willis),ct,2,missing,missing,,missing_source_locator; missing_source_version; missing_source_relationship; missing_processing; missing_adaptations; source_verification_missing; medical_review_missing
ct/neuro/cta-neck.md,Angio-CT Artere Cervicale / Carotide și Vertebrale,ct,2,missing,missing,,missing_source_locator; missing_source_version; missing_source_relationship; missing_processing; missing_adaptations; source_verification_missing; medical_review_missing
ct/neuro/ctv-head.md,Flebo-CT Cerebral (CTV Sinusuri Venoase Durale),ct,2,missing,missing,,missing_source_locator; missing_source_version; missing_source_relationship; missing_processing; missing_adaptations; source_verification_missing; medical_review_missing
ct/neuro/non-contrast-ct-head.md,CT Cerebral Nativ,ct,2,missing,missing,,missing_source_locator; missing_source_version; missing_source_relationship; missing_processing; missing_adaptations; source_verification_missing; medical_review_missing
ct/trauma/ct-mdct-whole-body-trauma-excluding-the-hea-siemens-sensation-16-8.md,CT Whole Body Trauma (Excluding the Head) (Siemens – Sensation 16),ct,0,missing,missing,,missing_sources; missing_processing; missing_adaptations; source_verification_missing; medical_review_missing
ct/trauma/ct-mdct-whole-body-trauma-excluding-the-hea-siemens-sensation-64-8.md,CT Whole Body Trauma (Excluding the Head) (Siemens – Sensation 64),ct,0,missing,missing,,missing_sources; missing_processing; missing_adaptations; source_verification_missing; medical_review_missing
ct/trauma/ct-mdct-whole-body-trauma-excluding-the-hea-siemens-volume-zoom-4slice-8.md,CT Whole Body Trauma (Excluding the Head) (Siemens – Volume Zoom 4-slice),ct,0,missing,missing,,missing_sources; missing_processing; missing_adaptations; source_verification_missing; medical_review_missing
ct/trauma/ct-mdct-whole-body-trauma-excluding-the-hea-toshiba-aquilion-16-8.md,CT Whole Body Trauma (Excluding the Head) (Canon – Toshiba – Aquilion 16),ct,0,missing,missing,,missing_sources; missing_processing; missing_adaptations; source_verification_missing; medical_review_missing
ct/trauma/ct-mdct-whole-body-trauma-excluding-the-hea-toshiba-aquilion-8-8.md,CT Whole Body Trauma (Excluding the Head) (Canon – Toshiba – Aquilion 8),ct,0,missing,missing,,missing_sources; missing_processing; missing_adaptations; source_verification_missing; medical_review_missing
ct/trauma/ct-mdct-whole-body-trauma-excluding-the-hea-toshiba-aquilion-super-4-8.md,CT Whole Body Trauma (Excluding the Head) (Canon – Toshiba – Aquilion Super 4),ct,0,missing,missing,,missing_sources; missing_processing; missing_adaptations; source_verification_missing; medical_review_missing
ct/trauma/ct-pan-scan-trauma-ohsu.md,CT Politraumă Pan-Scan Whole Body (Protocol OHSU),ct,0,missing,missing,,missing_sources; missing_processing; missing_adaptations; source_verification_missing; medical_review_missing
ct/trauma/pregnant-trauma-ct-ap.md,CT Abdomen și Pelvis în Traumatism la Gravidă,ct,2,missing,missing,,missing_source_locator; missing_source_version; missing_source_relationship; missing_processing; missing_adaptations; source_verification_missing; medical_review_missing
ct/trauma/trauma-chest-ct.md,CT Torace în Traumatism (Politraumatism),ct,2,missing,missing,,missing_source_locator; missing_source_version; missing_source_relationship; missing_processing; missing_adaptations; source_verification_missing; medical_review_missing
ct/trauma/trauma-code-aaa.md,CT Urgență / Cod Ruptură Anevrism de Aortă Abdominală (Cod AAA),ct,2,missing,missing,,missing_source_locator; missing_source_version; missing_source_relationship; missing_processing; missing_adaptations; source_verification_missing; medical_review_missing
ct/trauma/trauma-cta-chest-with-pv-ct-ap.md,Angio-CT Torace cu CT Abdomen și Pelvis în Fază Portală (Traumă),ct,2,missing,missing,,missing_source_locator; missing_source_version; missing_source_relationship; missing_processing; missing_adaptations; source_verification_missing; medical_review_missing
ct/trauma/trauma-head-and-c-spine.md,CT Craniu și Coloană Cervicală în Politraumatism,ct,2,missing,missing,,missing_source_locator; missing_source_version; missing_source_relationship; missing_processing; missing_adaptations; source_verification_missing; medical_review_missing
ct/trauma/trauma-head-c-spine-and-facial-bones.md,"CT Craniu, Coloană Cervicală și Masiv Facial în Traumatism",ct,2,missing,missing,,missing_source_locator; missing_source_version; missing_source_relationship; missing_processing; missing_adaptations; source_verification_missing; medical_review_missing
ct/trauma/trauma-lower-extremity-runoff-cta.md,Angio-CT Membre Inferioare în Traumatism (Runoff Extremități),ct,2,missing,missing,,missing_source_locator; missing_source_version; missing_source_relationship; missing_processing; missing_adaptations; source_verification_missing; medical_review_missing
ct/vascular/ct-mdct-abdomen-acute-abdomen-and-pelvis-tr-ge-lightspeed-64slice-16.md,"CT Abdomen (Acute), Abdomen and Pelvis (Trauma), Chest General, Trauma Workup (Vascular Chest/Parenchymal Abdominopelvic Injury) (GE – LightSpeed 64-slice)",ct,0,missing,missing,,missing_sources; missing_processing; missing_adaptations; source_verification_missing; medical_review_missing
ct/vascular/ct-mdct-abdomen-acute-abdomen-and-pelvis-tr-ge-lightspeed-vct-64slice-16.md,"CT Abdomen (Acute), Abdomen and Pelvis (Trauma), Chest General, Trauma Workup (Vascular Chest/Parenchymal Abdominopelvic Injury) (GE – LightSpeed VCT 64-slice)",ct,0,missing,missing,,missing_sources; missing_processing; missing_adaptations; source_verification_missing; medical_review_missing
ct/vascular/ct-mdct-abdomen-acute-body-area-not-specifi-scanner-not-specified-model-not-specified-100.md,"CT Abdomen (Acute), Body Area Not Specified (Iatrogenic Injury of the Right Diaphragmatic Artery by Thermo-ablation of a Liver Nodule)",ct,0,missing,missing,,missing_sources; missing_processing; missing_adaptations; source_verification_missing; medical_review_missing
ct/vascular/ct-mdct-abdomen-acute-body-area-not-specifi-scanner-not-specified-model-not-specified-86.md,"CT Abdomen (Acute), Body Area Not Specified (Aortic Endoprosthesis with Peri-prosthetic Inflammation)",ct,0,missing,missing,,missing_sources; missing_processing; missing_adaptations; source_verification_missing; medical_review_missing
ct/vascular/ct-mdct-abdominal-aorta-body-area-not-speci-scanner-not-specified-model-not-specified-84.md,"CT Abdominal Aorta, Body Area Not Specified, Thoracic Aorta, Thoracoabdominal Aorta (Aortic Endoprosthesis with Type I Endoleak)",ct,0,missing,missing,,missing_sources; missing_processing; missing_adaptations; source_verification_missing; medical_review_missing
ct/vascular/ct-mdct-abdominal-aorta-body-area-not-speci-scanner-not-specified-model-not-specified-85.md,"CT Abdominal Aorta, Body Area Not Specified, Thoracic Aorta, Thoracoabdominal Aorta (Aortic Endoprosthesis with Type II Endoleak)",ct,0,missing,missing,,missing_sources; missing_processing; missing_adaptations; source_verification_missing; medical_review_missing
ct/vascular/ct-mdct-abdominal-aorta-digestive-arteries-philips-128-slice.md,CT Abdominal Aorta (Digestive Arteries) (Philips – 128-slice),ct,0,missing,missing,,missing_sources; missing_processing; missing_adaptations; source_verification_missing; medical_review_missing
ct/vascular/ct-mdct-abdominal-aorta-digestive-arteries-philips-16slice-1.md,CT Abdominal Aorta (Digestive Arteries) (Philips – 16-slice),ct,0,missing,missing,,missing_sources; missing_processing; missing_adaptations; source_verification_missing; medical_review_missing
ct/vascular/ct-mdct-abdominal-aorta-digestive-arteries-philips-40slice-1.md,CT Abdominal Aorta (Digestive Arteries) (Philips – 40-slice),ct,0,missing,missing,,missing_sources; missing_processing; missing_adaptations; source_verification_missing; medical_review_missing
ct/vascular/ct-mdct-abdominal-aorta-digestive-arteries-philips-4slice-1.md,CT Abdominal Aorta (Digestive Arteries) (Philips – 4-slice),ct,0,missing,missing,,missing_sources; missing_processing; missing_adaptations; source_verification_missing; medical_review_missing
ct/vascular/ct-mdct-abdominal-aorta-digestive-arteries-philips-64slice-1.md,CT Abdominal Aorta (Digestive Arteries) (Philips – 64-slice),ct,0,missing,missing,,missing_sources; missing_processing; missing_adaptations; source_verification_missing; medical_review_missing
ct/vascular/ct-mdct-abdominal-aorta-digestive-arteries-scanner-not-specified-model-not-specified-93.md,"CT Abdominal Aorta (Digestive Arteries), Body Area Not Specified (Bleeding Colonic Diverticulum)",ct,0,missing,missing,,missing_sources; missing_processing; missing_adaptations; source_verification_missing; medical_review_missing
ct/vascular/ct-mdct-abdominal-aorta-digestive-arteries-scanner-not-specified-model-not-specified-98.md,"CT Abdominal Aorta (Digestive Arteries), Body Area Not Specified, Small Bowel (Bleeding Jejunal Gastrointestinal Stromal Tumor)",ct,0,missing,missing,,missing_sources; missing_processing; missing_adaptations; source_verification_missing; medical_review_missing
ct/vascular/ct-mdct-abdominal-aorta-ge-lightspeed-vct-64-slice-23.md,CT Abdominal Aorta (GE – LightSpeed VCT 64-slice),ct,0,missing,missing,,missing_sources; missing_processing; missing_adaptations; source_verification_missing; medical_review_missing
ct/vascular/ct-mdct-abdominal-aorta-ge-lightspeed-vct-64slice-7.md,CT Abdominal Aorta (GE – LightSpeed VCT 64-slice),ct,0,missing,missing,,missing_sources; missing_processing; missing_adaptations; source_verification_missing; medical_review_missing
ct/vascular/ct-mdct-abdominal-aorta-mesenteric-cta-mese-scanner-not-specified-model-not-specified-82.md,"CT Abdominal Aorta, Mesenteric CTA, Mesenteric Ischemia (Mesenteric Vessels Anomalies and Pathologic Presentations)",ct,0,missing,missing,,missing_sources; missing_processing; missing_adaptations; source_verification_missing; medical_review_missing
ct/vascular/ct-mdct-abdominal-aorta-philips-256-slice-23.md,CT Abdominal Aorta (Philips – 256-slice),ct,0,missing,missing,,missing_sources; missing_processing; missing_adaptations; source_verification_missing; medical_review_missing
ct/vascular/ct-mdct-abdominal-aorta-philips-256-slice-24.md,CT Abdominal Aorta (Philips – 256-slice),ct,0,missing,missing,,missing_sources; missing_processing; missing_adaptations; source_verification_missing; medical_review_missing
ct/vascular/ct-mdct-abdominal-aorta-renal-philips-128-slice-2.md,CT Abdominal Aorta (Renal) (Philips – 128-slice),ct,0,missing,missing,,missing_sources; missing_processing; missing_adaptations; source_verification_missing; medical_review_missing
ct/vascular/ct-mdct-abdominal-aorta-staging-and-stent-g-philips-128-slice-3.md,CT Abdominal Aorta (Staging and Stent Graft) (Philips – 128-slice),ct,0,missing,missing,,missing_sources; missing_processing; missing_adaptations; source_verification_missing; medical_review_missing
ct/vascular/ct-mdct-abdominal-aorta-staging-and-stent-g-philips-256-slice-25.md,CT Abdominal Aorta (Staging and Stent Graft) (Philips – 256-slice),ct,0,missing,missing,,missing_sources; missing_processing; missing_adaptations; source_verification_missing; medical_review_missing
ct/vascular/ct-mdct-abdominal-aortic-aneurysm-body-area-scanner-not-specified-model-not-specified-102.md,"CT Abdominal Aortic Aneurysm, Body Area Not Specified (Abdominal Aortic Aneurysm with Aorto-caval Fistula)",ct,0,missing,missing,,missing_sources; missing_processing; missing_adaptations; source_verification_missing; medical_review_missing
ct/vascular/ct-mdct-abdominal-aortic-aneurysm-ge-lightspeed-16slice-23.md,CT Abdominal Aortic Aneurysm (GE – LightSpeed 16-slice),ct,0,missing,missing,,missing_sources; missing_processing; missing_adaptations; source_verification_missing; medical_review_missing
ct/vascular/ct-mdct-abdominal-aortic-aneurysm-ge-lightspeed-qx-i-4-slice-18.md,CT Abdominal Aortic Aneurysm (GE – LightSpeed QX/i 4-slice),ct,0,missing,missing,,missing_sources; missing_processing; missing_adaptations; source_verification_missing; medical_review_missing
ct/vascular/ct-mdct-abdominal-aortic-aneurysm-ge-lightspeed-qxi-4slice-23.md,CT Abdominal Aortic Aneurysm (GE – LightSpeed QX/i 4-slice),ct,0,missing,missing,,missing_sources; missing_processing; missing_adaptations; source_verification_missing; medical_review_missing
ct/vascular/ct-mdct-abdominal-aortic-aneurysm-ge-lightspeed-ultra-8slice-23.md,CT Abdominal Aortic Aneurysm (GE – LightSpeed Ultra 8-slice),ct,0,missing,missing,,missing_sources; missing_processing; missing_adaptations; source_verification_missing; medical_review_missing
ct/vascular/ct-mdct-abdominal-aortic-aneurysm-philips-16slice-31.md,CT Abdominal Aortic Aneurysm (Philips – 16-slice),ct,0,missing,missing,,missing_sources; missing_processing; missing_adaptations; source_verification_missing; medical_review_missing
ct/vascular/ct-mdct-abdominal-aortic-aneurysm-siemens-sensation-16-11.md,CT Abdominal Aortic Aneurysm (Siemens – Sensation 16),ct,0,missing,missing,,missing_sources; missing_processing; missing_adaptations; source_verification_missing; medical_review_missing
ct/vascular/ct-mdct-abdominal-aortic-aneurysm-siemens-sensation-16-12.md,CT Abdominal Aortic Aneurysm (Siemens – Sensation 16),ct,0,missing,missing,,missing_sources; missing_processing; missing_adaptations; source_verification_missing; medical_review_missing
ct/vascular/ct-mdct-abdominal-aortic-aneurysm-siemens-sensation-16-17.md,CT Abdominal Aortic Aneurysm (Siemens – Sensation 16),ct,0,missing,missing,,missing_sources; missing_processing; missing_adaptations; source_verification_missing; medical_review_missing
ct/vascular/ct-mdct-abdominal-aortic-aneurysm-siemens-sensation-16-31.md,CT Abdominal Aortic Aneurysm (Siemens – Sensation 16),ct,0,missing,missing,,missing_sources; missing_processing; missing_adaptations; source_verification_missing; medical_review_missing
ct/vascular/ct-mdct-abdominal-aortic-aneurysm-siemens-sensation-4.md,CT Abdominal Aortic Aneurysm (Siemens – Sensation 4),ct,0,missing,missing,,missing_sources; missing_processing; missing_adaptations; source_verification_missing; medical_review_missing
ct/vascular/ct-mdct-abdominal-aortic-aneurysm-siemens-sensation-64-11.md,CT Abdominal Aortic Aneurysm (Siemens – Sensation 64),ct,0,missing,missing,,missing_sources; missing_processing; missing_adaptations; source_verification_missing; medical_review_missing
ct/vascular/ct-mdct-abdominal-aortic-aneurysm-siemens-sensation-64-12.md,CT Abdominal Aortic Aneurysm (Siemens – Sensation 64),ct,0,missing,missing,,missing_sources; missing_processing; missing_adaptations; source_verification_missing; medical_review_missing
ct/vascular/ct-mdct-abdominal-aortic-aneurysm-siemens-sensation-64-17.md,CT Abdominal Aortic Aneurysm (Siemens – Sensation 64),ct,0,missing,missing,,missing_sources; missing_processing; missing_adaptations; source_verification_missing; medical_review_missing
ct/vascular/ct-mdct-abdominal-aortic-aneurysm-siemens-volume-zoom-4slice-11.md,CT Abdominal Aortic Aneurysm (Siemens – Volume Zoom 4-slice),ct,0,missing,missing,,missing_sources; missing_processing; missing_adaptations; source_verification_missing; medical_review_missing
ct/vascular/ct-mdct-abdominal-aortic-aneurysm-siemens-volume-zoom-4slice-12.md,CT Abdominal Aortic Aneurysm (Siemens – Volume Zoom 4-slice),ct,0,missing,missing,,missing_sources; missing_processing; missing_adaptations; source_verification_missing; medical_review_missing
ct/vascular/ct-mdct-abdominal-aortic-aneurysm-siemens-volume-zoom-4slice-17.md,CT Abdominal Aortic Aneurysm (Siemens – Volume Zoom 4-slice),ct,0,missing,missing,,missing_sources; missing_processing; missing_adaptations; source_verification_missing; medical_review_missing
ct/vascular/ct-mdct-abdominal-aortic-aneurysm-toshiba-aquilion-16-24.md,CT Abdominal Aortic Aneurysm (Canon – Toshiba – Aquilion 16),ct,0,missing,missing,,missing_sources; missing_processing; missing_adaptations; source_verification_missing; medical_review_missing
ct/vascular/ct-mdct-abdominal-aortic-aneurysm-toshiba-aquilion-16-25.md,CT Abdominal Aortic Aneurysm (Canon – Toshiba – Aquilion 16),ct,0,missing,missing,,missing_sources; missing_processing; missing_adaptations; source_verification_missing; medical_review_missing
ct/vascular/ct-mdct-abdominal-aortic-aneurysm-toshiba-aquilion-16-26.md,CT Abdominal Aortic Aneurysm (Canon – Toshiba – Aquilion 16),ct,0,missing,missing,,missing_sources; missing_processing; missing_adaptations; source_verification_missing; medical_review_missing
ct/vascular/ct-mdct-abdominal-aortic-aneurysm-toshiba-aquilion-16-27.md,CT Abdominal Aortic Aneurysm (Canon – Toshiba – Aquilion 16),ct,0,missing,missing,,missing_sources; missing_processing; missing_adaptations; source_verification_missing; medical_review_missing
ct/vascular/ct-mdct-abdominal-aortic-aneurysm-toshiba-aquilion-16-28.md,CT Abdominal Aortic Aneurysm (Canon – Toshiba – Aquilion 16),ct,0,missing,missing,,missing_sources; missing_processing; missing_adaptations; source_verification_missing; medical_review_missing
ct/vascular/ct-mdct-abdominal-aortic-aneurysm-toshiba-aquilion-16-29.md,CT Abdominal Aortic Aneurysm (Canon – Toshiba – Aquilion 16),ct,0,missing,missing,,missing_sources; missing_processing; missing_adaptations; source_verification_missing; medical_review_missing
ct/vascular/ct-mdct-aortic-dissection-philips-ict-256-slices-7.md,CT Aortic dissection (Philips – iCT 256 slices),ct,0,missing,missing,,missing_sources; missing_processing; missing_adaptations; source_verification_missing; medical_review_missing
ct/vascular/ct-mdct-aortic-dissection-philips-ict-256-slices-8.md,CT Aortic dissection (Philips – iCT 256 slices),ct,0,missing,missing,,missing_sources; missing_processing; missing_adaptations; source_verification_missing; medical_review_missing
ct/vascular/ct-mdct-aortic-dissection-thoracic-aorta-th-toshiba-aquilionone-11.md,"CT Aortic dissection, Thoracic Aorta, Thoracoabdominal Aorta (Canon – Toshiba – AquilionOne)",ct,0,missing,missing,,missing_sources; missing_processing; missing_adaptations; source_verification_missing; medical_review_missing
ct/vascular/ct-mdct-aortic-endograft-philips-256-slice-2.md,CT Aortic Endograft (Philips – 256-slice),ct,0,missing,missing,,missing_sources; missing_processing; missing_adaptations; source_verification_missing; medical_review_missing
ct/vascular/ct-mdct-aortic-endograft-philips-64-slice-2.md,CT Aortic Endograft (Philips – 64-slice),ct,0,missing,missing,,missing_sources; missing_processing; missing_adaptations; source_verification_missing; medical_review_missing
ct/vascular/ct-mdct-body-area-not-specified-neuro-cta-c-scanner-not-specified-model-not-specified-75.md,"CT Body Area Not Specified, Neuro CTA-Carotid Vascular Trauma, Neuro CTA-Carotid and Circle of Willis (Carotid Arteries-Carotid Stenosis with Ulcerated Plaque)",ct,0,missing,missing,,missing_sources; missing_processing; missing_adaptations; source_verification_missing; medical_review_missing
ct/vascular/ct-mdct-body-area-not-specified-neuro-cta-c-scanner-not-specified-model-not-specified-76.md,"CT Body Area Not Specified, Neuro CTA-Carotid and Circle of Willis (Evaluation of Carotid Stent)",ct,0,missing,missing,,missing_sources; missing_processing; missing_adaptations; source_verification_missing; medical_review_missing
ct/vascular/ct-mdct-body-area-not-specified-scanner-not-specified-model-not-specified-74.md,CT Body Area Not Specified (Whole-Body Angiography),ct,0,missing,missing,,missing_sources; missing_processing; missing_adaptations; source_verification_missing; medical_review_missing
ct/vascular/ct-mdct-body-area-not-specified-scanner-not-specified-model-not-specified-83.md,CT Body Area Not Specified (Aneurysm of the Subrenal Abdominal Aorta),ct,0,missing,missing,,missing_sources; missing_processing; missing_adaptations; source_verification_missing; medical_review_missing
ct/vascular/ct-mdct-body-area-not-specified-thoracic-ao-scanner-not-specified-model-not-specified-77.md,"CT Body Area Not Specified, Thoracic Aorta (Lusory Artery)",ct,0,missing,missing,,missing_sources; missing_processing; missing_adaptations; source_verification_missing; medical_review_missing
ct/vascular/ct-mdct-body-area-not-specified-thoracic-ao-scanner-not-specified-model-not-specified-81.md,"CT Body Area Not Specified, Thoracic Aorta (Aortic Dissection Type B)",ct,0,missing,missing,,missing_sources; missing_processing; missing_adaptations; source_verification_missing; medical_review_missing
ct/vascular/ct-mdct-brain-routine-brain-perfusion-neuro-scanner-not-specified-model-not-specified-12.md,"CT Brain (Routine), Brain Perfusion, Neuro CTA (Aneurysm), Neuro CTA (Aneurysm) With Bolus Pro, Neuro CTA (Complete Neurovasculature), Neuro CTA (Complete Neurovasculature) With Bolus Pro, Neuro CTA-Carotid and Circle of Willis, Neuro CTA-Circle of Willis, Neuro CTV (Venogram) (Dural Arteriovenous Fistula)",ct,0,missing,missing,,missing_sources; missing_processing; missing_adaptations; source_verification_missing; medical_review_missing
ct/vascular/ct-mdct-brain-routine-brain-perfusion-neuro-scanner-not-specified-model-not-specified-13.md,"CT Brain (Routine), Brain Perfusion, Neuro CTA (Complete Neurovasculature), Neuro CTA (Complete Neurovasculature) With Bolus Pro, Neuro CTA-Carotid Vascular Trauma, Neuro CTA-Carotid and Circle of Willis, Neuro CTA-Circle of Willis, Neuro-Neck (Pre-occlusive Stenosis of the Basilar Artery)",ct,0,missing,missing,,missing_sources; missing_processing; missing_adaptations; source_verification_missing; medical_review_missing
ct/vascular/ct-mdct-brain-routine-brain-perfusion-neuro-scanner-not-specified-model-not-specified-14.md,"CT Brain (Routine), Brain Perfusion, Neuro CTA (Complete Neurovasculature), Neuro CTA (Complete Neurovasculature) With Bolus Pro, Neuro CTA-Carotid Vascular Trauma, Neuro CTA-Carotid and Circle of Willis, Neuro CTA-Circle of Willis, Neuro-Neck (Pre-occlusive Stenosis of the Vertebral Arteries)",ct,0,missing,missing,,missing_sources; missing_processing; missing_adaptations; source_verification_missing; medical_review_missing
ct/vascular/ct-mdct-brain-routine-brain-perfusion-neuro-scanner-not-specified-model-not-specified-8.md,"CT Brain (Routine), Brain Perfusion, Neuro CTA (Complete Neurovasculature), Neuro CTA (Complete Neurovasculature) With Test Injection, Neuro CTA-Carotid and Circle of Willis, Neuro CTA-Circle of Willis, Stroke Protocol (Acute Occlusion of the Middle Cerebral Artery)",ct,0,missing,missing,,missing_sources; missing_processing; missing_adaptations; source_verification_missing; medical_review_missing
ct/vascular/ct-mdct-brain-routine-neuro-cta-aneurysm-ne-philips-ict-256-slices-20.md,"CT Brain (Routine), Neuro CTA (Aneurysm), Neuro CTA (Aneurysm) With Bolus Pro, Neuro CTA (Complete Neurovasculature), Neuro CTA (Complete Neurovasculature) With Bolus Pro, Neuro CTA-Carotid Vascular Trauma, Neuro CTA-Carotid and Circle of Willis, Neuro CTA-Circle of Willis, Neuro CTV (Venogram) (Philips – iCT 256 slices)",ct,0,missing,missing,,missing_sources; missing_processing; missing_adaptations; source_verification_missing; medical_review_missing
ct/vascular/ct-mdct-brain-routine-neuro-cta-aneurysm-ne-scanner-not-specified-model-not-specified-1.md,"CT Brain (Routine), Neuro CTA (Aneurysm), Neuro CTA (Aneurysm) With Bolus Pro, Neuro CTA (Complete Neurovasculature), Neuro CTA (Complete Neurovasculature) With Bolus Pro, Neuro CTA-Carotid and Circle of Willis, Neuro CTA-Circle of Willis, Neuro CTV (Venogram) (Arteriovenous Malformation in a Patient with Acute Cerebellar Hemorrhage)",ct,0,missing,missing,,missing_sources; missing_processing; missing_adaptations; source_verification_missing; medical_review_missing
ct/vascular/ct-mdct-brain-routine-neuro-cta-aneurysm-ne-scanner-not-specified-model-not-specified-10.md,"CT Brain (Routine), Neuro CTA (Aneurysm), Neuro CTA (Aneurysm) With Bolus Pro, Neuro CTA (Complete Neurovasculature), Neuro CTA (Complete Neurovasculature) With Bolus Pro, Neuro CTA-Circle of Willis, Neuro CTV (Venography) (Moya-Moya Disease)",ct,0,missing,missing,,missing_sources; missing_processing; missing_adaptations; source_verification_missing; medical_review_missing
ct/vascular/ct-mdct-brain-routine-neuro-cta-aneurysm-ne-scanner-not-specified-model-not-specified-11.md,"CT Brain (Routine), Neuro CTA (Aneurysm), Neuro CTA (Aneurysm) With Bolus Pro, Neuro CTA (Complete Neurovasculature), Neuro CTA-Carotid and Circle of Willis, Neuro CTA-Circle of Willis, Neuro CTV (Venogram) (Multiple Aneurysms in Subarachnoid Hemorrhage)",ct,0,missing,missing,,missing_sources; missing_processing; missing_adaptations; source_verification_missing; medical_review_missing
ct/vascular/ct-mdct-brain-routine-neuro-cta-aneurysm-ne-scanner-not-specified-model-not-specified-16.md,"CT Brain (Routine), Neuro CTA (Aneurysm), Neuro CTA (Aneurysm) With Bolus Pro, Neuro CTA (Complete Neurovasculature), Neuro CTA (Complete Neurovasculature) With Bolus Pro, Neuro CTA-Carotid and Circle of Willis, Neuro CTA-Circle of Willis, Neuro CTV (Venogram) (Arteriovenous Malformation (AVM) in a Patient with Acute Intraventricular Hemorrhage)",ct,0,missing,missing,,missing_sources; missing_processing; missing_adaptations; source_verification_missing; medical_review_missing
ct/vascular/ct-mdct-brain-routine-neuro-cta-aneurysm-ne-scanner-not-specified-model-not-specified-6.md,"CT Brain (Routine), Neuro CTA (Aneurysm), Neuro CTA (Aneurysm) With Bolus Pro, Neuro CTA (Complete Neurovasculature), Neuro CTA (Complete Neurovasculature) With Bolus Pro, Neuro CTA-Carotid and Circle of Willis, Neuro CTA-Circle of Willis, Neuro CTV (Venogram) (Occasional Aneurysm)",ct,0,missing,missing,,missing_sources; missing_processing; missing_adaptations; source_verification_missing; medical_review_missing
ct/vascular/ct-mdct-brain-routine-neuro-cta-aneurysm-ne-scanner-not-specified-model-not-specified-9.md,"CT Brain (Routine), Neuro CTA (Aneurysm), Neuro CTA (Aneurysm) With Bolus Pro, Neuro CTA (Complete Neurovasculature), Neuro CTA (Complete Neurovasculature) With Bolus Pro, Neuro CTA-Carotid and Circle of Willis, Neuro CTA-Circle of Willis, Neuro CTV (Venogram) (Arteriovenous Malformation (AVM))",ct,0,missing,missing,,missing_sources; missing_processing; missing_adaptations; source_verification_missing; medical_review_missing
ct/vascular/ct-mdct-brain-routine-neuro-cta-aneurysm-ne-scanner-not-specified-model-not-specified.md,"CT Brain (Routine), Neuro CTA (Aneurysm), Neuro CTA (Aneurysm) With Bolus Pro, Neuro CTA (Complete Neurovasculature), Neuro CTA (Complete Neurovasculature) With Bolus Pro, Neuro CTA-Carotid Vascular Trauma, Neuro CTA-Carotid and Circle of Willis, Neuro CTA-Circle of Willis, Neuro CTV (Venogram) (Aneurysm with Subarachnoid Hemorrhage)",ct,0,missing,missing,,missing_sources; missing_processing; missing_adaptations; source_verification_missing; medical_review_missing
ct/vascular/ct-mdct-brain-routine-neuro-cta-complete-ne-scanner-not-specified-model-not-specified-3.md,"CT Brain (Routine), Neuro CTA (Complete Neurovasculature), Neuro CTV (Venogram) (Acute Thrombosis of the Left Transverse Sinus)",ct,0,missing,missing,,missing_sources; missing_processing; missing_adaptations; source_verification_missing; medical_review_missing
ct/vascular/ct-mdct-bronchial-arteries-philips-128-slice-4.md,CT Bronchial Arteries (Philips – 128-slice),ct,0,missing,missing,,missing_sources; missing_processing; missing_adaptations; source_verification_missing; medical_review_missing
ct/vascular/ct-mdct-bronchial-arteries-philips-16slice-15.md,CT Bronchial Arteries (Philips – 16-slice),ct,0,missing,missing,,missing_sources; missing_processing; missing_adaptations; source_verification_missing; medical_review_missing
ct/vascular/ct-mdct-bronchial-arteries-philips-256-slice-26.md,CT Bronchial Arteries (Philips – 256-slice),ct,0,missing,missing,,missing_sources; missing_processing; missing_adaptations; source_verification_missing; medical_review_missing
ct/vascular/ct-mdct-bronchial-arteries-philips-40slice-14.md,CT Bronchial Arteries (Philips – 40-slice),ct,0,missing,missing,,missing_sources; missing_processing; missing_adaptations; source_verification_missing; medical_review_missing
ct/vascular/ct-mdct-bronchial-arteries-philips-4slice-7.md,CT Bronchial Arteries (Philips – 4-slice),ct,0,missing,missing,,missing_sources; missing_processing; missing_adaptations; source_verification_missing; medical_review_missing
ct/vascular/ct-mdct-bronchial-arteries-philips-64-slice-26.md,CT Bronchial Arteries (Philips – 64-slice),ct,0,missing,missing,,missing_sources; missing_processing; missing_adaptations; source_verification_missing; medical_review_missing
ct/vascular/ct-mdct-cap-multiregional-oncology-liver-scanner-not-specified-model-not-specified-34.md,"CT CAP (Multiregional Oncology), Liver (Hypovascular Metastases from Lung Cancer)",ct,0,missing,missing,,missing_sources; missing_processing; missing_adaptations; source_verification_missing; medical_review_missing
ct/vascular/ct-mdct-cap-multiregional-oncology-scanner-not-specified-model-not-specified-35.md,CT CAP (Multiregional Oncology) (Hypervascular Metastases from Renal Cell Carcinoma),ct,0,missing,missing,,missing_sources; missing_processing; missing_adaptations; source_verification_missing; medical_review_missing
ct/vascular/ct-mdct-dvt-following-pe-study-ct-lower-ext-ge-lightspeed-16-slice-8.md,CT DVT Following PE Study (CT Lower Extremity Venogram) (GE – LightSpeed 16-slice),ct,0,missing,missing,,missing_sources; missing_processing; missing_adaptations; source_verification_missing; medical_review_missing
ct/vascular/ct-mdct-dvt-following-pe-study-ct-lower-ext-ge-lightspeed-qx-i-4-slice-21.md,CT DVT Following PE Study (CT Lower Extremity Venogram) (GE – LightSpeed QX/i 4-slice),ct,0,missing,missing,,missing_sources; missing_processing; missing_adaptations; source_verification_missing; medical_review_missing
ct/vascular/ct-mdct-dvt-following-pe-study-ct-lower-ext-ge-lightspeed-ultra-8-slice-5.md,CT DVT Following PE Study (CT Lower Extremity Venogram) (GE – LightSpeed Ultra 8-slice),ct,0,missing,missing,,missing_sources; missing_processing; missing_adaptations; source_verification_missing; medical_review_missing
ct/vascular/ct-mdct-dvt-following-pe-study-ct-lower-ext-ge-lightspeed-vct-64-slice-27.md,CT DVT Following PE Study (CT Lower Extremity Venogram) (GE – LightSpeed VCT 64-slice),ct,0,missing,missing,,missing_sources; missing_processing; missing_adaptations; source_verification_missing; medical_review_missing
ct/vascular/ct-mdct-kidney-scanner-not-specified-model-not-specified-52.md,CT Kidney (Carcinoma and Angiomyolipoma),ct,0,missing,missing,,missing_sources; missing_processing; missing_adaptations; source_verification_missing; medical_review_missing
ct/vascular/ct-mdct-liver-scanner-not-specified-model-not-specified-28.md,CT Liver (Hemangioma),ct,0,missing,missing,,missing_sources; missing_processing; missing_adaptations; source_verification_missing; medical_review_missing
ct/vascular/ct-mdct-liver-scanner-not-specified-model-not-specified-33.md,CT Liver (Peripheral Cholangiocarcinoma),ct,0,missing,missing,,missing_sources; missing_processing; missing_adaptations; source_verification_missing; medical_review_missing
ct/vascular/ct-mdct-mesenteric-cta-philips-256-slice-7.md,CT Mesenteric CTA (Philips – 256-slice),ct,0,missing,missing,,missing_sources; missing_processing; missing_adaptations; source_verification_missing; medical_review_missing
ct/vascular/ct-mdct-mesenteric-cta-philips-40-slice-6.md,CT Mesenteric CTA (Philips – 40-slice),ct,0,missing,missing,,missing_sources; missing_processing; missing_adaptations; source_verification_missing; medical_review_missing
ct/vascular/ct-mdct-mesenteric-cta-philips-64-slice-7.md,CT Mesenteric CTA (Philips – 64-slice),ct,0,missing,missing,,missing_sources; missing_processing; missing_adaptations; source_verification_missing; medical_review_missing
ct/vascular/ct-mdct-mesenteric-ischemia-ge-lightspeed-16-slice-9.md,CT Mesenteric Ischemia (GE – LightSpeed 16-slice),ct,0,missing,missing,,missing_sources; missing_processing; missing_adaptations; source_verification_missing; medical_review_missing
ct/vascular/ct-mdct-mesenteric-ischemia-ge-lightspeed-qx-i-4-slice-22.md,CT Mesenteric Ischemia (GE – LightSpeed QX/i 4-slice),ct,0,missing,missing,,missing_sources; missing_processing; missing_adaptations; source_verification_missing; medical_review_missing
ct/vascular/ct-mdct-mesenteric-ischemia-ge-lightspeed-ultra-8-slice-6.md,CT Mesenteric Ischemia (GE – LightSpeed Ultra 8-slice),ct,0,missing,missing,,missing_sources; missing_processing; missing_adaptations; source_verification_missing; medical_review_missing
ct/vascular/ct-mdct-mesenteric-ischemia-ge-lightspeed-vct-64-slice-28.md,CT Mesenteric Ischemia (GE – LightSpeed VCT 64-slice),ct,0,missing,missing,,missing_sources; missing_processing; missing_adaptations; source_verification_missing; medical_review_missing
ct/vascular/ct-mdct-neuro-cta-aneurysm-philips-16-slice-5.md,CT Neuro CTA (Aneurysm) (Philips – 16-slice),ct,0,missing,missing,,missing_sources; missing_processing; missing_adaptations; source_verification_missing; medical_review_missing
ct/vascular/ct-mdct-neuro-cta-aneurysm-with-bolus-pro-philips-64-slice-20.md,CT Neuro CTA (Aneurysm) With Bolus Pro (Philips – 64-slice),ct,0,missing,missing,,missing_sources; missing_processing; missing_adaptations; source_verification_missing; medical_review_missing
ct/vascular/ct-mdct-neuro-cta-aneurysm-with-test-inject-philips-64-slice-21.md,CT Neuro CTA (Aneurysm) With Test Injection (Philips – 64-slice),ct,0,missing,missing,,missing_sources; missing_processing; missing_adaptations; source_verification_missing; medical_review_missing
ct/vascular/ct-mdct-neuro-cta-carotid-and-circle-of-wil-ge-lightspeed-qx-i-4-slice-11.md,CT Neuro CTA-Carotid and Circle of Willis (GE – LightSpeed QX/i 4-slice),ct,0,missing,missing,,missing_sources; missing_processing; missing_adaptations; source_verification_missing; medical_review_missing
ct/vascular/ct-mdct-neuro-cta-carotid-and-circle-of-wil-ge-lightspeed-vct-64-slice-14.md,CT Neuro CTA-Carotid and Circle of Willis (GE – LightSpeed VCT 64-slice),ct,0,missing,missing,,missing_sources; missing_processing; missing_adaptations; source_verification_missing; medical_review_missing
ct/vascular/ct-mdct-neuro-cta-circle-of-willis-ge-lightspeed-qx-i-4-slice-12.md,CT Neuro CTA-Circle of Willis (GE – LightSpeed QX/i 4-slice),ct,0,missing,missing,,missing_sources; missing_processing; missing_adaptations; source_verification_missing; medical_review_missing
ct/vascular/ct-mdct-neuro-cta-circle-of-willis-ge-lightspeed-vct-64-slice-15.md,CT Neuro CTA-Circle of Willis (GE – LightSpeed VCT 64-slice),ct,0,missing,missing,,missing_sources; missing_processing; missing_adaptations; source_verification_missing; medical_review_missing
ct/vascular/ct-mdct-neuro-cta-complete-neurovasculature-philips-16-slice-6.md,CT Neuro CTA (Complete Neurovasculature) (Philips – 16-slice),ct,0,missing,missing,,missing_sources; missing_processing; missing_adaptations; source_verification_missing; medical_review_missing
ct/vascular/ct-mdct-neuro-cta-complete-neurovasculature-philips-64-slice-22.md,CT Neuro CTA (Complete Neurovasculature) With Bolus Pro (Philips – 64-slice),ct,0,missing,missing,,missing_sources; missing_processing; missing_adaptations; source_verification_missing; medical_review_missing
ct/vascular/ct-mdct-neuro-cta-complete-neurovasculature-philips-64-slice-23.md,CT Neuro CTA (Complete Neurovasculature) With Test Injection (Philips – 64-slice),ct,0,missing,missing,,missing_sources; missing_processing; missing_adaptations; source_verification_missing; medical_review_missing
ct/vascular/ct-mdct-neuro-ctv-venogram-ge-lightspeed-qx-i-4-slice-13.md,CT Neuro CTV (Venogram) (GE – LightSpeed QX/i 4-slice),ct,0,missing,missing,,missing_sources; missing_processing; missing_adaptations; source_verification_missing; medical_review_missing
ct/vascular/ct-mdct-neuro-ctv-venogram-ge-lightspeed-vct-64-slice-16.md,CT Neuro CTV (Venogram) (GE – LightSpeed VCT 64-slice),ct,0,missing,missing,,missing_sources; missing_processing; missing_adaptations; source_verification_missing; medical_review_missing
ct/vascular/ct-mdct-pe-dvt-philips-256-slice-38.md,CT PE + DVT (Philips – 256-slice),ct,0,missing,missing,,missing_sources; missing_processing; missing_adaptations; source_verification_missing; medical_review_missing
ct/vascular/ct-mdct-pe-dvt-philips-256-slice-39.md,CT PE + DVT (Philips – 256-slice),ct,0,missing,missing,,missing_sources; missing_processing; missing_adaptations; source_verification_missing; medical_review_missing
ct/vascular/ct-mdct-pe-dvt-philips-64-slice-37.md,CT PE + DVT (Philips – 64-slice),ct,0,missing,missing,,missing_sources; missing_processing; missing_adaptations; source_verification_missing; medical_review_missing
ct/vascular/ct-mdct-pe-dvt-philips-64-slice-38.md,CT PE + DVT (Philips – 64-slice),ct,0,missing,missing,,missing_sources; missing_processing; missing_adaptations; source_verification_missing; medical_review_missing
ct/vascular/ct-mdct-pe-dvt-pulmonary-embolism-pulmonary-philips-128-slice-14.md,"CT PE + DVT, Pulmonary Embolism, Pulmonary Embolism plus Deep Vein Thrombosis (DVT) (Philips – 128-slice)",ct,0,missing,missing,,missing_sources; missing_processing; missing_adaptations; source_verification_missing; medical_review_missing
ct/vascular/ct-mdct-peripheral-artery-disease-ge-lightspeed-16slice-19.md,CT Peripheral Artery Disease (GE – LightSpeed 16-slice),ct,0,missing,missing,,missing_sources; missing_processing; missing_adaptations; source_verification_missing; medical_review_missing
ct/vascular/ct-mdct-peripheral-artery-disease-ge-lightspeed-64slice-10.md,CT Peripheral Artery Disease (GE – LightSpeed 64-slice),ct,0,missing,missing,,missing_sources; missing_processing; missing_adaptations; source_verification_missing; medical_review_missing
ct/vascular/ct-mdct-peripheral-artery-disease-ge-lightspeed-pro-16slice-5.md,CT Peripheral Artery Disease (GE – LightSpeed Pro 16-slice),ct,0,missing,missing,,missing_sources; missing_processing; missing_adaptations; source_verification_missing; medical_review_missing
ct/vascular/ct-mdct-peripheral-artery-disease-ge-lightspeed-qxi-4slice-19.md,CT Peripheral Artery Disease (GE – LightSpeed QX/i 4-slice),ct,0,missing,missing,,missing_sources; missing_processing; missing_adaptations; source_verification_missing; medical_review_missing
ct/vascular/ct-mdct-peripheral-artery-disease-ge-lightspeed-ultra-8slice-19.md,CT Peripheral Artery Disease (GE – LightSpeed Ultra 8-slice),ct,0,missing,missing,,missing_sources; missing_processing; missing_adaptations; source_verification_missing; medical_review_missing
ct/vascular/ct-mdct-peripheral-artery-disease-periphera-philips-40slice-22.md,"CT Peripheral Artery Disease, Peripheral CTA (Philips – 40-slice)",ct,0,missing,missing,,missing_sources; missing_processing; missing_adaptations; source_verification_missing; medical_review_missing
ct/vascular/ct-mdct-peripheral-artery-disease-philips-16slice-22.md,CT Peripheral Artery Disease (Philips – 16-slice),ct,0,missing,missing,,missing_sources; missing_processing; missing_adaptations; source_verification_missing; medical_review_missing
ct/vascular/ct-mdct-peripheral-artery-disease-philips-16slice-23.md,CT Peripheral Artery Disease (Philips – 16-slice),ct,0,missing,missing,,missing_sources; missing_processing; missing_adaptations; source_verification_missing; medical_review_missing
ct/vascular/ct-mdct-peripheral-artery-disease-philips-4slice-12.md,CT Peripheral Artery Disease (Philips – 4-slice),ct,0,missing,missing,,missing_sources; missing_processing; missing_adaptations; source_verification_missing; medical_review_missing
ct/vascular/ct-mdct-peripheral-artery-disease-philips-4slice-13.md,CT Peripheral Artery Disease (Philips – 4-slice),ct,0,missing,missing,,missing_sources; missing_processing; missing_adaptations; source_verification_missing; medical_review_missing
ct/vascular/ct-mdct-peripheral-artery-disease-siemens-sensation-16-21.md,CT Peripheral Artery Disease (Siemens – Sensation 16),ct,0,missing,missing,,missing_sources; missing_processing; missing_adaptations; source_verification_missing; medical_review_missing
ct/vascular/ct-mdct-peripheral-artery-disease-siemens-sensation-16-22.md,CT Peripheral Artery Disease (Siemens – Sensation 16),ct,0,missing,missing,,missing_sources; missing_processing; missing_adaptations; source_verification_missing; medical_review_missing
ct/vascular/ct-mdct-peripheral-artery-disease-siemens-sensation-64-21.md,CT Peripheral Artery Disease (Siemens – Sensation 64),ct,0,missing,missing,,missing_sources; missing_processing; missing_adaptations; source_verification_missing; medical_review_missing
ct/vascular/ct-mdct-peripheral-artery-disease-siemens-sensation-64-22.md,CT Peripheral Artery Disease (Siemens – Sensation 64),ct,0,missing,missing,,missing_sources; missing_processing; missing_adaptations; source_verification_missing; medical_review_missing
ct/vascular/ct-mdct-peripheral-artery-disease-siemens-volume-zoom-4slice-21.md,CT Peripheral Artery Disease (Siemens – Volume Zoom 4-slice),ct,0,missing,missing,,missing_sources; missing_processing; missing_adaptations; source_verification_missing; medical_review_missing
ct/vascular/ct-mdct-peripheral-artery-disease-siemens-volume-zoom-4slice-22.md,CT Peripheral Artery Disease (Siemens – Volume Zoom 4-slice),ct,0,missing,missing,,missing_sources; missing_processing; missing_adaptations; source_verification_missing; medical_review_missing
ct/vascular/ct-mdct-peripheral-artery-disease-toshiba-aquilion-16-18.md,CT Peripheral Artery Disease (Toshiba – Aquilion 16),ct,0,missing,missing,,missing_sources; missing_processing; missing_adaptations; source_verification_missing; medical_review_missing
ct/vascular/ct-mdct-peripheral-artery-disease-toshiba-aquilion-16-19.md,CT Peripheral Artery Disease (Toshiba – Aquilion 16),ct,0,missing,missing,,missing_sources; missing_processing; missing_adaptations; source_verification_missing; medical_review_missing
ct/vascular/ct-mdct-peripheral-artery-disease-toshiba-aquilion-32-18.md,CT Peripheral Artery Disease (Toshiba – Aquilion 32),ct,0,missing,missing,,missing_sources; missing_processing; missing_adaptations; source_verification_missing; medical_review_missing
ct/vascular/ct-mdct-peripheral-artery-disease-toshiba-aquilion-32-19.md,CT Peripheral Artery Disease (Toshiba – Aquilion 32),ct,0,missing,missing,,missing_sources; missing_processing; missing_adaptations; source_verification_missing; medical_review_missing
ct/vascular/ct-mdct-peripheral-artery-disease-toshiba-aquilion-super-4-15.md,CT Peripheral Artery Disease (Toshiba – Aquilion Super 4),ct,0,missing,missing,,missing_sources; missing_processing; missing_adaptations; source_verification_missing; medical_review_missing
ct/vascular/ct-mdct-peripheral-artery-disease-toshiba-aquilion-super-4-16.md,CT Peripheral Artery Disease (Toshiba – Aquilion Super 4),ct,0,missing,missing,,missing_sources; missing_processing; missing_adaptations; source_verification_missing; medical_review_missing
ct/vascular/ct-mdct-peripheral-artery-disease-toshiba-aquilionone-15.md,CT Peripheral Artery Disease (Canon – Toshiba – AquilionOne),ct,0,missing,missing,,missing_sources; missing_processing; missing_adaptations; source_verification_missing; medical_review_missing
ct/vascular/ct-mdct-peripheral-cta-ge-64-slice-discovery-ct750-hd.md,CT Peripheral CTA (GE 64-slice Discovery CT750 HD),ct,0,missing,missing,,missing_sources; missing_processing; missing_adaptations; source_verification_missing; medical_review_missing
ct/vascular/ct-mdct-peripheral-cta-ge-lightspeed-16slice-24.md,CT Peripheral CTA (GE – LightSpeed 16-slice),ct,0,missing,missing,,missing_sources; missing_processing; missing_adaptations; source_verification_missing; medical_review_missing
ct/vascular/ct-mdct-peripheral-cta-ge-lightspeed-qxi-4slice-24.md,CT Peripheral CTA (GE – LightSpeed QX/i 4-slice),ct,0,missing,missing,,missing_sources; missing_processing; missing_adaptations; source_verification_missing; medical_review_missing
ct/vascular/ct-mdct-peripheral-cta-ge-lightspeed-ultra-8slice-24.md,CT Peripheral CTA (GE – LightSpeed Ultra 8-slice),ct,0,missing,missing,,missing_sources; missing_processing; missing_adaptations; source_verification_missing; medical_review_missing
ct/vascular/ct-mdct-peripheral-cta-philips-16-slice-16.md,CT Peripheral CTA (Philips – 16-slice),ct,0,missing,missing,,missing_sources; missing_processing; missing_adaptations; source_verification_missing; medical_review_missing
ct/vascular/ct-mdct-peripheral-cta-philips-256-slice-40.md,CT Peripheral CTA (Philips – 256-slice),ct,0,missing,missing,,missing_sources; missing_processing; missing_adaptations; source_verification_missing; medical_review_missing
ct/vascular/ct-mdct-peripheral-cta-run-off-vessels-philips-128-slice-15.md,"CT Peripheral CTA, Run-Off Vessels (Philips – 128-slice)",ct,0,missing,missing,,missing_sources; missing_processing; missing_adaptations; source_verification_missing; medical_review_missing
ct/vascular/ct-mdct-peripheral-cta-run-off-vessels-philips-40-slice-27.md,"CT Peripheral CTA, Run-Off Vessels (Philips – 40-slice)",ct,0,missing,missing,,missing_sources; missing_processing; missing_adaptations; source_verification_missing; medical_review_missing
ct/vascular/ct-mdct-peripheral-cta-run-off-vessels-philips-64-slice-39.md,"CT Peripheral CTA, Run-Off Vessels (Philips – 64-slice)",ct,0,missing,missing,,missing_sources; missing_processing; missing_adaptations; source_verification_missing; medical_review_missing
ct/vascular/ct-mdct-pulmonary-embolism-plus-deep-vein-t-ge-lightspeed-16slice-16.md,CT Pulmonary Embolism plus Deep Vein Thrombosis (DVT) (GE – LightSpeed 16-slice),ct,0,missing,missing,,missing_sources; missing_processing; missing_adaptations; source_verification_missing; medical_review_missing
ct/vascular/ct-mdct-pulmonary-embolism-plus-deep-vein-t-ge-lightspeed-64slice-7.md,CT Pulmonary Embolism plus Deep Vein Thrombosis (DVT) (GE – LightSpeed 64-slice),ct,0,missing,missing,,missing_sources; missing_processing; missing_adaptations; source_verification_missing; medical_review_missing
ct/vascular/ct-mdct-pulmonary-embolism-plus-deep-vein-t-ge-lightspeed-pro-16slice-2.md,CT Pulmonary Embolism plus Deep Vein Thrombosis (DVT) (GE – LightSpeed Pro 16-slice),ct,0,missing,missing,,missing_sources; missing_processing; missing_adaptations; source_verification_missing; medical_review_missing
ct/vascular/ct-mdct-pulmonary-embolism-plus-deep-vein-t-ge-lightspeed-qxi-4slice-16.md,CT Pulmonary Embolism plus Deep Vein Thrombosis (DVT) (GE – LightSpeed QX/i 4-slice),ct,0,missing,missing,,missing_sources; missing_processing; missing_adaptations; source_verification_missing; medical_review_missing
ct/vascular/ct-mdct-pulmonary-embolism-plus-deep-vein-t-ge-lightspeed-ultra-8slice-16.md,CT Pulmonary Embolism plus Deep Vein Thrombosis (DVT) (GE – LightSpeed Ultra 8-slice),ct,0,missing,missing,,missing_sources; missing_processing; missing_adaptations; source_verification_missing; medical_review_missing
ct/vascular/ct-mdct-pulmonary-embolism-plus-deep-vein-t-philips-16slice-24.md,CT Pulmonary Embolism plus Deep Vein Thrombosis (DVT) (Philips – 16-slice),ct,0,missing,missing,,missing_sources; missing_processing; missing_adaptations; source_verification_missing; medical_review_missing
ct/vascular/ct-mdct-pulmonary-embolism-plus-deep-vein-t-philips-16slice-25.md,CT Pulmonary Embolism plus Deep Vein Thrombosis (DVT) (Philips – 16-slice),ct,0,missing,missing,,missing_sources; missing_processing; missing_adaptations; source_verification_missing; medical_review_missing
ct/vascular/ct-mdct-pulmonary-embolism-plus-deep-vein-t-philips-40slice-24.md,CT Pulmonary Embolism plus Deep Vein Thrombosis (DVT) (Philips – 40-slice),ct,0,missing,missing,,missing_sources; missing_processing; missing_adaptations; source_verification_missing; medical_review_missing
ct/vascular/ct-mdct-pulmonary-embolism-plus-deep-vein-t-philips-4slice-14.md,CT Pulmonary Embolism plus Deep Vein Thrombosis (DVT) (Philips – 4-slice),ct,0,missing,missing,,missing_sources; missing_processing; missing_adaptations; source_verification_missing; medical_review_missing
ct/vascular/ct-mdct-pulmonary-embolism-plus-deep-vein-t-philips-4slice-15.md,CT Pulmonary Embolism plus Deep Vein Thrombosis (DVT) (Philips – 4-slice),ct,0,missing,missing,,missing_sources; missing_processing; missing_adaptations; source_verification_missing; medical_review_missing
ct/vascular/ct-mdct-pulmonary-embolism-plus-deep-vein-t-siemens-sensation-16-23.md,CT Pulmonary Embolism plus Deep Vein Thrombosis (DVT) (Siemens – Sensation 16),ct,0,missing,missing,,missing_sources; missing_processing; missing_adaptations; source_verification_missing; medical_review_missing
ct/vascular/ct-mdct-pulmonary-embolism-plus-deep-vein-t-siemens-sensation-16-24.md,CT Pulmonary Embolism plus Deep Vein Thrombosis (DVT) (Siemens – Sensation 16),ct,0,missing,missing,,missing_sources; missing_processing; missing_adaptations; source_verification_missing; medical_review_missing
ct/vascular/ct-mdct-pulmonary-embolism-plus-deep-vein-t-siemens-sensation-64-23.md,CT Pulmonary Embolism plus Deep Vein Thrombosis (DVT) (Siemens – Sensation 64),ct,0,missing,missing,,missing_sources; missing_processing; missing_adaptations; source_verification_missing; medical_review_missing
ct/vascular/ct-mdct-pulmonary-embolism-plus-deep-vein-t-siemens-sensation-64-24.md,CT Pulmonary Embolism plus Deep Vein Thrombosis (DVT) (Siemens – Sensation 64),ct,0,missing,missing,,missing_sources; missing_processing; missing_adaptations; source_verification_missing; medical_review_missing
ct/vascular/ct-mdct-pulmonary-embolism-plus-deep-vein-t-siemens-volume-zoom-4slice-23.md,CT Pulmonary Embolism plus Deep Vein Thrombosis (DVT) (Siemens – Volume Zoom 4-slice),ct,0,missing,missing,,missing_sources; missing_processing; missing_adaptations; source_verification_missing; medical_review_missing
ct/vascular/ct-mdct-pulmonary-embolism-plus-deep-vein-t-siemens-volume-zoom-4slice-24.md,CT Pulmonary Embolism plus Deep Vein Thrombosis (DVT) (Siemens – Volume Zoom 4-slice),ct,0,missing,missing,,missing_sources; missing_processing; missing_adaptations; source_verification_missing; medical_review_missing
ct/vascular/ct-mdct-pulmonary-embolism-plus-deep-vein-t-toshiba-aquilion-16-21.md,CT Pulmonary Embolism plus Deep Vein Thrombosis (DVT) (Toshiba – Aquilion 16),ct,0,missing,missing,,missing_sources; missing_processing; missing_adaptations; source_verification_missing; medical_review_missing
ct/vascular/ct-mdct-pulmonary-embolism-plus-deep-vein-t-toshiba-aquilion-32-21.md,CT Pulmonary Embolism plus Deep Vein Thrombosis (DVT) (Toshiba – Aquilion 32),ct,0,missing,missing,,missing_sources; missing_processing; missing_adaptations; source_verification_missing; medical_review_missing
ct/vascular/ct-mdct-pulmonary-embolism-plus-deep-vein-t-toshiba-aquilion-super-4-18.md,CT Pulmonary Embolism plus Deep Vein Thrombosis (DVT) (Toshiba – Aquilion Super 4),ct,0,missing,missing,,missing_sources; missing_processing; missing_adaptations; source_verification_missing; medical_review_missing
ct/vascular/ct-mdct-renal-arteries-ge-lightspeed-16slice-17.md,CT Renal Arteries (GE – LightSpeed 16-slice),ct,0,missing,missing,,missing_sources; missing_processing; missing_adaptations; source_verification_missing; medical_review_missing
ct/vascular/ct-mdct-renal-arteries-ge-lightspeed-16slice-18.md,CT Renal Arteries (GE – LightSpeed 16-slice),ct,0,missing,missing,,missing_sources; missing_processing; missing_adaptations; source_verification_missing; medical_review_missing
ct/vascular/ct-mdct-renal-arteries-ge-lightspeed-64slice-9.md,CT Renal Arteries (GE – LightSpeed 64-slice),ct,0,missing,missing,,missing_sources; missing_processing; missing_adaptations; source_verification_missing; medical_review_missing
ct/vascular/ct-mdct-renal-arteries-ge-lightspeed-pro-16slice-3.md,CT Renal Arteries (GE – LightSpeed Pro 16-slice),ct,0,missing,missing,,missing_sources; missing_processing; missing_adaptations; source_verification_missing; medical_review_missing
ct/vascular/ct-mdct-renal-arteries-ge-lightspeed-pro-16slice-4.md,CT Renal Arteries (GE – LightSpeed Pro 16-slice),ct,0,missing,missing,,missing_sources; missing_processing; missing_adaptations; source_verification_missing; medical_review_missing
ct/vascular/ct-mdct-renal-arteries-ge-lightspeed-qx-i-4-slice-24.md,CT Renal Arteries (GE – LightSpeed QX/i 4-slice),ct,0,missing,missing,,missing_sources; missing_processing; missing_adaptations; source_verification_missing; medical_review_missing
ct/vascular/ct-mdct-renal-arteries-ge-lightspeed-qxi-4slice-17.md,CT Renal Arteries (GE – LightSpeed QX/i 4-slice),ct,0,missing,missing,,missing_sources; missing_processing; missing_adaptations; source_verification_missing; medical_review_missing
ct/vascular/ct-mdct-renal-arteries-ge-lightspeed-qxi-4slice-18.md,CT Renal Arteries (GE – LightSpeed QX/i 4-slice),ct,0,missing,missing,,missing_sources; missing_processing; missing_adaptations; source_verification_missing; medical_review_missing
ct/vascular/ct-mdct-renal-arteries-ge-lightspeed-ultra-8slice-17.md,CT Renal Arteries (GE – LightSpeed Ultra 8-slice),ct,0,missing,missing,,missing_sources; missing_processing; missing_adaptations; source_verification_missing; medical_review_missing
ct/vascular/ct-mdct-renal-arteries-ge-lightspeed-ultra-8slice-18.md,CT Renal Arteries (GE – LightSpeed Ultra 8-slice),ct,0,missing,missing,,missing_sources; missing_processing; missing_adaptations; source_verification_missing; medical_review_missing
ct/vascular/ct-mdct-renal-arteries-siemens-sensation-16-25.md,CT Renal Arteries (Siemens – Sensation 16),ct,0,missing,missing,,missing_sources; missing_processing; missing_adaptations; source_verification_missing; medical_review_missing
ct/vascular/ct-mdct-renal-arteries-siemens-sensation-64-25.md,CT Renal Arteries (Siemens – Sensation 64),ct,0,missing,missing,,missing_sources; missing_processing; missing_adaptations; source_verification_missing; medical_review_missing
ct/vascular/ct-mdct-renal-arteries-siemens-volume-zoom-4slice-25.md,CT Renal Arteries (Siemens – Volume Zoom 4-slice),ct,0,missing,missing,,missing_sources; missing_processing; missing_adaptations; source_verification_missing; medical_review_missing
ct/vascular/ct-mdct-renal-ct-angiography-philips-256-slice-10.md,CT Renal CT Angiography (Philips – 256-slice),ct,0,missing,missing,,missing_sources; missing_processing; missing_adaptations; source_verification_missing; medical_review_missing
ct/vascular/ct-mdct-renal-ct-angiography-philips-40-slice-8.md,CT Renal CT Angiography (Philips – 40-slice),ct,0,missing,missing,,missing_sources; missing_processing; missing_adaptations; source_verification_missing; medical_review_missing
ct/vascular/ct-mdct-renal-ct-angiography-philips-64-slice-9.md,CT Renal CT Angiography (Philips – 64-slice),ct,0,missing,missing,,missing_sources; missing_processing; missing_adaptations; source_verification_missing; medical_review_missing
ct/vascular/ct-mdct-run-off-vessels-ge-lightspeed-16-slice-10.md,CT Run-Off Vessels (GE – LightSpeed 16-slice),ct,0,missing,missing,,missing_sources; missing_processing; missing_adaptations; source_verification_missing; medical_review_missing
ct/vascular/ct-mdct-run-off-vessels-ge-lightspeed-qx-i-4-slice-25.md,CT Run-Off Vessels (GE – LightSpeed QX/i 4-slice),ct,0,missing,missing,,missing_sources; missing_processing; missing_adaptations; source_verification_missing; medical_review_missing
ct/vascular/ct-mdct-run-off-vessels-ge-lightspeed-ultra-8-slice-7.md,CT Run-Off Vessels (GE – LightSpeed Ultra 8-slice),ct,0,missing,missing,,missing_sources; missing_processing; missing_adaptations; source_verification_missing; medical_review_missing
ct/vascular/ct-mdct-run-off-vessels-ge-lightspeed-vct-64-slice-29.md,CT Run-Off Vessels (GE – LightSpeed VCT 64-slice),ct,0,missing,missing,,missing_sources; missing_processing; missing_adaptations; source_verification_missing; medical_review_missing
ct/vascular/ct-mdct-run-off-vessels-thoracoabdominal-ao-philips-16slice-20.md,"CT Run-Off Vessels, Thoracoabdominal Aorta (Philips – 16-slice)",ct,0,missing,missing,,missing_sources; missing_processing; missing_adaptations; source_verification_missing; medical_review_missing
ct/vascular/ct-mdct-run-off-vessels-thoracoabdominal-ao-philips-40slice-19.md,"CT Run-Off Vessels, Thoracoabdominal Aorta (Philips – 40-slice)",ct,0,missing,missing,,missing_sources; missing_processing; missing_adaptations; source_verification_missing; medical_review_missing
ct/vascular/ct-mdct-thoracic-aorta-aneurysm-toshiba-aquilionone-17.md,CT Thoracic Aorta (Aneurysm) (Canon – Toshiba – AquilionOne),ct,0,missing,missing,,missing_sources; missing_processing; missing_adaptations; source_verification_missing; medical_review_missing
ct/vascular/ct-mdct-thoracic-aorta-gated-ge-lightspeed-16slice-20.md,CT Thoracic Aorta (Gated) (GE – LightSpeed 16-slice),ct,0,missing,missing,,missing_sources; missing_processing; missing_adaptations; source_verification_missing; medical_review_missing
ct/vascular/ct-mdct-thoracic-aorta-gated-ge-lightspeed-pro-16slice-6.md,CT Thoracic Aorta (Gated) (GE – LightSpeed Pro 16-slice),ct,0,missing,missing,,missing_sources; missing_processing; missing_adaptations; source_verification_missing; medical_review_missing
ct/vascular/ct-mdct-thoracic-aorta-gated-ge-lightspeed-qxi-4slice-20.md,CT Thoracic Aorta (Gated) (GE – LightSpeed QX/i 4-slice),ct,0,missing,missing,,missing_sources; missing_processing; missing_adaptations; source_verification_missing; medical_review_missing
ct/vascular/ct-mdct-thoracic-aorta-gated-ge-lightspeed-ultra-8slice-20.md,CT Thoracic Aorta (Gated) (GE – LightSpeed Ultra 8-slice),ct,0,missing,missing,,missing_sources; missing_processing; missing_adaptations; source_verification_missing; medical_review_missing
ct/vascular/ct-mdct-thoracic-aorta-gated-ge-lightspeed-vct-64slice-10.md,CT Thoracic Aorta (Gated) (GE – LightSpeed VCT 64-slice),ct,0,missing,missing,,missing_sources; missing_processing; missing_adaptations; source_verification_missing; medical_review_missing
ct/vascular/ct-mdct-thoracic-aorta-gated-philips-16slice-28.md,CT Thoracic Aorta (Gated) (Philips – 16-slice),ct,0,missing,missing,,missing_sources; missing_processing; missing_adaptations; source_verification_missing; medical_review_missing
ct/vascular/ct-mdct-thoracic-aorta-gated-philips-40slice-27.md,CT Thoracic Aorta (Gated) (Philips – 40-slice),ct,0,missing,missing,,missing_sources; missing_processing; missing_adaptations; source_verification_missing; medical_review_missing
ct/vascular/ct-mdct-thoracic-aorta-gated-philips-4slice-18.md,CT Thoracic Aorta (Gated) (Philips – 4-slice),ct,0,missing,missing,,missing_sources; missing_processing; missing_adaptations; source_verification_missing; medical_review_missing
ct/vascular/ct-mdct-thoracic-aorta-gated-philips-64-slice-42.md,CT Thoracic Aorta (Gated) (Philips – 64-slice),ct,0,missing,missing,,missing_sources; missing_processing; missing_adaptations; source_verification_missing; medical_review_missing
ct/vascular/ct-mdct-thoracic-aorta-gated-siemens-sensation-16-27.md,CT Thoracic Aorta (Gated) (Siemens – Sensation 16),ct,0,missing,missing,,missing_sources; missing_processing; missing_adaptations; source_verification_missing; medical_review_missing
ct/vascular/ct-mdct-thoracic-aorta-gated-siemens-sensation-64-27.md,CT Thoracic Aorta (Gated) (Siemens – Sensation 64),ct,0,missing,missing,,missing_sources; missing_processing; missing_adaptations; source_verification_missing; medical_review_missing
ct/vascular/ct-mdct-thoracic-aorta-gated-siemens-volume-zoom-4slice-27.md,CT Thoracic Aorta (Gated) (Siemens – Volume Zoom 4-slice),ct,0,missing,missing,,missing_sources; missing_processing; missing_adaptations; source_verification_missing; medical_review_missing
ct/vascular/ct-mdct-thoracic-aorta-gated-thoracic-aorta-philips-256-slice-43.md,"CT Thoracic Aorta (Gated), Thoracic Aorta, Prospective Gating (Philips – 256-slice)",ct,0,missing,missing,,missing_sources; missing_processing; missing_adaptations; source_verification_missing; medical_review_missing
ct/vascular/ct-mdct-thoracic-aorta-gated-toshiba-aquilion-16-15.md,CT Thoracic Aorta (Gated) (Toshiba – Aquilion 16),ct,0,missing,missing,,missing_sources; missing_processing; missing_adaptations; source_verification_missing; medical_review_missing
ct/vascular/ct-mdct-thoracic-aorta-gated-toshiba-aquilion-32-15.md,CT Thoracic Aorta (Gated) (Toshiba – Aquilion 32),ct,0,missing,missing,,missing_sources; missing_processing; missing_adaptations; source_verification_missing; medical_review_missing
ct/vascular/ct-mdct-thoracic-aorta-gated-toshiba-aquilion-super-4-14.md,CT Thoracic Aorta (Gated) (Toshiba – Aquilion Super 4),ct,0,missing,missing,,missing_sources; missing_processing; missing_adaptations; source_verification_missing; medical_review_missing
ct/vascular/ct-mdct-thoracic-aorta-general-ge-lightspeed-16slice-21.md,CT Thoracic Aorta (General) (GE – LightSpeed 16-slice),ct,0,missing,missing,,missing_sources; missing_processing; missing_adaptations; source_verification_missing; medical_review_missing
ct/vascular/ct-mdct-thoracic-aorta-general-ge-lightspeed-pro-16slice-7.md,CT Thoracic Aorta (General) (GE – LightSpeed Pro 16-slice),ct,0,missing,missing,,missing_sources; missing_processing; missing_adaptations; source_verification_missing; medical_review_missing
ct/vascular/ct-mdct-thoracic-aorta-general-ge-lightspeed-qx-i-4-slice-27.md,CT Thoracic Aorta (General) (GE – LightSpeed QX/i 4-slice),ct,0,missing,missing,,missing_sources; missing_processing; missing_adaptations; source_verification_missing; medical_review_missing
ct/vascular/ct-mdct-thoracic-aorta-general-ge-lightspeed-qxi-4slice-21.md,CT Thoracic Aorta (General) (GE – LightSpeed QX/i 4-slice),ct,0,missing,missing,,missing_sources; missing_processing; missing_adaptations; source_verification_missing; medical_review_missing
ct/vascular/ct-mdct-thoracic-aorta-general-ge-lightspeed-ultra-8slice-21.md,CT Thoracic Aorta (General) (GE – LightSpeed Ultra 8-slice),ct,0,missing,missing,,missing_sources; missing_processing; missing_adaptations; source_verification_missing; medical_review_missing
ct/vascular/ct-mdct-thoracic-aorta-general-philips-16slice-26.md,CT Thoracic Aorta (General) (Philips – 16-slice),ct,0,missing,missing,,missing_sources; missing_processing; missing_adaptations; source_verification_missing; medical_review_missing
ct/vascular/ct-mdct-thoracic-aorta-general-philips-40slice-25.md,CT Thoracic Aorta (General) (Philips – 40-slice),ct,0,missing,missing,,missing_sources; missing_processing; missing_adaptations; source_verification_missing; medical_review_missing
ct/vascular/ct-mdct-thoracic-aorta-general-philips-4slice-16.md,CT Thoracic Aorta (General) (Philips – 4-slice),ct,0,missing,missing,,missing_sources; missing_processing; missing_adaptations; source_verification_missing; medical_review_missing
ct/vascular/ct-mdct-thoracic-aorta-general-siemens-sensation-16-26.md,CT Thoracic Aorta (General) (Siemens – Sensation 16),ct,0,missing,missing,,missing_sources; missing_processing; missing_adaptations; source_verification_missing; medical_review_missing
ct/vascular/ct-mdct-thoracic-aorta-general-siemens-sensation-64-26.md,CT Thoracic Aorta (General) (Siemens – Sensation 64),ct,0,missing,missing,,missing_sources; missing_processing; missing_adaptations; source_verification_missing; medical_review_missing
ct/vascular/ct-mdct-thoracic-aorta-general-siemens-volume-zoom-4slice-26.md,CT Thoracic Aorta (General) (Siemens – Volume Zoom 4-slice),ct,0,missing,missing,,missing_sources; missing_processing; missing_adaptations; source_verification_missing; medical_review_missing
ct/vascular/ct-mdct-thoracic-aorta-general-toshiba-aquilion-16-22.md,CT Thoracic Aorta (General) (Toshiba – Aquilion 16),ct,0,missing,missing,,missing_sources; missing_processing; missing_adaptations; source_verification_missing; medical_review_missing
ct/vascular/ct-mdct-thoracic-aorta-general-toshiba-aquilion-32-22.md,CT Thoracic Aorta (General) (Toshiba – Aquilion 32),ct,0,missing,missing,,missing_sources; missing_processing; missing_adaptations; source_verification_missing; medical_review_missing
ct/vascular/ct-mdct-thoracic-aorta-general-toshiba-aquilion-super-4-19.md,CT Thoracic Aorta (General) (Toshiba – Aquilion Super 4),ct,0,missing,missing,,missing_sources; missing_processing; missing_adaptations; source_verification_missing; medical_review_missing
ct/vascular/ct-mdct-thoracic-aorta-philips-128-slice-17.md,CT Thoracic Aorta (Philips – 128-slice),ct,0,missing,missing,,missing_sources; missing_processing; missing_adaptations; source_verification_missing; medical_review_missing
ct/vascular/ct-mdct-thoracic-aorta-philips-256-slice-42.md,CT Thoracic Aorta (Philips – 256-slice),ct,0,missing,missing,,missing_sources; missing_processing; missing_adaptations; source_verification_missing; medical_review_missing
ct/vascular/ct-mdct-thoracic-aorta-philips-64-slice-41.md,CT Thoracic Aorta (Philips – 64-slice),ct,0,missing,missing,,missing_sources; missing_processing; missing_adaptations; source_verification_missing; medical_review_missing
ct/vascular/ct-mdct-thoracic-aorta-prospective-gating-philips-128-slice-18.md,"CT Thoracic Aorta, Prospective Gating (Philips – 128-slice)",ct,0,missing,missing,,missing_sources; missing_processing; missing_adaptations; source_verification_missing; medical_review_missing
ct/vascular/ct-mdct-thoracic-aorta-thoracoabdominal-aor-philips-128-slice-19.md,"CT Thoracic Aorta, Thoracoabdominal Aorta (Philips – 128-slice)",ct,0,missing,missing,,missing_sources; missing_processing; missing_adaptations; source_verification_missing; medical_review_missing
ct/vascular/ct-mdct-thoracoabdominal-aorta-gated-philips-40-slice-30.md,"CT Thoracoabdominal Aorta, Gated (Philips – 40-slice)",ct,0,missing,missing,,missing_sources; missing_processing; missing_adaptations; source_verification_missing; medical_review_missing
ct/vascular/ct-mdct-thoracoabdominal-aorta-gated-philips-64-slice-44.md,"CT Thoracoabdominal Aorta, Gated (Philips – 64-slice)",ct,0,missing,missing,,missing_sources; missing_processing; missing_adaptations; source_verification_missing; medical_review_missing
ct/vascular/ct-mdct-thoracoabdominal-aorta-ge-lightspeed-16-slice-12.md,CT Thoracoabdominal Aorta (GE – LightSpeed 16-slice),ct,0,missing,missing,,missing_sources; missing_processing; missing_adaptations; source_verification_missing; medical_review_missing
ct/vascular/ct-mdct-thoracoabdominal-aorta-ge-lightspeed-qx-i-4-slice-28.md,CT Thoracoabdominal Aorta (GE – LightSpeed QX/i 4-slice),ct,0,missing,missing,,missing_sources; missing_processing; missing_adaptations; source_verification_missing; medical_review_missing
ct/vascular/ct-mdct-thoracoabdominal-aorta-ge-lightspeed-vct-64-slice-32.md,CT Thoracoabdominal Aorta (GE – LightSpeed VCT 64-slice),ct,0,missing,missing,,missing_sources; missing_processing; missing_adaptations; source_verification_missing; medical_review_missing
ct/vascular/ct-mdct-thoracoabdominal-aorta-ge-lightspeed-vct-64slice-15.md,CT Thoracoabdominal Aorta (GE – LightSpeed VCT 64-slice),ct,0,missing,missing,,missing_sources; missing_processing; missing_adaptations; source_verification_missing; medical_review_missing
ct/vascular/ct-mdct-thoracoabdominal-aorta-philips-16-slice-17.md,CT Thoracoabdominal Aorta (Philips – 16-slice),ct,0,missing,missing,,missing_sources; missing_processing; missing_adaptations; source_verification_missing; medical_review_missing
ct/vascular/ct-mdct-thoracoabdominal-aorta-philips-256-slice-44.md,CT Thoracoabdominal Aorta (Philips – 256-slice),ct,0,missing,missing,,missing_sources; missing_processing; missing_adaptations; source_verification_missing; medical_review_missing
ct/vascular/ct-mdct-thoracoabdominal-aorta-philips-40-slice-29.md,CT Thoracoabdominal Aorta (Philips – 40-slice),ct,0,missing,missing,,missing_sources; missing_processing; missing_adaptations; source_verification_missing; medical_review_missing
ct/vascular/ct-mdct-thoracoabdominal-aorta-philips-64-slice-43.md,CT Thoracoabdominal Aorta (Philips – 64-slice),ct,0,missing,missing,,missing_sources; missing_processing; missing_adaptations; source_verification_missing; medical_review_missing
ct/vascular/ct-mdct-thoracoabdominal-aorta-prospective-philips-256-slice-45.md,"CT Thoracoabdominal Aorta, Prospective Gating (Philips – 256-slice)",ct,0,missing,missing,,missing_sources; missing_processing; missing_adaptations; source_verification_missing; medical_review_missing
ct/vascular/ct-mdct-thoracoabdominal-aorta-thoracoabdom-philips-128-slice-20.md,"CT Thoracoabdominal Aorta, Thoracoabdominal Aorta, Gated, Thoracoabdominal Aorta, Prospective Gating (Philips – 128-slice)",ct,0,missing,missing,,missing_sources; missing_processing; missing_adaptations; source_verification_missing; medical_review_missing
ct/vascular/ct-mdct-trauma-workup-vascular-chestparench-ge-lightspeed-16-slice-13.md,CT Trauma Workup (Vascular Chest/Parenchymal Abdominopelvic Injury) (GE – LightSpeed 16-slice),ct,0,missing,missing,,missing_sources; missing_processing; missing_adaptations; source_verification_missing; medical_review_missing
ct/vascular/ct-mdct-trauma-workup-vascular-chestparench-ge-lightspeed-qx-i-4-slice-29.md,CT Trauma Workup (Vascular Chest/Parenchymal Abdominopelvic Injury) (GE – LightSpeed QX/i 4-slice),ct,0,missing,missing,,missing_sources; missing_processing; missing_adaptations; source_verification_missing; medical_review_missing
ct/vascular/ct-mdct-trauma-workup-vascular-chestparench-ge-lightspeed-ultra-8-slice-9.md,CT Trauma Workup (Vascular Chest/Parenchymal Abdominopelvic Injury) (GE – LightSpeed Ultra 8-slice),ct,0,missing,missing,,missing_sources; missing_processing; missing_adaptations; source_verification_missing; medical_review_missing
ct/vascular/ct-mdct-trauma-workup-vascular-chestparench-ge-lightspeed-vct-64-slice-33.md,CT Trauma Workup (Vascular Chest/Parenchymal Abdominopelvic Injury) (GE – LightSpeed VCT 64-slice),ct,0,missing,missing,,missing_sources; missing_processing; missing_adaptations; source_verification_missing; medical_review_missing
ct/vascular/ct-mdct-vascular-injury-trauma-ge-lightspeed-vct-64slice-13.md,CT Vascular Injury (Trauma) (GE – LightSpeed VCT 64-slice),ct,0,missing,missing,,missing_sources; missing_processing; missing_adaptations; source_verification_missing; medical_review_missing
ct/vascular/ct-mdct-vascular-injury-trauma-philips-16slice-27.md,CT Vascular Injury (Trauma) (Philips – 16-slice),ct,0,missing,missing,,missing_sources; missing_processing; missing_adaptations; source_verification_missing; medical_review_missing
ct/vascular/ct-mdct-vascular-injury-trauma-philips-16slice-29.md,CT Vascular Injury (Trauma) (Philips – 16-slice),ct,0,missing,missing,,missing_sources; missing_processing; missing_adaptations; source_verification_missing; medical_review_missing
ct/vascular/ct-mdct-vascular-injury-trauma-philips-40slice-26.md,CT Vascular Injury (Trauma) (Philips – 40-slice),ct,0,missing,missing,,missing_sources; missing_processing; missing_adaptations; source_verification_missing; medical_review_missing
ct/vascular/ct-mdct-vascular-injury-trauma-philips-4slice-17.md,CT Vascular Injury (Trauma) (Philips – 4-slice),ct,0,missing,missing,,missing_sources; missing_processing; missing_adaptations; source_verification_missing; medical_review_missing
ct/vascular/ct-mdct-vascular-injury-trauma-philips-4slice-19.md,CT Vascular Injury (Trauma) (Philips – 4-slice),ct,0,missing,missing,,missing_sources; missing_processing; missing_adaptations; source_verification_missing; medical_review_missing
ct/vascular/ct-mdct-vascular-injury-trauma-protocol-canon-toshiba-aquilionone.md,CT Vascular Injury (Trauma) (Canon – Toshiba – AquilionOne),ct,0,missing,missing,,missing_sources; missing_processing; missing_adaptations; source_verification_missing; medical_review_missing
ct/vascular/ct-mdct-vascular-injury-trauma-siemens-sensation-16-28.md,CT Vascular Injury (Trauma) (Siemens – Sensation 16),ct,0,missing,missing,,missing_sources; missing_processing; missing_adaptations; source_verification_missing; medical_review_missing
ct/vascular/ct-mdct-vascular-injury-trauma-siemens-sensation-16-29.md,CT Vascular Injury (Trauma) (Siemens – Sensation 16),ct,0,missing,missing,,missing_sources; missing_processing; missing_adaptations; source_verification_missing; medical_review_missing
ct/vascular/ct-mdct-vascular-injury-trauma-siemens-sensation-64-28.md,CT Vascular Injury (Trauma) (Siemens – Sensation 64),ct,0,missing,missing,,missing_sources; missing_processing; missing_adaptations; source_verification_missing; medical_review_missing
ct/vascular/ct-mdct-vascular-injury-trauma-siemens-sensation-64-29.md,CT Vascular Injury (Trauma) (Siemens – Sensation 64),ct,0,missing,missing,,missing_sources; missing_processing; missing_adaptations; source_verification_missing; medical_review_missing
ct/vascular/ct-mdct-vascular-injury-trauma-siemens-volume-zoom-4slice-28.md,CT Vascular Injury (Trauma) (Siemens – Volume Zoom 4-slice),ct,0,missing,missing,,missing_sources; missing_processing; missing_adaptations; source_verification_missing; medical_review_missing
ct/vascular/ct-mdct-vascular-injury-trauma-siemens-volume-zoom-4slice-29.md,CT Vascular Injury (Trauma) (Siemens – Volume Zoom 4-slice),ct,0,missing,missing,,missing_sources; missing_processing; missing_adaptations; source_verification_missing; medical_review_missing
ct/vascular/ct-mdct-vascular-injury-trauma-toshiba-aquilion-16-23.md,CT Vascular Injury (Trauma) (Toshiba – Aquilion 16),ct,0,missing,missing,,missing_sources; missing_processing; missing_adaptations; source_verification_missing; medical_review_missing
ct/vascular/ct-mdct-vascular-injury-trauma-toshiba-aquilion-32-23.md,CT Vascular Injury (Trauma) (Toshiba – Aquilion 32),ct,0,missing,missing,,missing_sources; missing_processing; missing_adaptations; source_verification_missing; medical_review_missing
ct/vascular/ct-mdct-vascular-injury-trauma-toshiba-aquilion-super-4-20.md,CT Vascular Injury (Trauma) (Toshiba – Aquilion Super 4),ct,0,missing,missing,,missing_sources; missing_processing; missing_adaptations; source_verification_missing; medical_review_missing
ct/vascular/cta-abdomen-pelvis.md,Angio-CT Abdomen și Pelvis,ct,2,missing,missing,,missing_source_locator; missing_source_version; missing_source_relationship; missing_processing; missing_adaptations; source_verification_missing; medical_review_missing
ct/vascular/cta-acute-gi-bleed-ohsu.md,CTA Hemoragie Digestivă Acută (Protocol OHSU),ct,0,missing,missing,,missing_sources; missing_processing; missing_adaptations; source_verification_missing; medical_review_missing
ct/vascular/cta-chest-abdomen-pelvis.md,"Angio-CT Torace, Abdomen și Pelvis",ct,2,missing,missing,,missing_source_locator; missing_source_version; missing_source_relationship; missing_processing; missing_adaptations; source_verification_missing; medical_review_missing
ct/vascular/cta-chest.md,Angio-CT Torace (Aortă Toracică și Vase Mari),ct,2,missing,missing,,missing_source_locator; missing_source_version; missing_source_relationship; missing_processing; missing_adaptations; source_verification_missing; medical_review_missing
ct/vascular/cta-diep-flap-ohsu.md,CTA Perforatoare DIEP Reconstrucție Mamară (Protocol OHSU),ct,0,missing,missing,,missing_sources; missing_processing; missing_adaptations; source_verification_missing; medical_review_missing
ct/vascular/cta-diep-flap-pre-operative.md,Angio-CT Pre-operator Lambou DIEP (Reconstrucție Mamară),ct,2,missing,missing,,missing_source_locator; missing_source_version; missing_source_relationship; missing_processing; missing_adaptations; source_verification_missing; medical_review_missing
ct/vascular/cta-for-gi-bleed.md,Angio-CT pentru Hemoragie Digestivă Activă,ct,2,missing,missing,,missing_source_locator; missing_source_version; missing_source_relationship; missing_processing; missing_adaptations; source_verification_missing; medical_review_missing
ct/vascular/cta-lower-extremity-free-flap.md,Angio-CT Planificare Lambou Liber Membru Inferior (Fibulă / ALT),ct,2,missing,missing,,missing_source_locator; missing_source_version; missing_source_relationship; missing_processing; missing_adaptations; source_verification_missing; medical_review_missing
ct/vascular/cta-lower-extremity-runoff-for-pad.md,Angio-CT Membre Inferioare (Runoff pentru Boală Arterială Periferică),ct,2,missing,missing,,missing_source_locator; missing_source_version; missing_source_relationship; missing_processing; missing_adaptations; source_verification_missing; medical_review_missing
ct/vascular/cta-lower-extremity-runoff-ohsu.md,CTA Runoff Membre Inferioare & Aorto-Iliac (Protocol OHSU),ct,0,missing,missing,,missing_sources; missing_processing; missing_adaptations; source_verification_missing; medical_review_missing
ct/vascular/cta-mesenteric-ischemia.md,Angio-CT Ischemie Mezenterică (Acută / Cronică),ct,2,missing,missing,,missing_source_locator; missing_source_version; missing_source_relationship; missing_processing; missing_adaptations; source_verification_missing; medical_review_missing
ct/vascular/cta-pelvis-cyclist-iliac-artery-maneuver.md,Angio-CT Pelvis Manevră Flexie Șold pentru Bicicliști (Endofibroză Iliacă),ct,2,missing,missing,,missing_source_locator; missing_source_version; missing_source_relationship; missing_processing; missing_adaptations; source_verification_missing; medical_review_missing
ct/vascular/cta-pelvis-prostate-artery-embolization.md,Angio-CT Pelvis Planificare Embolizare de Arteră Prostatică (PAE),ct,2,missing,missing,,missing_source_locator; missing_source_version; missing_source_relationship; missing_processing; missing_adaptations; source_verification_missing; medical_review_missing
ct/vascular/cta-popliteal-entrapment.md,Angio-CT Sindrom de Încarcerare a Arterei Poplitee (Popliteal Entrapment),ct,2,missing,missing,,missing_source_locator; missing_source_version; missing_source_relationship; missing_processing; missing_adaptations; source_verification_missing; medical_review_missing
ct/vascular/cta-scadfmd-protocol.md,Angio-CT Protocol Displazie Fibromusculară (FMD) și Disecție Coronariană (SCAD),ct,2,missing,missing,,missing_source_locator; missing_source_version; missing_source_relationship; missing_processing; missing_adaptations; source_verification_missing; medical_review_missing
ct/vascular/cta-upper-extremity.md,Angio-CT Membru Superior,ct,2,missing,missing,,missing_source_locator; missing_source_version; missing_source_relationship; missing_processing; missing_adaptations; source_verification_missing; medical_review_missing
ct/vascular/ctv-abdomen-pelvis.md,Flebo-CT (CTV) Abdomen și Pelvis (Sistem Venos Ilio-Cav),ct,2,missing,missing,,missing_source_locator; missing_source_version; missing_source_relationship; missing_processing; missing_adaptations; source_verification_missing; medical_review_missing
ct/vascular/ctv-chest-abdomen-pelvis.md,Flebo-CT (CTV) Torace-Abdomen-Pelvis (Sindrom Cav Superior / Inferior),ct,2,missing,missing,,missing_source_locator; missing_source_version; missing_source_relationship; missing_processing; missing_adaptations; source_verification_missing; medical_review_missing
eco/abdomen-pelvis/eco-abdomen-total.md,Ecografie Abdominală Totală (Generală),eco,2,missing,missing,,missing_source_locator; missing_source_version; missing_source_relationship; missing_processing; missing_adaptations; source_verification_missing; medical_review_missing
eco/abdomen-pelvis/eco-aparat-urinar-rinichi-vezica.md,Ecografie Renală și a Tractului Urinar,eco,2,missing,missing,,missing_source_locator; missing_source_version; missing_source_relationship; missing_processing; missing_adaptations; source_verification_missing; medical_review_missing
eco/abdomen-pelvis/eco-fast-trauma-urgenta.md,Protocol Ecografic FAST / E-FAST în Traumatologia de Urgență,eco,2,missing,missing,,missing_source_locator; missing_source_version; missing_source_relationship; missing_processing; missing_adaptations; source_verification_missing; medical_review_missing
eco/abdomen-pelvis/eco-pelvis-ginecologic-si-vezical.md,Ecografie Pelvină Ginecologică și a Vezicii Urinare (Transabdominală),eco,2,missing,missing,,missing_source_locator; missing_source_version; missing_source_relationship; missing_processing; missing_adaptations; source_verification_missing; medical_review_missing
eco/msk/eco-genunchi-si-aparat-extensor.md,Ecografie de Genunchi și a Aparatului Extensor,eco,2,missing,missing,,missing_source_locator; missing_source_version; missing_source_relationship; missing_processing; missing_adaptations; source_verification_missing; medical_review_missing
eco/msk/eco-tendon-achilean-si-glezna.md,"Ecografie de Tendon Achilean, Gleznă și Fascie Plantară",eco,2,missing,missing,,missing_source_locator; missing_source_version; missing_source_relationship; missing_processing; missing_adaptations; source_verification_missing; medical_review_missing
eco/msk/eco-umar-coafa-rotatorilor.md,Ecografie de Umăr și a Coafei Rotatorilor,eco,2,missing,missing,,missing_source_locator; missing_source_version; missing_source_relationship; missing_processing; missing_adaptations; source_verification_missing; medical_review_missing
eco/parti-moi-endocrin/eco-ganglioni-limfatici-cervicali.md,Ecografie a Ganglionilor Limfatici Cervicali,eco,2,missing,missing,,missing_source_locator; missing_source_version; missing_source_relationship; missing_processing; missing_adaptations; source_verification_missing; medical_review_missing
eco/parti-moi-endocrin/eco-glande-salivare-parotida-submandibulara.md,Ecografie a Glandelor Salivare (Parotidă și Submandibulară),eco,2,missing,missing,,missing_source_locator; missing_source_version; missing_source_relationship; missing_processing; missing_adaptations; source_verification_missing; medical_review_missing
eco/parti-moi-endocrin/eco-parti-moi-lipom-colectie.md,"Ecografie de Părți Moi Subcutanate (Formațiuni, Lipom, Colecție)",eco,2,missing,missing,,missing_source_locator; missing_source_version; missing_source_relationship; missing_processing; missing_adaptations; source_verification_missing; medical_review_missing
eco/parti-moi-endocrin/eco-tiroida-si-paratiroide-tirads.md,Ecografie Tiroidiană și a Glandelor Paratiroide (Clasificare EU-TIRADS),eco,2,missing,missing,,missing_source_locator; missing_source_version; missing_source_relationship; missing_processing; missing_adaptations; source_verification_missing; medical_review_missing
eco/pediatrie/eco-abdomen-pediatric-apendicita-pilor.md,Ecografie Abdominală Pediatrică (Apendicită Acută & Stenoză Hipertrofică de Pilor),eco,2,missing,missing,,missing_source_locator; missing_source_version; missing_source_relationship; missing_processing; missing_adaptations; source_verification_missing; medical_review_missing
eco/pediatrie/eco-sold-sugar-screening-displazie.md,Ecografie de Șold la Sugar (Screeningul Displaziei de Dezvoltare - Metoda Graf),eco,2,missing,missing,,missing_source_locator; missing_source_version; missing_source_relationship; missing_processing; missing_adaptations; source_verification_missing; medical_review_missing
eco/pediatrie/eco-transfontanelara-nou-nascut.md,Ecografie Transfontanelară (ETF) la Nou-Născut și Sugar,eco,2,missing,missing,,missing_source_locator; missing_source_version; missing_source_relationship; missing_processing; missing_adaptations; source_verification_missing; medical_review_missing
eco/san/eco-mamara-bilaterala-birads.md,Ecografie Mamară Bilaterală și Axilară (Clasificare BI-RADS US),eco,2,missing,missing,,missing_source_locator; missing_source_version; missing_source_relationship; missing_processing; missing_adaptations; source_verification_missing; medical_review_missing
eco/vascular-doppler/eco-doppler-aorta-abdominala-anevrism.md,Ecografie Doppler a Aortei Abdominale (Screening & Monitorizare Anevrism),eco,2,missing,missing,,missing_source_locator; missing_source_version; missing_source_relationship; missing_processing; missing_adaptations; source_verification_missing; medical_review_missing
eco/vascular-doppler/eco-doppler-arterial-membru-inferior.md,Ecografie Doppler Arterial al Membrelor Inferioare,eco,2,missing,missing,,missing_source_locator; missing_source_version; missing_source_relationship; missing_processing; missing_adaptations; source_verification_missing; medical_review_missing
eco/vascular-doppler/eco-doppler-carotidian-si-vertebral.md,Ecografie Doppler a Arterelor Carotide și Vertebrale (Vase Cervico-Cerebrale),eco,2,missing,missing,,missing_source_locator; missing_source_version; missing_source_relationship; missing_processing; missing_adaptations; source_verification_missing; medical_review_missing
eco/vascular-doppler/eco-doppler-venos-membru-inferior.md,Ecografie Doppler Venos al Membrelor Inferioare (Tromboză Venoasă Profundă & Insuficiență),eco,2,missing,missing,,missing_source_locator; missing_source_version; missing_source_relationship; missing_processing; missing_adaptations; source_verification_missing; medical_review_missing
fluoro/c-arm/c-arm-colangiografie-intraoperatorie.md,C-Arm în Chirurgie: Colangiografie Intraoperatorie (CIO),fluoro,2,missing,missing,,missing_source_locator; missing_source_version; missing_source_relationship; missing_processing; missing_adaptations; source_verification_missing; medical_review_missing
fluoro/c-arm/c-arm-infiltratii-rahidiene-si-durere.md,"C-Arm în Terapia Durerii: Infiltrații Peridurale, Fațetare & Sacroiliace",fluoro,2,missing,missing,,missing_source_locator; missing_source_version; missing_source_relationship; missing_processing; missing_adaptations; source_verification_missing; medical_review_missing
fluoro/c-arm/c-arm-nefrostomie-si-stent-jj.md,C-Arm în Urologie Intervențională: Nefrostomie Percutanată & Montare Stent JJ,fluoro,2,missing,missing,,missing_source_locator; missing_source_version; missing_source_relationship; missing_processing; missing_adaptations; source_verification_missing; medical_review_missing
fluoro/c-arm/c-arm-osteosinteza-trauma-ortopedie.md,C-Arm în Ortopedie & Traumatologie: Reducere și Osteosinteză Fracturi,fluoro,2,missing,missing,,missing_source_locator; missing_source_version; missing_source_relationship; missing_processing; missing_adaptations; source_verification_missing; medical_review_missing
fluoro/digestiv/clisma-baritata-irigoscopie.md,Clismă Baritată (Irigoscopie / Irigografie Dublu Contrast),fluoro,2,missing,missing,,missing_source_locator; missing_source_version; missing_source_relationship; missing_processing; missing_adaptations; source_verification_missing; medical_review_missing
fluoro/digestiv/tranzit-esofagian.md,Tranzit Baritat Esofagian (Esofagoscopie Radiologică),fluoro,2,missing,missing,,missing_source_locator; missing_source_version; missing_source_relationship; missing_processing; missing_adaptations; source_verification_missing; medical_review_missing
fluoro/digestiv/tranzit-esofago-gastro-duodenal-tegd.md,Tranzit Esofago-Gastro-Duodenal (TEGD) - Dublu Contrast,fluoro,2,missing,missing,,missing_source_locator; missing_source_version; missing_source_relationship; missing_processing; missing_adaptations; source_verification_missing; medical_review_missing
fluoro/digestiv/tranzit-intestin-subtire-sbft.md,Tranzit Intestin Subțire (Enterocliză / Small Bowel Follow-Through - SBFT),fluoro,2,missing,missing,,missing_source_locator; missing_source_version; missing_source_relationship; missing_processing; missing_adaptations; source_verification_missing; medical_review_missing
fluoro/pediatrie/cistouretrografie-mictionala-pediatrica.md,Cistouretrografie Micțională Pediatrică (CUM / VCUG Pediatric),fluoro,2,missing,missing,,missing_source_locator; missing_source_version; missing_source_relationship; missing_processing; missing_adaptations; source_verification_missing; medical_review_missing
fluoro/pediatrie/dezinvaginare-intestinala-fluoro.md,Dezinvaginare Intestinală sub Control Fluoroscopic (Reducere Pneumatică / Hidrostatică),fluoro,2,missing,missing,,missing_source_locator; missing_source_version; missing_source_relationship; missing_processing; missing_adaptations; source_verification_missing; medical_review_missing
fluoro/urinar/cistouretrografie-mictionala-ucr.md,Cistouretrografie Micțională (UCR / CUM / Voiding Cystourethrography),fluoro,2,missing,missing,,missing_source_locator; missing_source_version; missing_source_relationship; missing_processing; missing_adaptations; source_verification_missing; medical_review_missing
fluoro/urinar/histerosalpingografie-hsg.md,Histerosalpingografie (HSG) sub Control Fluoroscopic,fluoro,2,missing,missing,,missing_source_locator; missing_source_version; missing_source_relationship; missing_processing; missing_adaptations; source_verification_missing; medical_review_missing
fluoro/urinar/pielografie-retrograda-si-anterograda.md,Pielografie Retrogradă și Anterogradă Fluoroscopică,fluoro,2,missing,missing,,missing_source_locator; missing_source_version; missing_source_relationship; missing_processing; missing_adaptations; source_verification_missing; medical_review_missing
irm/abdomen-pelvis/colangio-irm-mrcp.md,Colangio-IRM (MRCP) - Evaluare Non-invazivă a Căilor Biliare,irm,2,missing,missing,,missing_source_locator; missing_source_version; missing_source_relationship; missing_processing; missing_adaptations; source_verification_missing; medical_review_missing
irm/abdomen-pelvis/entero-irm.md,Entero-IRM (Protocol Boală Inflamatorie Intestinală - Crohn),irm,2,missing,missing,,missing_source_locator; missing_source_version; missing_source_relationship; missing_processing; missing_adaptations; source_verification_missing; medical_review_missing
irm/abdomen-pelvis/irm-apendicita-gravide-pediatrie-ohsu.md,RM Apendicită Acută Nativă - Gravide & Pediatrie (Protocol OHSU),irm,0,missing,missing,,missing_sources; missing_processing; missing_adaptations; source_verification_missing; medical_review_missing
irm/abdomen-pelvis/irm-cuantificare-fier-steatoza-hepatica-ohsu.md,RM Cuantificare Fier Fe & Steatoză Hepatică PDFF (Protocol OHSU),irm,0,missing,missing,,missing_sources; missing_processing; missing_adaptations; source_verification_missing; medical_review_missing
irm/abdomen-pelvis/irm-ficat-multipfazic-cu-contrast.md,IRM Ficat Multipfazic cu Substanță de Contrast Paramagnetic,irm,2,missing,missing,,missing_source_locator; missing_source_version; missing_source_relationship; missing_processing; missing_adaptations; source_verification_missing; medical_review_missing
irm/abdomen-pelvis/irm-pelvis-feminin-si-endometrioza.md,IRM Pelvis Feminin & Endometrioză Profundă Infiltrativă (DIE),irm,2,missing,missing,,missing_source_locator; missing_source_version; missing_source_relationship; missing_processing; missing_adaptations; source_verification_missing; medical_review_missing
irm/abdomen-pelvis/irm-prostata-multiparametrica-mpmri.md,IRM Prostată Multiparametrică (mpMRI) - Protocol PI-RADS v2.1,irm,2,missing,missing,,missing_source_locator; missing_source_version; missing_source_relationship; missing_processing; missing_adaptations; source_verification_missing; medical_review_missing
irm/cardiac/irm-cardiac-functional-si-viabilitate.md,"IRM Cardiac - Evaluare Funcțională, Ischemie & Viabilitate (LGE)",irm,2,missing,missing,,missing_source_locator; missing_source_version; missing_source_relationship; missing_processing; missing_adaptations; source_verification_missing; medical_review_missing
irm/msk/irm-bazin-si-articulatii-sacroiliace.md,IRM Bazin & Articulații Sacroiliace (Protocol Spondilartrită axSpA),irm,2,missing,missing,,missing_source_locator; missing_source_version; missing_source_relationship; missing_processing; missing_adaptations; source_verification_missing; medical_review_missing
irm/msk/irm-genunchi.md,IRM Genunchi,irm,2,missing,missing,,missing_source_locator; missing_source_version; missing_source_relationship; missing_processing; missing_adaptations; source_verification_missing; medical_review_missing
irm/msk/irm-glezna-retropicior-ohsu.md,RM Retropicior & Gleznă MSK (Protocol OHSU),irm,0,missing,missing,,missing_sources; missing_processing; missing_adaptations; source_verification_missing; medical_review_missing
irm/msk/irm-glezna-si-picior.md,IRM Gleznă & Picior,irm,2,missing,missing,,missing_source_locator; missing_source_version; missing_source_relationship; missing_processing; missing_adaptations; source_verification_missing; medical_review_missing
irm/msk/irm-umar.md,IRM Umăr,irm,2,missing,missing,,missing_source_locator; missing_source_version; missing_source_relationship; missing_processing; missing_adaptations; source_verification_missing; medical_review_missing
irm/neuro/angio-irm-artere-intracraniene-tof-3d.md,Angio-IRM Artere Intracraniene (3D TOF fără contrast),irm,2,missing,missing,,missing_source_locator; missing_source_version; missing_source_relationship; missing_processing; missing_adaptations; source_verification_missing; medical_review_missing
irm/neuro/irm-cerebral-nativ-si-cu-contrast.md,IRM Cerebral Nativ și cu Substanță de Contrast,irm,2,missing,missing,,missing_source_locator; missing_source_version; missing_source_relationship; missing_processing; missing_adaptations; source_verification_missing; medical_review_missing
irm/neuro/irm-cerebral-stroke-ischemie.md,IRM Cerebral Urgență - Protocol AVC Ischemic Acut (Stroke),irm,2,missing,missing,,missing_source_locator; missing_source_version; missing_source_relationship; missing_processing; missing_adaptations; source_verification_missing; medical_review_missing
irm/neuro/irm-coloana-cervicala.md,IRM Coloană Cervicală,irm,2,missing,missing,,missing_source_locator; missing_source_version; missing_source_relationship; missing_processing; missing_adaptations; source_verification_missing; medical_review_missing
irm/neuro/irm-coloana-lombara.md,IRM Coloană Lombară,irm,2,missing,missing,,missing_source_locator; missing_source_version; missing_source_relationship; missing_processing; missing_adaptations; source_verification_missing; medical_review_missing
irm/neuro/irm-hipofiza-cu-contrast-dinamic.md,IRM Hipofiză (Regiune Selară) cu Substanță de Contrast Dinamic,irm,2,missing,missing,,missing_source_locator; missing_source_version; missing_source_relationship; missing_processing; missing_adaptations; source_verification_missing; medical_review_missing
irm/neuro/irm-mra-brain-ohsu.md,RM Angiografie Cerebrală MRA 3D TOF & Contrast (Protocol OHSU),irm,0,missing,missing,,missing_sources; missing_processing; missing_adaptations; source_verification_missing; medical_review_missing
irm/neuro/irm-orbite-ohsu.md,RM Orbite & Nervi Optici / Graves & Cine ENT (Protocol OHSU),irm,0,missing,missing,,missing_sources; missing_processing; missing_adaptations; source_verification_missing; medical_review_missing
irm/pediatrie/irm-pediatric-abdomen-lung-extins.md,RM Pediatric — Protocol Abdomen Lung / Extins (Long Abdomen),irm,3,missing,missing,,missing_source_locator; missing_source_version; missing_source_relationship; missing_processing; missing_adaptations; source_verification_missing; medical_review_missing
irm/pediatrie/irm-pediatric-abdomen-scurt-free-breathing.md,RM Pediatric — Protocol Abdomen Scurt / Respirație Liberă (Short Abdomen),irm,3,missing,missing,,missing_source_locator; missing_source_version; missing_source_relationship; missing_processing; missing_adaptations; source_verification_missing; medical_review_missing
irm/pediatrie/irm-pediatric-brain-wwo-ohsu.md,RM Cerebral Pediatric cu/fără Contrast (Protocol OHSU),irm,0,missing,missing,,missing_sources; missing_processing; missing_adaptations; source_verification_missing; medical_review_missing
irm/pediatrie/irm-pediatric-epilepsie-convulsii.md,RM Pediatric — Protocol Convulsii & Epilepsie (Seizure Brain),irm,3,missing,missing,,missing_source_locator; missing_source_version; missing_source_relationship; missing_processing; missing_adaptations; source_verification_missing; medical_review_missing
irm/pediatrie/irm-pediatric-hidrocefalie-control-ventriculi.md,RM Pediatric — Protocol Hidrocefalie & Control Ventriculi / Șunt (Quick Brain),irm,3,missing,missing,,missing_source_locator; missing_source_version; missing_source_relationship; missing_processing; missing_adaptations; source_verification_missing; medical_review_missing
irm/pediatrie/irm-pediatric-osteomielita-infectii-msk.md,RM Pediatric — Protocol Osteomielită & Infecții Musculoscheletale (Osteomyelitis / MSK),irm,3,missing,missing,,missing_source_locator; missing_source_version; missing_source_relationship; missing_processing; missing_adaptations; source_verification_missing; medical_review_missing
irm/pediatrie/irm-pediatric-rapid-brain.md,RM Pediatric — Protocol Cerebral Rapid (Rapid Brain),irm,3,missing,missing,,missing_source_locator; missing_source_version; missing_source_relationship; missing_processing; missing_adaptations; source_verification_missing; medical_review_missing
irm/pediatrie/irm-pediatric-tumori-infectii-cerebrale.md,RM Pediatric — Protocol Tumori & Infecții Cerebrale (Brain Tumor & Infection),irm,3,missing,missing,,missing_source_locator; missing_source_version; missing_source_relationship; missing_processing; missing_adaptations; source_verification_missing; medical_review_missing
irm/pediatrie/irm-pediatric-tumori-infectii-coloana.md,RM Pediatric — Protocol Tumori & Infecții Coloană Vertebrală (Spine Tumor & Infection),irm,3,missing,missing,,missing_source_locator; missing_source_version; missing_source_relationship; missing_processing; missing_adaptations; source_verification_missing; medical_review_missing
irm/san/irm-mamar-bilateral-cu-contrast.md,IRM Mamar Bilateral cu Substanță de Contrast - Protocol BI-RADS,irm,2,missing,missing,,missing_source_locator; missing_source_version; missing_source_relationship; missing_processing; missing_adaptations; source_verification_missing; medical_review_missing
rx/abdomen/rx-abdomen-antero-posterior-decubit-dorsal-p373-clark.md,Rx Abdomen Antero-Posterior (AP) - Decubit Dorsal,rx,1,missing,missing,,missing_source_relationship; missing_processing; missing_adaptations; source_verification_missing; medical_review_missing
rx/abdomen/rx-abdomen-antero-posterior-ortostatism-p374-clark.md,Rx Abdomen Antero-Posterior (AP) - Ortostatism,rx,1,missing,missing,,missing_source_relationship; missing_processing; missing_adaptations; source_verification_missing; medical_review_missing
rx/abdomen/rx-abdomen-ap-antero-posterior-kub-bontrager.md,Rx Abdomen AP (Antero-Posterior) (KUB),rx,1,missing,missing,,ambiguous_edition; missing_source_relationship; missing_processing; missing_adaptations; source_verification_missing; medical_review_missing
rx/abdomen/rx-abdomen-ap-ortostatism-projection-bontrager.md,Rx Abdomen AP în Ortostatism,rx,1,missing,missing,,ambiguous_edition; missing_source_relationship; missing_processing; missing_adaptations; source_verification_missing; medical_review_missing
rx/abdomen/rx-abdomen-incidenta-antero-posterioara-ap-d-p1487-merrill.md,Rx Abdomen — Incidență Antero-Posterioară (AP) d (Merrill),rx,1,missing,missing,Ciornă pentru revizuire,missing_source_version; missing_source_relationship; missing_processing; missing_adaptations; source_verification_missing; medical_review_missing
rx/abdomen/rx-abdomen-incidenta-antero-posterioara-ap-decubit-dorsal-upright-p215-merrill.md,Rx Abdomen — Incidență Antero-Posterioară (AP) — Decubit Dorsal; Ortostatism (Merrill),rx,1,missing,missing,Ciornă pentru revizuire,missing_source_version; missing_source_relationship; missing_processing; missing_adaptations; source_verification_missing; medical_review_missing
rx/abdomen/rx-abdomen-incidenta-antero-posterioara-ap-left-incidenta-decubit-lateral-p217-merrill.md,Rx Abdomen — Incidență Antero-Posterioară (AP) — Incidență în Decubit Lateral Stâng (Merrill),rx,1,missing,missing,Ciornă pentru revizuire,missing_source_version; missing_source_relationship; missing_processing; missing_adaptations; source_verification_missing; medical_review_missing
rx/abdomen/rx-abdomen-incidenta-de-profil-lateral-r-or-l-position-p221-merrill.md,Rx Abdomen — Incidență de Profil (Lateral) — Profil Drept sau Stâng (Merrill),rx,1,missing,missing,Ciornă pentru revizuire,missing_source_version; missing_source_relationship; missing_processing; missing_adaptations; source_verification_missing; medical_review_missing
rx/abdomen/rx-abdomen-incidenta-de-profil-lateral-right-or-left-incidenta-decubit-dorsal-p223-merrill.md,Rx Abdomen — Incidență de Profil (Lateral) — Profil Drept sau Stâng în Decubit Dorsal (Merrill),rx,1,missing,missing,Ciornă pentru revizuire,missing_source_version; missing_source_relationship; missing_processing; missing_adaptations; source_verification_missing; medical_review_missing
rx/abdomen/rx-abdomen-incidenta-decubit-dorsal-right-or-left-lateral-bontrager.md,Rx Abdomen Incidență în Decubit Dorsal (PROFIL DREPT SAU STÂNG),rx,1,missing,missing,,ambiguous_edition; missing_source_relationship; missing_processing; missing_adaptations; source_verification_missing; medical_review_missing
rx/abdomen/rx-abdomen-incidenta-decubit-lateral-anteroposterior-projection-bontrager.md,Rx Abdomen în decubit lateral (incidență anteroposterioară),rx,1,missing,missing,,ambiguous_edition; missing_source_relationship; missing_processing; missing_adaptations; source_verification_missing; medical_review_missing
rx/abdomen/rx-abdomen-incidenta-postero-anterioara-pa-upright-p217-merrill.md,Rx Abdomen — Incidență Postero-Anterioară (PA) — Ortostatism (Merrill),rx,1,missing,missing,Ciornă pentru revizuire,missing_source_version; missing_source_relationship; missing_processing; missing_adaptations; source_verification_missing; medical_review_missing
rx/abdomen/rx-abdomen-pe-gol.md,Rx Abdomen pe Gol (Abdominală Simplă),rx,3,missing,missing,,missing_source_locator; missing_source_version; missing_source_relationship; missing_processing; missing_adaptations; source_verification_missing; medical_review_missing
rx/abdomen/rx-abdomen-profil-lateral-dorsal-decubitus-decubit-dorsal-p375-clark.md,Rx Abdomen de profil în decubit dorsal - decubit dorsal,rx,1,missing,missing,,missing_source_relationship; missing_processing; missing_adaptations; source_verification_missing; medical_review_missing
rx/abdomen/rx-abdomen-si-cavitate-pelviana-antero-posterior-decubit-dorsal-p353-clark.md,Rx Abdomen și cavitate pelviană în incidență anteroposterioară (AP) - decubit dorsal,rx,1,missing,missing,,missing_source_relationship; missing_processing; missing_adaptations; source_verification_missing; medical_review_missing
rx/abdomen/rx-abdomen-si-cavitate-pelviana-antero-posterior-left-profil-lateral-p357-clark.md,Rx Abdomen și cavitate pelviană în incidență anteroposterioară (AP) - profil stâng,rx,1,missing,missing,,missing_source_relationship; missing_processing; missing_adaptations; source_verification_missing; medical_review_missing
rx/abdomen/rx-abdomen-si-cavitate-pelviana-antero-posterior-ortostatism-p355-clark.md,Rx Abdomen și cavitate pelviană în incidență anteroposterioară (AP) - ortostatism,rx,1,missing,missing,,missing_source_relationship; missing_processing; missing_adaptations; source_verification_missing; medical_review_missing
rx/abdomen/rx-aparat-biliar-left-oblica-anterioara-p363-clark.md,Rx Aparat biliar în incidență oblică anterioară stângă,rx,1,missing,missing,,missing_source_relationship; missing_processing; missing_adaptations; source_verification_missing; medical_review_missing
rx/abdomen/rx-barium-lateral-rectum-position-or-ventral-decubitus-lateral-enema-bontrager.md,Rx RECT CU BARIU ÎN INCIDENȚĂ DE PROFIL: Poziționare SAU INCIDENȚĂ DE PROFIL ÎN DECUBIT VENTRAL (CLISMĂ),rx,1,missing,missing,,ambiguous_edition; missing_source_relationship; missing_processing; missing_adaptations; source_verification_missing; medical_review_missing
rx/abdomen/rx-barium-left-incidenta-decubit-lateral-ap-or-pa-postero-anterior-enema-bontrager.md,Rx CU BARIU ÎN DECUBIT LATERAL STÂNG (AP SAU PA (Postero-Anterior)) (CLISMĂ),rx,1,missing,missing,,ambiguous_edition; missing_source_relationship; missing_processing; missing_adaptations; source_verification_missing; medical_review_missing
rx/abdomen/rx-barium-right-incidenta-decubit-lateral-ap-or-pa-postero-anterior-enema-double-contrast-bontrager.md,Rx CU BARIU ÎN DECUBIT LATERAL DREPT (AP SAU PA (Postero-Anterior)) (CLISMĂ - DUBLU CONTRAST),rx,1,missing,missing,,ambiguous_edition; missing_source_relationship; missing_processing; missing_adaptations; source_verification_missing; medical_review_missing
rx/abdomen/rx-bazin-ap.md,Rx Bazin Antero-Posterior (AP),rx,3,missing,missing,,missing_source_locator; missing_source_version; missing_source_relationship; missing_processing; missing_adaptations; source_verification_missing; medical_review_missing
rx/abdomen/rx-decubit-dorsal-position-ap-antero-posterior-abdomen-bontrager.md,"Rx abdomen în decubit dorsal, poziționare AP (antero-posterioară)",rx,1,missing,missing,,ambiguous_edition; missing_source_relationship; missing_processing; missing_adaptations; source_verification_missing; medical_review_missing
rx/abdomen/rx-intravenous-excretory-ap-antero-posterior-scout-and-series-urography-bontrager.md,Rx urografie intravenoasă (excretorie) AP (antero-posterioară) (radiografie preliminară și serie de radiografii),rx,1,missing,missing,,ambiguous_edition; missing_source_relationship; missing_processing; missing_adaptations; source_verification_missing; medical_review_missing
rx/abdomen/rx-irigografie-clisma-baritata-ap-axial-or-ap-axial-oblique-lpo-projections-bontrager.md,"Rx irigografie (clismă baritată), incidență AP axială sau AP axială oblică (LPO)",rx,1,missing,missing,,ambiguous_edition; missing_source_relationship; missing_processing; missing_adaptations; source_verification_missing; medical_review_missing
rx/abdomen/rx-irigografie-clisma-baritata-lao-position-bontrager.md,Rx Irigografie (Clismă Baritată) Oblică Anterioară Stângă (OAS / LAO),rx,1,missing,missing,,ambiguous_edition; missing_source_relationship; missing_processing; missing_adaptations; source_verification_missing; medical_review_missing
rx/abdomen/rx-irigografie-clisma-baritata-lpo-and-rpo-positions-bontrager.md,Rx Irigografie (Clismă Baritată) LPO ȘI Oblică Posterioară Dreaptă (OPD / RPO),rx,1,missing,missing,,ambiguous_edition; missing_source_relationship; missing_processing; missing_adaptations; source_verification_missing; medical_review_missing
rx/abdomen/rx-irigografie-clisma-baritata-pa-axial-or-pa-axial-oblique-rao-projections-bontrager.md,Rx Irigografie (Clismă Baritată) Incidență PA AXIALĂ SAU PA AXIALĂ OBLICĂ (RAO),rx,1,missing,missing,,ambiguous_edition; missing_source_relationship; missing_processing; missing_adaptations; source_verification_missing; medical_review_missing
rx/abdomen/rx-irigografie-clisma-baritata-pa-or-ap-antero-posterior-bontrager.md,Rx Irigografie (Clismă Baritată) PA SAU AP (Antero-Posterior),rx,1,missing,missing,,ambiguous_edition; missing_source_relationship; missing_processing; missing_adaptations; source_verification_missing; medical_review_missing
rx/abdomen/rx-irigografie-clisma-baritata-rao-position-bontrager.md,Rx Irigografie (Clismă Baritată) Oblică Anterioară Dreaptă (OAD / RAO),rx,1,missing,missing,,ambiguous_edition; missing_source_relationship; missing_processing; missing_adaptations; source_verification_missing; medical_review_missing
rx/abdomen/rx-large-intestine-ap-incidenta-oblica-lpo-position-p1174-merrill.md,Rx Intestin gros — Oblică Antero-Posterioară (AP) — Oblică Posterioară Stângă (OPS / LPO) (Merrill),rx,1,missing,missing,Ciornă pentru revizuire,missing_source_version; missing_source_relationship; missing_processing; missing_adaptations; source_verification_missing; medical_review_missing
rx/abdomen/rx-large-intestine-ap-incidenta-oblica-rpo-position-p1177-merrill.md,Rx Intestin gros — Oblică Antero-Posterioară (AP) — Oblică Posterioară Dreaptă (OPD / RPO) (Merrill),rx,1,missing,missing,Ciornă pentru revizuire,missing_source_version; missing_source_relationship; missing_processing; missing_adaptations; source_verification_missing; medical_review_missing
rx/abdomen/rx-large-intestine-ap-or-incidenta-postero-anterioara-pa-right-incidenta-decubit-lateral-p1180-merrill.md,Rx Intestin gros — AP sau Incidență Postero-Anterioară (PA) — Incidență în Decubit Lateral Drept (Merrill),rx,1,missing,missing,Ciornă pentru revizuire,missing_source_version; missing_source_relationship; missing_processing; missing_adaptations; source_verification_missing; medical_review_missing
rx/abdomen/rx-large-intestine-incidenta-antero-posterioara-ap-p1169-merrill.md,Rx Intestin gros — Incidență Antero-Posterioară (AP) (Merrill),rx,1,missing,missing,Ciornă pentru revizuire,missing_source_version; missing_source_relationship; missing_processing; missing_adaptations; source_verification_missing; medical_review_missing
rx/abdomen/rx-large-intestine-incidenta-ap-axiala-p1171-merrill.md,Rx intestin gros — Incidență AP Axială (Merrill),rx,1,missing,missing,Ciornă pentru revizuire,missing_source_version; missing_source_relationship; missing_processing; missing_adaptations; source_verification_missing; medical_review_missing
rx/abdomen/rx-large-intestine-incidenta-de-profil-lateral-right-or-left-incidenta-decubit-ventral-p1184-merrill.md,Rx intestin gros — Incidență de profil (laterală) — Incidență dreaptă sau stângă în decubit ventral (Merrill),rx,1,missing,missing,Ciornă pentru revizuire,missing_source_version; missing_source_relationship; missing_processing; missing_adaptations; source_verification_missing; medical_review_missing
rx/abdomen/rx-large-intestine-incidenta-de-profil-lateral-right-or-left-position-p1166-merrill.md,Rx intestin gros — Incidență de profil (laterală) — Profil (Drept sau Stâng) (Merrill),rx,1,missing,missing,Ciornă pentru revizuire,missing_source_version; missing_source_relationship; missing_processing; missing_adaptations; source_verification_missing; medical_review_missing
rx/abdomen/rx-large-intestine-incidenta-pa-axiala-p1157-merrill.md,Rx intestin gros — Incidență PA Axială (Merrill),rx,1,missing,missing,Ciornă pentru revizuire,missing_source_version; missing_source_relationship; missing_processing; missing_adaptations; source_verification_missing; medical_review_missing
rx/abdomen/rx-large-intestine-incidenta-postero-anterioara-pa-p1153-merrill.md,Rx intestin gros — Incidență Postero-Anterioară (PA) (Merrill),rx,1,missing,missing,Ciornă pentru revizuire,missing_source_version; missing_source_relationship; missing_processing; missing_adaptations; source_verification_missing; medical_review_missing
rx/abdomen/rx-large-intestine-pa-incidenta-oblica-lao-position-p1163-merrill.md,Rx Intestin gros — Oblică Postero-Anterioară (PA) — Oblică Anterioară Stângă (OAS / LAO) (Merrill),rx,1,missing,missing,Ciornă pentru revizuire,missing_source_version; missing_source_relationship; missing_processing; missing_adaptations; source_verification_missing; medical_review_missing
rx/abdomen/rx-large-intestine-pa-incidenta-oblica-rao-position-p1160-merrill.md,Rx Intestin gros — Oblică Postero-Anterioară (PA) — Oblică Anterioară Dreaptă (OAD / RAO) (Merrill),rx,1,missing,missing,Ciornă pentru revizuire,missing_source_version; missing_source_relationship; missing_processing; missing_adaptations; source_verification_missing; medical_review_missing
rx/abdomen/rx-large-intestine-pa-or-incidenta-antero-posterioara-ap-left-incidenta-decubit-lateral-p1182-merrill.md,Rx Intestin gros — PA sau Incidență Antero-Posterioară (AP) — Incidență în Decubit Lateral Stâng (Merrill),rx,1,missing,missing,Ciornă pentru revizuire,missing_source_version; missing_source_relationship; missing_processing; missing_adaptations; source_verification_missing; medical_review_missing
rx/abdomen/rx-lpo-and-rpo-positions-incidenta-de-profil-lateral-ap-antero-posterior-optional-cystography-bontrager.md,"Rx LPO ȘI Oblică Posterioară Dreaptă (OPD / RPO), Incidență de Profil, AP (Antero-Posterior) ((OPȚIONALĂ) - CISTOGRAFIE)",rx,1,missing,missing,,ambiguous_edition; missing_source_relationship; missing_processing; missing_adaptations; source_verification_missing; medical_review_missing
rx/abdomen/rx-male-incidenta-antero-posterioara-ap-rpo-30-position-female-voiding-cistouretrografie-bontrager.md,Rx BĂRBAȚI; Incidență Antero-Posterioară (AP) RPO (30°) Poziționare (FEMEI - MICȚIONALĂ - Cistouretrografie),rx,1,missing,missing,,ambiguous_edition; missing_source_relationship; missing_processing; missing_adaptations; source_verification_missing; medical_review_missing
rx/abdomen/rx-membru-inferior-si-bazin-fracturi-bazin-pelvis-antero-posterior-p377-clark.md,Rx Membru Inferior și Bazin (Fracturi) Bazin (Pelvis) Antero-Posterior (AP),rx,1,missing,missing,,missing_source_relationship; missing_processing; missing_adaptations; source_verification_missing; medical_review_missing
rx/abdomen/rx-ortostatism-position-ap-antero-posterior-abdomen-bontrager.md,Rx Ortostatism Poziționare AP (Antero-Posterior) (Abdomen),rx,1,missing,missing,,ambiguous_edition; missing_source_relationship; missing_processing; missing_adaptations; source_verification_missing; medical_review_missing
rx/abdomen/rx-postevacuation-pa-ap-projection-irigografie-clisma-baritata-bontrager.md,Rx Incidență PA (AP) după evacuare (Irigografie (Clismă Baritată)),rx,1,missing,missing,,ambiguous_edition; missing_source_relationship; missing_processing; missing_adaptations; source_verification_missing; medical_review_missing
rx/abdomen/rx-small-intestine-pa-or-incidenta-antero-posterioara-ap-p1129-merrill.md,Rx Intestin Subțire (Tranzit Intestinal) — PA sau Incidență Antero-Posterioară (AP) (Merrill),rx,1,missing,missing,Ciornă pentru revizuire,missing_source_version; missing_source_relationship; missing_processing; missing_adaptations; source_verification_missing; medical_review_missing
rx/abdomen/rx-stomach-and-duodenum-ap-incidenta-oblica-lpo-position-p1117-merrill.md,Rx Stomac și Duoden (Tranzit Baritat) — Oblică Antero-Posterioară (AP) — Oblică Posterioară Stângă (OPS / LPO) (Merrill),rx,1,missing,missing,Ciornă pentru revizuire,missing_source_version; missing_source_relationship; missing_processing; missing_adaptations; source_verification_missing; medical_review_missing
rx/abdomen/rx-stomach-and-duodenum-incidenta-antero-posterioara-ap-p1122-merrill.md,Rx Stomac și Duoden (Tranzit Baritat) — Incidență Antero-Posterioară (AP) (Merrill),rx,1,missing,missing,Ciornă pentru revizuire,missing_source_version; missing_source_relationship; missing_processing; missing_adaptations; source_verification_missing; medical_review_missing
rx/abdomen/rx-stomach-and-duodenum-incidenta-de-profil-lateral-right-position-p1119-merrill.md,Rx Stomac și Duoden (Tranzit Baritat) — Incidență de Profil (Lateral) — Profil Drept (Merrill),rx,1,missing,missing,Ciornă pentru revizuire,missing_source_version; missing_source_relationship; missing_processing; missing_adaptations; source_verification_missing; medical_review_missing
rx/abdomen/rx-stomach-and-duodenum-incidenta-pa-axiala-p1112-merrill.md,Rx Stomac și Duoden (Tranzit Baritat) — Incidență PA Axială (Merrill),rx,1,missing,missing,Ciornă pentru revizuire,missing_source_version; missing_source_relationship; missing_processing; missing_adaptations; source_verification_missing; medical_review_missing
rx/abdomen/rx-stomach-and-duodenum-incidenta-postero-anterioara-pa-p1106-merrill.md,Rx Stomac și Duoden (Tranzit Baritat) — Incidență Postero-Anterioară (PA) (Merrill),rx,1,missing,missing,Ciornă pentru revizuire,missing_source_version; missing_source_relationship; missing_processing; missing_adaptations; source_verification_missing; medical_review_missing
rx/abdomen/rx-stomach-and-duodenum-pa-incidenta-oblica-rao-position-p1114-merrill.md,Rx Stomac și Duoden (Tranzit Baritat) — Oblică Postero-Anterioară (PA) — Oblică Anterioară Dreaptă (OAD / RAO) (Merrill),rx,1,missing,missing,Ciornă pentru revizuire,missing_source_version; missing_source_relationship; missing_processing; missing_adaptations; source_verification_missing; medical_review_missing
rx/abdomen/rx-superior-stomach-and-distal-esophagus-pa-incidenta-oblica-wolf-method-for-hiatal-hernia-rao-position-p1126-merrill.md,Rx Stomac Proximal și Esofag Distal — Oblică Postero-Anterioară (PA) — Metoda Wolf (Hernie Hiatală) Oblică Anterioară Dreaptă (OAD / RAO) (Merrill),rx,1,missing,missing,Ciornă pentru revizuire,missing_source_version; missing_source_relationship; missing_processing; missing_adaptations; source_verification_missing; medical_review_missing
rx/abdomen/rx-tomografie-liniara-conventionala-aparat-renal-rinichi-p502-clark.md,Rx Tomografie Liniară Convențională Aparat Renal (Rinichi),rx,1,missing,missing,,missing_source_relationship; missing_processing; missing_adaptations; source_verification_missing; medical_review_missing
rx/abdomen/rx-tract-urinar-aparatul-renal-antero-posterior-p360-clark.md,Rx Tract Urinar (Aparatul Renal) Antero-Posterior (AP),rx,1,missing,missing,,missing_source_relationship; missing_processing; missing_adaptations; source_verification_missing; medical_review_missing
rx/abdomen/rx-tract-urinar-aparatul-renal-right-oblica-posterioara-p361-clark.md,Rx Tract Urinar (Aparatul Renal) Oblică Posterioară Dreaptă,rx,1,missing,missing,,missing_source_relationship; missing_processing; missing_adaptations; source_verification_missing; medical_review_missing
rx/abdomen/rx-tranzit-baritat-gastro-duodenal-tbgd-ap-antero-posterior-bontrager.md,Rx Tranzit Baritat Gastro-Duodenal (TBGD) AP (Antero-Posterior),rx,1,missing,missing,,ambiguous_edition; missing_source_relationship; missing_processing; missing_adaptations; source_verification_missing; medical_review_missing
rx/abdomen/rx-tranzit-baritat-gastro-duodenal-tbgd-lpo-position-bontrager.md,Rx Tranzit Baritat Gastro-Duodenal (TBGD) Oblică Posterioară Stângă (OPS / LPO),rx,1,missing,missing,,ambiguous_edition; missing_source_relationship; missing_processing; missing_adaptations; source_verification_missing; medical_review_missing
rx/abdomen/rx-tranzit-baritat-gastro-duodenal-tbgd-pa-postero-anterior-bontrager.md,Rx Tranzit Baritat Gastro-Duodenal (TBGD) PA (Postero-Anterior),rx,1,missing,missing,,ambiguous_edition; missing_source_relationship; missing_processing; missing_adaptations; source_verification_missing; medical_review_missing
rx/abdomen/rx-tranzit-baritat-gastro-duodenal-tbgd-rao-position-bontrager.md,Rx Tranzit Baritat Gastro-Duodenal (TBGD) Oblică Anterioară Dreaptă (OAD / RAO),rx,1,missing,missing,,ambiguous_edition; missing_source_relationship; missing_processing; missing_adaptations; source_verification_missing; medical_review_missing
rx/abdomen/rx-tranzit-baritat-gastro-duodenal-tbgd-right-profil-lateral-bontrager.md,Rx Tranzit Baritat Gastro-Duodenal (TBGD) Profil Drept (Lateral),rx,1,missing,missing,,ambiguous_edition; missing_source_relationship; missing_processing; missing_adaptations; source_verification_missing; medical_review_missing
rx/abdomen/rx-tranzit-esofagian-esofagobaritat-ap-pa-projection-bontrager.md,Rx Tranzit Esofagian (Esofagobaritat) Incidență AP (PA),rx,1,missing,missing,,ambiguous_edition; missing_source_relationship; missing_processing; missing_adaptations; source_verification_missing; medical_review_missing
rx/abdomen/rx-tranzit-esofagian-esofagobaritat-lao-position-bontrager.md,Rx Tranzit Esofagian (Esofagobaritat) Oblică Anterioară Stângă (OAS / LAO),rx,1,missing,missing,,ambiguous_edition; missing_source_relationship; missing_processing; missing_adaptations; source_verification_missing; medical_review_missing
rx/abdomen/rx-tranzit-esofagian-esofagobaritat-profil-lateral-bontrager.md,Rx Tranzit Esofagian (Esofagobaritat) Profil (Lateral),rx,1,missing,missing,,ambiguous_edition; missing_source_relationship; missing_processing; missing_adaptations; source_verification_missing; medical_review_missing
rx/abdomen/rx-tranzit-esofagian-esofagobaritat-rao-position-bontrager.md,Rx Tranzit Esofagian (Esofagobaritat) Oblică Anterioară Dreaptă (OAD / RAO),rx,1,missing,missing,,ambiguous_edition; missing_source_relationship; missing_processing; missing_adaptations; source_verification_missing; medical_review_missing
rx/abdomen/rx-tranzit-intestinal-baritat-pa-postero-anterior-bontrager.md,Rx Tranzit Intestinal Baritat PA (Postero-Anterior),rx,1,missing,missing,,ambiguous_edition; missing_source_relationship; missing_processing; missing_adaptations; source_verification_missing; medical_review_missing
rx/abdomen/rx-urinary-bladder-ap-axial-or-incidenta-pa-axiala-p1265-merrill.md,Rx Vezică urinară — Incidență AP axială sau incidență PA axială (Merrill),rx,1,missing,missing,Ciornă pentru revizuire,missing_source_version; missing_source_relationship; missing_processing; missing_adaptations; source_verification_missing; medical_review_missing
rx/abdomen/rx-urinary-bladder-ap-incidenta-oblica-rpo-or-lpo-position-p1267-merrill.md,Rx Vezică Urinară — Oblică Antero-Posterioară (AP) — RPO sau Oblică Posterioară Stângă (OPS / LPO) (Merrill),rx,1,missing,missing,Ciornă pentru revizuire,missing_source_version; missing_source_relationship; missing_processing; missing_adaptations; source_verification_missing; medical_review_missing
rx/abdomen/rx-urinary-bladder-incidenta-de-profil-lateral-right-or-left-position-p1269-merrill.md,Rx Vezică Urinară — Incidență de Profil (Laterală) — Profil (Drept sau Stâng) (Merrill),rx,1,missing,missing,Ciornă pentru revizuire,missing_source_version; missing_source_relationship; missing_processing; missing_adaptations; source_verification_missing; medical_review_missing
rx/abdomen/rx-urinary-system-ap-incidenta-oblica-rpo-and-lpo-positions-p1248-merrill.md,Rx Aparat Urinar — Oblică Antero-Posterioară (AP) — RPO și Oblică Posterioară Stângă (OPS / LPO) (Merrill),rx,1,missing,missing,Ciornă pentru revizuire,missing_source_version; missing_source_relationship; missing_processing; missing_adaptations; source_verification_missing; medical_review_missing
rx/abdomen/rx-urinary-system-incidenta-antero-posterioara-ap-p1244-merrill.md,Rx Aparat Urinar — Incidență Antero-Posterioară (AP) (Merrill),rx,1,missing,missing,Ciornă pentru revizuire,missing_source_version; missing_source_relationship; missing_processing; missing_adaptations; source_verification_missing; medical_review_missing
rx/abdomen/rx-urinary-system-incidenta-de-profil-lateral-incidenta-decubit-dorsal-p1252-merrill.md,Rx aparat urinar — Incidență de profil (laterală) — Incidență în decubit dorsal (Merrill),rx,1,missing,missing,Ciornă pentru revizuire,missing_source_version; missing_source_relationship; missing_processing; missing_adaptations; source_verification_missing; medical_review_missing
rx/abdomen/rx-urinary-system-incidenta-de-profil-lateral-right-or-left-position-p1250-merrill.md,Rx aparat urinar — Incidență de profil (laterală) — Profil (drept sau stâng) (Merrill),rx,1,missing,missing,Ciornă pentru revizuire,missing_source_version; missing_source_relationship; missing_processing; missing_adaptations; source_verification_missing; medical_review_missing
rx/abdomen/rx-urografie-intravenoasa-uiv-ap-antero-posterior-compresie-ureterala-bontrager.md,Rx Urografie Intravenoasă (UIV) AP (Antero-Posterior) (Compresie Ureterală),rx,1,missing,missing,,ambiguous_edition; missing_source_relationship; missing_processing; missing_adaptations; source_verification_missing; medical_review_missing
rx/abdomen/rx-urografie-intravenoasa-uiv-ap-antero-posterior-post-mictional-bontrager.md,Rx Urografie Intravenoasă (UIV) AP (Antero-Posterior) (Post-Micțional),rx,1,missing,missing,,ambiguous_edition; missing_source_relationship; missing_processing; missing_adaptations; source_verification_missing; medical_review_missing
rx/abdomen/rx-urografie-intravenoasa-uiv-rpo-and-lpo-positions-bontrager.md,Rx Urografie Intravenoasă (UIV) RPO ȘI Oblică Posterioară Stângă (OPS / LPO)S,rx,1,missing,missing,,ambiguous_edition; missing_source_relationship; missing_processing; missing_adaptations; source_verification_missing; medical_review_missing
rx/abdomen/rx-vezica-urinara-caudad-p362-clark.md,Rx Vezică Urinară cu angulație caudală,rx,1,missing,missing,,missing_source_relationship; missing_processing; missing_adaptations; source_verification_missing; medical_review_missing
rx/coloana/rx-atlas-and-axis-incidenta-antero-posterioara-ap-fuchs-method-p675-merrill.md,Rx Atlas și Axis (C1-C2) — Incidență Antero-Posterioară (AP) — Metoda Fuchs (Merrill),rx,1,missing,missing,Ciornă pentru revizuire,missing_source_version; missing_source_relationship; missing_processing; missing_adaptations; source_verification_missing; medical_review_missing
rx/coloana/rx-atlas-and-axis-incidenta-antero-posterioara-ap-open-mouth-p677-merrill.md,Rx Atlas și Axis (C1-C2) — Incidență Antero-Posterioară (AP) — Transorală (Gură Deschisă) (Merrill),rx,1,missing,missing,Ciornă pentru revizuire,missing_source_version; missing_source_relationship; missing_processing; missing_adaptations; source_verification_missing; medical_review_missing
rx/coloana/rx-atlas-and-axis-incidenta-de-profil-lateral-right-or-left-position-p680-merrill.md,Rx Atlas și Axis (C1-C2) — Incidență de Profil (Lateral) — Profil (Drept sau Stâng) (Merrill),rx,1,missing,missing,Ciornă pentru revizuire,missing_source_version; missing_source_relationship; missing_processing; missing_adaptations; source_verification_missing; medical_review_missing
rx/coloana/rx-cervical-intervertebral-foramina-ap-axial-incidenta-oblica-rpo-and-lpo-positions-examined-for-comparison-p692-merrill.md,"Rx Găuri de Conjugare Cervicale (Foramene) — Oblică Axială AP — RPO și Oblică Posterioară Stângă (OPS / LPO), examinate pentru comparație. (Merrill)",rx,1,missing,missing,Ciornă pentru revizuire,missing_source_version; missing_source_relationship; missing_processing; missing_adaptations; source_verification_missing; medical_review_missing
rx/coloana/rx-cervical-intervertebral-foramina-pa-axial-incidenta-oblica-rao-and-lao-positions-p695-merrill.md,Rx Găuri de Conjugare Cervicale (Foramene) — Oblică Axială PA — RAO și Oblică Anterioară Stângă (OAS / LAO) (Merrill),rx,1,missing,missing,Ciornă pentru revizuire,missing_source_version; missing_source_relationship; missing_processing; missing_adaptations; source_verification_missing; medical_review_missing
rx/coloana/rx-cervical-spine-profil-lateral-decubit-dorsal-p376-clark.md,"Rx Coloană cervicală, incidență de profil, decubit dorsal",rx,1,missing,missing,,missing_source_relationship; missing_processing; missing_adaptations; source_verification_missing; medical_review_missing
rx/coloana/rx-cervical-vertebrae-incidenta-antero-posterioara-ap-ottonello-method-p698-merrill.md,Rx Coloană Cervicală — Incidență Antero-Posterioară (AP) — Metoda Ottonello (Merrill),rx,1,missing,missing,Ciornă pentru revizuire,missing_source_version; missing_source_relationship; missing_processing; missing_adaptations; source_verification_missing; medical_review_missing
rx/coloana/rx-cervical-vertebrae-incidenta-ap-axiala-p682-merrill.md,Rx Coloană Cervicală — Incidență AP Axială (Merrill),rx,1,missing,missing,Ciornă pentru revizuire,missing_source_version; missing_source_relationship; missing_processing; missing_adaptations; source_verification_missing; medical_review_missing
rx/coloana/rx-cervical-vertebrae-incidenta-de-profil-lateral-grandy-method-4-right-or-left-position-p685-merrill.md,Rx Coloană Cervicală — Incidență de Profil (Lateral) — Metoda Grandy 4 Profil (Drept sau Stâng) (Merrill),rx,1,missing,missing,Ciornă pentru revizuire,missing_source_version; missing_source_relationship; missing_processing; missing_adaptations; source_verification_missing; medical_review_missing
rx/coloana/rx-cervical-vertebrae-incidenta-de-profil-lateral-right-or-left-position-flexion-and-extension-p688-merrill.md,Rx Coloană Cervicală — Incidență de Profil (Lateral) — Profil (Drept sau Stâng) Flexie și extensie (Merrill),rx,1,missing,missing,Ciornă pentru revizuire,missing_source_version; missing_source_relationship; missing_processing; missing_adaptations; source_verification_missing; medical_review_missing
rx/coloana/rx-cervicothoracic-region-incidenta-de-profil-lateral-swimmer-s-technique-right-or-left-position-p705-merrill.md,"Rx Regiune Cervicotoracică — Incidență de Profil — Tehnica Înotătorului, Profil Drept sau Stâng (Merrill)",rx,1,missing,missing,Ciornă pentru revizuire,missing_source_version; missing_source_relationship; missing_processing; missing_adaptations; source_verification_missing; medical_review_missing
rx/coloana/rx-coccis-antero-posterior-p207-clark.md,Rx Coccis Antero-Posterior (AP),rx,1,missing,missing,,missing_source_relationship; missing_processing; missing_adaptations; source_verification_missing; medical_review_missing
rx/coloana/rx-coccis-ap-axiala-bontrager.md,Rx Coccis AP Axială,rx,1,missing,missing,,ambiguous_edition; missing_source_relationship; missing_processing; missing_adaptations; source_verification_missing; medical_review_missing
rx/coloana/rx-coloana-cervicala-anterior-and-posterior-oblique-positions-bontrager.md,Rx Coloană Cervicală Poziționare Oblică Anterioară și Posterioară,rx,1,missing,missing,,ambiguous_edition; missing_source_relationship; missing_processing; missing_adaptations; source_verification_missing; medical_review_missing
rx/coloana/rx-coloana-cervicala-antero-posterior-first-and-p187-clark.md,Rx Coloană Cervicală Antero-Posterior (AP) - prima și,rx,1,missing,missing,,missing_source_relationship; missing_processing; missing_adaptations; source_verification_missing; medical_review_missing
rx/coloana/rx-coloana-cervicala-ap-axiala-bontrager.md,Rx Coloană Cervicală AP Axială,rx,1,missing,missing,,ambiguous_edition; missing_source_relationship; missing_processing; missing_adaptations; source_verification_missing; medical_review_missing
rx/coloana/rx-coloana-cervicala-ap-transorala-gura-deschisa-c1-c2-c1-and-c2-bontrager.md,Rx Coloană Cervicală AP Transorală (Gură Deschisă C1-C2) (C1 și C2),rx,1,missing,missing,,ambiguous_edition; missing_source_relationship; missing_processing; missing_adaptations; source_verification_missing; medical_review_missing
rx/coloana/rx-coloana-cervicala-ap-wagging-jaw-projection-ottonello-method-bontrager.md,Rx Coloană Cervicală AP „MANDIBULĂ OSCILANTĂ” (METODA OTTONELLO),rx,1,missing,missing,,ambiguous_edition; missing_source_relationship; missing_processing; missing_adaptations; source_verification_missing; medical_review_missing
rx/coloana/rx-coloana-cervicala-axiala-upper-cervical-vertebra-p189-clark.md,Rx Coloană Cervicală Axială - vertebre cervicale superioare,rx,1,missing,missing,,missing_source_relationship; missing_processing; missing_adaptations; source_verification_missing; medical_review_missing
rx/coloana/rx-coloana-cervicala-incidenta-de-profil-lateral-h-right-or-left-incidenta-decubit-dorsal-p1499-merrill.md,Rx Coloană Cervicală — Incidență de Profil (Lateral) h — Dreapta sau stânga Incidență în Decubit Dorsal (Merrill),rx,1,missing,missing,Ciornă pentru revizuire,missing_source_version; missing_source_relationship; missing_processing; missing_adaptations; source_verification_missing; medical_review_missing
rx/coloana/rx-coloana-cervicala-incidente-standard-de-baza-p183-clark.md,Rx Coloană Cervicală Incidențe Standard de Bază,rx,1,missing,missing,,missing_source_relationship; missing_processing; missing_adaptations; source_verification_missing; medical_review_missing
rx/coloana/rx-coloana-cervicala-profil-lateral-decubit-dorsal-contd-p185-clark.md,Rx Coloană Cervicală Profil (Lateral) Decubit Dorsal (contd),rx,1,missing,missing,,missing_source_relationship; missing_processing; missing_adaptations; source_verification_missing; medical_review_missing
rx/coloana/rx-coloana-cervicala-profil-lateral-flexion-and-extension-p190-clark.md,Rx Coloană Cervicală Profil (Lateral) - flexie și extensie,rx,1,missing,missing,,missing_source_relationship; missing_processing; missing_adaptations; source_verification_missing; medical_review_missing
rx/coloana/rx-coloana-cervicala-profil-lateral-ortostatism-bontrager.md,Rx Coloană Cervicală Profil (Lateral) (Ortostatism),rx,1,missing,missing,,ambiguous_edition; missing_source_relationship; missing_processing; missing_adaptations; source_verification_missing; medical_review_missing
rx/coloana/rx-coloana-cervicala-right-and-left-posterior-p192-clark.md,Rx Coloană Cervicală oblică posterioară dreaptă și stângă,rx,1,missing,missing,,missing_source_relationship; missing_processing; missing_adaptations; source_verification_missing; medical_review_missing
rx/coloana/rx-coloana-cervicala.md,Rx Coloană Cervicală (Față & Profil),rx,3,missing,missing,,missing_source_locator; missing_source_version; missing_source_relationship; missing_processing; missing_adaptations; source_verification_missing; medical_review_missing
rx/coloana/rx-coloana-lombara-antero-posterior-basic-p197-clark.md,Rx Coloană Lombară Antero-Posterior (AP) - de bază,rx,1,missing,missing,,missing_source_relationship; missing_processing; missing_adaptations; source_verification_missing; medical_review_missing
rx/coloana/rx-coloana-lombara-ap-or-pa-projection-bontrager.md,Rx Coloană Lombară AP (OR PA) Incidență,rx,1,missing,missing,,ambiguous_edition; missing_source_relationship; missing_processing; missing_adaptations; source_verification_missing; medical_review_missing
rx/coloana/rx-coloana-lombara-posterior-or-anterior-oblique-positions-bontrager.md,Rx coloană lombară: poziționare oblică posterioară (sau anterioară),rx,1,missing,missing,,ambiguous_edition; missing_source_relationship; missing_processing; missing_adaptations; source_verification_missing; medical_review_missing
rx/coloana/rx-coloana-lombara-profil-lateral-basic-p198-clark.md,Radiografie a coloanei lombare – profil (lateral) – de bază,rx,1,missing,missing,,missing_source_relationship; missing_processing; missing_adaptations; source_verification_missing; medical_review_missing
rx/coloana/rx-coloana-lombara-profil-lateral-bontrager.md,Radiografie a coloanei lombare – profil (lateral),rx,1,missing,missing,,ambiguous_edition; missing_source_relationship; missing_processing; missing_adaptations; source_verification_missing; medical_review_missing
rx/coloana/rx-coloana-lombara-profil-lateral-fascicul-orizontal-p200-clark.md,Radiografie a coloanei lombare – profil (lateral) – fascicul orizontal,rx,1,missing,missing,,missing_source_relationship; missing_processing; missing_adaptations; source_verification_missing; medical_review_missing
rx/coloana/rx-coloana-lombara-right-or-left-oblica-posterioara-p202-clark.md,Radiografie a coloanei lombare – oblică posterioară dreaptă sau stângă,rx,1,missing,missing,,missing_source_relationship; missing_processing; missing_adaptations; source_verification_missing; medical_review_missing
rx/coloana/rx-coloana-lombara-spinal-fusion-incidenta-antero-posterioara-ap-right-and-left-bending-p772-merrill.md,Rx Coloană Lombară: Fuziune vertebrală — Incidență antero-posterioară (AP) — Înclinare spre dreapta și spre stânga (Merrill),rx,1,missing,missing,Ciornă pentru revizuire,missing_source_version; missing_source_relationship; missing_processing; missing_adaptations; source_verification_missing; medical_review_missing
rx/coloana/rx-coloana-lombara-spinal-fusion-incidenta-de-profil-lateral-right-or-left-position-flexion-and-extension-p775-merrill.md,"Rx Coloană Lombară: Fuziune vertebrală — Incidență de profil (lateral) — Profil (drept sau stâng), flexie și extensie (Merrill)",rx,1,missing,missing,Ciornă pentru revizuire,missing_source_version; missing_source_relationship; missing_processing; missing_adaptations; source_verification_missing; medical_review_missing
rx/coloana/rx-coloana-lombara.md,"Rx Coloană Lombară (față, profil și L5-S1)",rx,3,missing,missing,,missing_source_locator; missing_source_version; missing_source_relationship; missing_processing; missing_adaptations; source_verification_missing; medical_review_missing
rx/coloana/rx-coloana-toracala-anterior-or-posterior-oblica-bontrager.md,Rx Coloană Toracală ANTERIOR SAU POSTERIOR Oblică,rx,1,missing,missing,,ambiguous_edition; missing_source_relationship; missing_processing; missing_adaptations; source_verification_missing; medical_review_missing
rx/coloana/rx-coloana-toracala-antero-posterior-basic-p194-clark.md,Rx Coloană Toracală Antero-Posterior (AP) - de bază,rx,1,missing,missing,,missing_source_relationship; missing_processing; missing_adaptations; source_verification_missing; medical_review_missing
rx/coloana/rx-coloana-toracala-ap-antero-posterior-bontrager.md,Rx Coloană Toracală AP (Antero-Posterior),rx,1,missing,missing,,ambiguous_edition; missing_source_relationship; missing_processing; missing_adaptations; source_verification_missing; medical_review_missing
rx/coloana/rx-coloana-toracala-profil-lateral-bontrager.md,Rx Coloană Toracală Profil (Lateral),rx,1,missing,missing,,ambiguous_edition; missing_source_relationship; missing_processing; missing_adaptations; source_verification_missing; medical_review_missing
rx/coloana/rx-coloana-toracala.md,Rx Coloană Toracală (Față & Profil),rx,4,missing,incomplete,,missing_source_locator; missing_source_version; missing_source_relationship; missing_processing; missing_adaptations; source_verification_missing; medical_review_incomplete
rx/coloana/rx-coloana-totala-scolioza.md,Rx RX coloană totală în ortostatism — scolioză,rx,2,missing,missing,Ciornă — nu se utilizează clinic,missing_source_version; missing_source_relationship; missing_processing; missing_adaptations; source_verification_missing; medical_review_missing
rx/coloana/rx-hyperextension-and-hyperflexion-lateral-positions-spinal-fusion-series-bontrager.md,Rx Hiperextensie și hiperflexie — poziționare în incidență de profil (seria pentru fuziune spinală),rx,1,missing,missing,,ambiguous_edition; missing_source_relationship; missing_processing; missing_adaptations; source_verification_missing; medical_review_missing
rx/coloana/rx-hyperflexion-and-hyperextension-lateral-positions-coloana-cervicala-bontrager.md,"Rx HIPERFLEXIE ȘI HIPEREXTENSIE, PROFIL Poziționare (- Coloană Cervicală)",rx,1,missing,missing,,ambiguous_edition; missing_source_relationship; missing_processing; missing_adaptations; source_verification_missing; medical_review_missing
rx/coloana/rx-jonctiune-lombo-sacrata-l5-s1-profil-lateral-p203-clark.md,Rx Joncțiune lombosacrată (L5–S1) — Incidență de profil (lateral),rx,1,missing,missing,,missing_source_relationship; missing_processing; missing_adaptations; source_verification_missing; medical_review_missing
rx/coloana/rx-l5-s1-lumbosacral-junction-incidenta-de-profil-lateral-right-or-left-position-p731-merrill.md,Rx L5–S1 Joncțiune lombosacrată — Incidență de profil (lateral) — Profil drept sau stâng,rx,1,missing,missing,Ciornă pentru revizuire,missing_source_version; missing_source_relationship; missing_processing; missing_adaptations; source_verification_missing; medical_review_missing
rx/coloana/rx-lumbar-intervertebral-joints-incidenta-postero-anterioara-pa-in-incarcare-ortostatism-method-right-and-left-bending-p759-merrill.md,Rx articulațiile intervertebrale lombare — Incidență postero-anterioară (PA) — În încărcare (ortostatism) — Metoda flexiei spre dreapta și spre stânga (Merrill),rx,1,missing,missing,Ciornă pentru revizuire,missing_source_version; missing_source_relationship; missing_processing; missing_adaptations; source_verification_missing; medical_review_missing
rx/coloana/rx-lumbar-lumbosacral-vertebrae-incidenta-antero-posterioara-ap-incidenta-postero-anterioara-pa-optional-generated-within-a-filled-bl-p723-merrill.md,"Rx vertebrele lombare-lombosacrale — Incidență antero-posterioară (AP) — Incidență postero-anterioară (PA) (opțional), obținute cu vezica urinară plină. (Merrill)",rx,1,missing,missing,Ciornă pentru revizuire,missing_source_version; missing_source_relationship; missing_processing; missing_adaptations; source_verification_missing; medical_review_missing
rx/coloana/rx-lumbar-lumbosacral-vertebrae-incidenta-de-profil-lateral-right-or-left-position-p728-merrill.md,Rx vertebrele lombare-lombosacrale — Incidență de profil (laterală) — Profil drept sau stâng (Merrill),rx,1,missing,missing,Ciornă pentru revizuire,missing_source_version; missing_source_relationship; missing_processing; missing_adaptations; source_verification_missing; medical_review_missing
rx/coloana/rx-lumbar-zygapophyseal-joints-ap-incidenta-oblica-rpo-and-lpo-positions-radiographs-are-obtained-p734-merrill.md,Rx Articulațiile zigapofizare lombare — Incidență Oblică Antero-Posterioară (AP) — Se obțin radiografii RPO și Oblică Posterioară Stângă (OPS / LPO). (Merrill),rx,1,missing,missing,Ciornă pentru revizuire,missing_source_version; missing_source_relationship; missing_processing; missing_adaptations; source_verification_missing; medical_review_missing
rx/coloana/rx-lumbar-zygapophyseal-joints-pa-incidenta-oblica-rao-and-lao-positions-p738-merrill.md,Rx Articulațiile zigapofizare lombare — Incidență Oblică Postero-Anterioară (PA) — Se obțin radiografii RAO și Oblică Anterioară Stângă (OAS / LAO). (Merrill),rx,1,missing,missing,Ciornă pentru revizuire,missing_source_version; missing_source_relationship; missing_processing; missing_adaptations; source_verification_missing; medical_review_missing
rx/coloana/rx-lumbosacral-junction-and-sacroiliac-joints-ap-or-incidenta-pa-axiala-incidenta-scolioza-jonctiune-l5-s1-metoda-ferguson-22-p742-merrill.md,Rx joncțiunea lumbosacrală și articulațiile sacroiliace — AP sau incidența PA axială — incidența pentru scolioză / joncțiunea L5-S1 (metoda Ferguson) 22 (Merrill),rx,1,missing,missing,Ciornă pentru revizuire,missing_source_version; missing_source_relationship; missing_processing; missing_adaptations; source_verification_missing; medical_review_missing
rx/coloana/rx-right-and-left-bending-pa-ap-projection-scolioza-vicii-de-postura-ale-coloanei-series-bontrager.md,Rx INCIDENȚĂ PA PENTRU ÎNCLINARE SPRE DREAPTA ȘI STÂNGA (AP) (SERIE PENTRU SCOLIOZĂ / VICII DE POSTURĂ ALE COLOANEI),rx,1,missing,missing,,ambiguous_edition; missing_source_relationship; missing_processing; missing_adaptations; source_verification_missing; medical_review_missing
rx/coloana/rx-s1-position-lateral-l5-coloana-lombara-bontrager.md,Rx S1 Poziționare LATERALĂ L5 (Coloana lombară),rx,1,missing,missing,,ambiguous_edition; missing_source_relationship; missing_processing; missing_adaptations; source_verification_missing; medical_review_missing
rx/coloana/rx-s1-projection-ap-axial-l5-coloana-lombara-bontrager.md,Rx S1 Incidență AP AXIALĂ L5 (Coloana lombară),rx,1,missing,missing,,ambiguous_edition; missing_source_relationship; missing_processing; missing_adaptations; source_verification_missing; medical_review_missing
rx/coloana/rx-sacroiliac-joints-ap-incidenta-oblica-rpo-and-lpo-positions-p745-merrill.md,Articulațiile sacroiliace — incidențe oblice antero-posterioare (AP) — RPO și oblică posterioară stângă (OPS / LPO) (Merrill),rx,1,missing,missing,Ciornă pentru revizuire,missing_source_version; missing_source_relationship; missing_processing; missing_adaptations; source_verification_missing; medical_review_missing
rx/coloana/rx-sacroiliac-joints-pa-incidenta-oblica-rao-and-lao-positions-p748-merrill.md,Articulațiile sacroiliace — incidențe oblice postero-anterioare (PA) — RAO și oblică anterioară stângă (OAS / LAO) (Merrill),rx,1,missing,missing,Ciornă pentru revizuire,missing_source_version; missing_source_relationship; missing_processing; missing_adaptations; source_verification_missing; medical_review_missing
rx/coloana/rx-sacroiliac-joints-posterior-oblique-positions-lpo-and-rpo-bontrager.md,ARTICULAȚIILE SACROILIACE — INCIDENȚE OB切ICE POSTERIOARE — Poziționare (LPO ȘI RPO),rx,1,missing,missing,,ambiguous_edition; missing_source_relationship; missing_processing; missing_adaptations; source_verification_missing; medical_review_missing
rx/coloana/rx-sacru-antero-posterior-postero-anterior-p205-clark.md,Rx Sacru Antero-Posterior (AP)/Postero-Anterior (PA),rx,1,missing,missing,,missing_source_relationship; missing_processing; missing_adaptations; source_verification_missing; medical_review_missing
rx/coloana/rx-sacru-ap-axiala-bontrager.md,Rx Sacru AP Axială,rx,1,missing,missing,,ambiguous_edition; missing_source_relationship; missing_processing; missing_adaptations; source_verification_missing; medical_review_missing
rx/coloana/rx-sacru-si-coccis-ap-and-pa-axial-projections-p752-merrill.md,"Rx Sacru și Coccis — AP și PA, incidență axială (Merrill)",rx,1,missing,missing,Ciornă pentru revizuire,missing_source_version; missing_source_relationship; missing_processing; missing_adaptations; source_verification_missing; medical_review_missing
rx/coloana/rx-sacru-si-coccis-incidenta-de-profil-lateral-right-or-left-position-p756-merrill.md,Rx sacru și coccis — incidență de profil (lateral) — profil (drept sau stâng) (Merrill),rx,1,missing,missing,Ciornă pentru revizuire,missing_source_version; missing_source_relationship; missing_processing; missing_adaptations; source_verification_missing; medical_review_missing
rx/coloana/rx-sacru-si-coccis-profil-lateral-bontrager.md,Rx sacru și coccis profil (lateral),rx,1,missing,missing,,ambiguous_edition; missing_source_relationship; missing_processing; missing_adaptations; source_verification_missing; medical_review_missing
rx/coloana/rx-scolioza-vicii-de-postura-ale-coloanei-series-pa-postero-anterior-bontrager.md,Rx scolioză / vicii de postură ale coloanei SERIE PA (postero-anterioară),rx,1,missing,missing,,ambiguous_edition; missing_source_relationship; missing_processing; missing_adaptations; source_verification_missing; medical_review_missing
rx/coloana/rx-scolioza-vicii-de-postura-ale-coloanei-series-pa-postero-anterior-incidenta-scolioza-jonctiune-l5-s1-metoda-ferguson-bontrager.md,Rx scolioză / vicii de postură ale coloanei SERIE PA (postero-anterioară) (incidență pentru scolioză / joncțiunea L5-S1 (metoda Ferguson)),rx,1,missing,missing,,ambiguous_edition; missing_source_relationship; missing_processing; missing_adaptations; source_verification_missing; medical_review_missing
rx/coloana/rx-scolioza-vicii-de-postura-ale-coloanei-series-profil-lateral-ortostatism-bontrager.md,"Rx scolioză / vicii de postură ale coloanei — serie de incidențe de profil (lateral), în ortostatism",rx,1,missing,missing,,ambiguous_edition; missing_source_relationship; missing_processing; missing_adaptations; source_verification_missing; medical_review_missing
rx/coloana/rx-t3-incidenta-de-profil-lateral-cervicothoracic-c5-coloana-cervicala-swimmer-s-bontrager.md,Rx T3) Incidență de Profil (Lateral) CERVICOTHORACIC (C5 (Coloană Cervicală - SWIMMER’S),rx,1,missing,missing,,ambiguous_edition; missing_source_relationship; missing_processing; missing_adaptations; source_verification_missing; medical_review_missing
rx/coloana/rx-thoracic-vertebrae-incidenta-antero-posterioara-ap-p708-merrill.md,Rx Coloană Toracală — Incidență Antero-Posterioară (AP) (Merrill),rx,1,missing,missing,Ciornă pentru revizuire,missing_source_version; missing_source_relationship; missing_processing; missing_adaptations; source_verification_missing; medical_review_missing
rx/coloana/rx-thoracic-vertebrae-incidenta-de-profil-lateral-right-or-left-position-p712-merrill.md,Rx Coloană Toracală — Incidență de Profil (Lateral) — Profil (Drept sau Stâng) (Merrill),rx,1,missing,missing,Ciornă pentru revizuire,missing_source_version; missing_source_relationship; missing_processing; missing_adaptations; source_verification_missing; medical_review_missing
rx/coloana/rx-thoracic-zygapophyseal-joints-decubit-position-p718-merrill.md,Rx Articulații zigapofizare toracale — Poziționare în decubit (Merrill),rx,1,missing,missing,Ciornă pentru revizuire,missing_source_version; missing_source_relationship; missing_processing; missing_adaptations; source_verification_missing; medical_review_missing
rx/coloana/rx-thoracic-zygapophyseal-joints-upright-position-p717-merrill.md,Rx articulațiile zigapofizare toracale — incidență de profil dreaptă (Merrill),rx,1,missing,missing,Ciornă pentru revizuire,missing_source_version; missing_source_relationship; missing_processing; missing_adaptations; source_verification_missing; medical_review_missing
rx/coloana/rx-thoracolumbar-spine-scoliosis-incidenta-postero-anterioara-pa-incidenta-scolioza-jonctiune-l5-s1-metoda-ferguson-32-p767-merrill.md,Rx coloană toracolombară: scolioză — incidență postero-anterioară (PA) — incidență pentru scolioză / joncțiunea L5-S1 (metoda Ferguson) 32 (Merrill),rx,1,missing,missing,Ciornă pentru revizuire,missing_source_version; missing_source_relationship; missing_processing; missing_adaptations; source_verification_missing; medical_review_missing
rx/coloana/rx-thoracolumbar-spine-scoliosis-pa-and-incidenta-de-profil-lateral-frank-et-al-method-27-29-p761-merrill.md,"Radiografia coloanei toracolombare: scolioză — PA și incidență de profil — metoda Frank, 27–29 (Merrill)",rx,1,missing,missing,Ciornă pentru revizuire,missing_source_version; missing_source_relationship; missing_processing; missing_adaptations; source_verification_missing; medical_review_missing
rx/coloana/rx-vertebral-arch-pillars-ap-axial-incidenta-oblica-right-and-left-head-rotations-10-projection-both-sides-are-examined-for-compariso-p703-merrill.md,"Radiografia arcului vertebral (pilieri) — oblică axială AP — rotații ale capului spre dreapta și spre stânga, 10 incidențe. Ambele părți sunt examinate pentru comparație. (Merrill)",rx,1,missing,missing,Ciornă pentru revizuire,missing_source_version; missing_source_relationship; missing_processing; missing_adaptations; source_verification_missing; medical_review_missing
rx/coloana/rx-vertebral-arch-pillars-ap-axiala-coloana-cervicala-bontrager.md,RADIOGRAFIA ARCULUI VERTEBRAL (PILIERI) AP AXIALĂ (COLOANA CERVICALĂ),rx,1,missing,missing,,ambiguous_edition; missing_source_relationship; missing_processing; missing_adaptations; source_verification_missing; medical_review_missing
rx/craniu-saf/rx-acanthioparietal-reverse-incidenta-occipito-mentoniera-metoda-waters-and-masiv-facial-oase-ale-fetei-modified-acanthioparietal-modified-reverse-waters-bontrager.md,RADIOGRAFIA ACANTHIOPARIETALEI (INCIDENȚĂ OCCIPITO-MENTONIERĂ INVERSĂ (METODA WATERS)) ȘI A MASIVULUI FACIAL (OASELE FEȚEI) (ACANTHIOPARIETALĂ MODIFICATĂ (INCIDENȚĂ WATERS INVERSĂ MODIFICATĂ)),rx,1,missing,missing,,ambiguous_edition; missing_source_relationship; missing_processing; missing_adaptations; source_verification_missing; medical_review_missing
rx/craniu-saf/rx-ap-30-craniu-degree-axial-incidenta-ap-axiala-metoda-towne-bontrager.md,"Rx craniu AP (incidență AP axială, metoda Towne), unghi în grade: 30",rx,1,missing,missing,,ambiguous_edition; missing_source_relationship; missing_processing; missing_adaptations; source_verification_missing; medical_review_missing
rx/craniu-saf/rx-closely-superimposed-mandibular-shadows-incidenta-antero-posterioara-ap-during-lateral-imaging-p1083-merrill.md,Rx ▪ Umbre mandibulare strâns suprapuse — Incidență anteroposterioară (AP) — în timpul imagisticii de profil. (Merrill),rx,1,missing,missing,Ciornă pentru revizuire,missing_source_version; missing_source_relationship; missing_processing; missing_adaptations; source_verification_missing; medical_review_missing
rx/craniu-saf/rx-cranial-base-submentovertical-projection-sch-ller-method-p887-merrill.md,Rx Baza craniului — Incidență submentovertex — Metoda Schüller (Merrill),rx,1,missing,missing,Ciornă pentru revizuire,missing_source_version; missing_source_relationship; missing_processing; missing_adaptations; source_verification_missing; medical_review_missing
rx/craniu-saf/rx-craniu-ap-ap-axial-15-degrees-reverse-incidenta-occipito-frontala-metoda-caldwell-bontrager.md,"Rx craniu AP, AP axială la 15 grade (incidență occipito-frontală inversată, metoda Caldwell)",rx,1,missing,missing,,ambiguous_edition; missing_source_relationship; missing_processing; missing_adaptations; source_verification_missing; medical_review_missing
rx/craniu-saf/rx-craniu-fronto-occipital-p257-clark.md,Rx Craniu Fronto-occipital,rx,1,missing,missing,,missing_source_relationship; missing_processing; missing_adaptations; source_verification_missing; medical_review_missing
rx/craniu-saf/rx-craniu-head-profil-lateral-bontrager.md,"Rx craniu (cap), profil (lateral)",rx,1,missing,missing,,ambiguous_edition; missing_source_relationship; missing_processing; missing_adaptations; source_verification_missing; medical_review_missing
rx/craniu-saf/rx-craniu-incidenta-antero-posterioara-ap-and-incidenta-ap-axiala-reverse-incidenta-occipito-frontala-metoda-caldwell-p875-merrill.md,Rx Craniu — Incidență Antero-Posterioară (AP) și Incidență AP Axială — Incidență Occipito-Frontală inversă (Metoda Caldwell) (Merrill),rx,1,missing,missing,Ciornă pentru revizuire,missing_source_version; missing_source_relationship; missing_processing; missing_adaptations; source_verification_missing; medical_review_missing
rx/craniu-saf/rx-craniu-incidenta-ap-axiala-incidenta-ap-axiala-metoda-towne-p877-merrill.md,Rx Craniu — Incidență AP Axială — Incidență AP Axială (Metoda Towne) (Merrill),rx,1,missing,missing,Ciornă pentru revizuire,missing_source_version; missing_source_relationship; missing_processing; missing_adaptations; source_verification_missing; medical_review_missing
rx/craniu-saf/rx-craniu-incidenta-de-profil-lateral-right-or-left-position-p868-merrill.md,Rx Craniu — Incidență de Profil (Lateral) — Profil (Drept sau Stâng) (Merrill),rx,1,missing,missing,Ciornă pentru revizuire,missing_source_version; missing_source_relationship; missing_processing; missing_adaptations; source_verification_missing; medical_review_missing
rx/craniu-saf/rx-craniu-incidenta-pa-axiala-metoda-haas-p885-merrill.md,Rx Craniu — Incidență PA Axială — Metoda Haas (Merrill),rx,1,missing,missing,Ciornă pentru revizuire,missing_source_version; missing_source_relationship; missing_processing; missing_adaptations; source_verification_missing; medical_review_missing
rx/craniu-saf/rx-craniu-incidenta-postero-anterioara-pa-and-incidenta-pa-axiala-incidenta-occipito-frontala-metoda-caldwell-p871-merrill.md,Rx Craniu — Incidență Postero-Anterioară (PA) și Incidență PA Axială — Incidență Occipito-Frontală (Metoda Caldwell) (Merrill),rx,1,missing,missing,Ciornă pentru revizuire,missing_source_version; missing_source_relationship; missing_processing; missing_adaptations; source_verification_missing; medical_review_missing
rx/craniu-saf/rx-craniu-jugular-foramina-submento-vertical-p264-clark.md,Rx Craniu Foramine jugulare: submento-verticală,rx,1,missing,missing,,missing_source_relationship; missing_processing; missing_adaptations; source_verification_missing; medical_review_missing
rx/craniu-saf/rx-craniu-mastoid-profil-lateral-oblica-p267-clark.md,Rx Craniu Mastoidă - Profil (Lateral) Oblică,rx,1,missing,missing,,missing_source_relationship; missing_processing; missing_adaptations; source_verification_missing; medical_review_missing
rx/craniu-saf/rx-craniu-mastoid-profile-p268-clark.md,Rx Craniu Mastoidă - profil,rx,1,missing,missing,,missing_source_relationship; missing_processing; missing_adaptations; source_verification_missing; medical_review_missing
rx/craniu-saf/rx-craniu-non-isocentric-technique-p253-clark.md,Radiografia craniului: tehnică non-izocentrică,rx,1,missing,missing,,missing_source_relationship; missing_processing; missing_adaptations; source_verification_missing; medical_review_missing
rx/craniu-saf/rx-craniu-occipito-frontal-30-degree-cranial-p260-clark.md,Radiografia craniului: incidență occipitofrontală cu 30 grade cranial,rx,1,missing,missing,,missing_source_relationship; missing_processing; missing_adaptations; source_verification_missing; medical_review_missing
rx/craniu-saf/rx-craniu-occipito-frontal-p255-clark.md,Radiografia craniului: incidență occipitofrontală,rx,1,missing,missing,,missing_source_relationship; missing_processing; missing_adaptations; source_verification_missing; medical_review_missing
rx/craniu-saf/rx-craniu-optic-foramina-and-jugular-p263-clark.md,Radiografia craniului: foramenele optice și jugulare,rx,1,missing,missing,,missing_source_relationship; missing_processing; missing_adaptations; source_verification_missing; medical_review_missing
rx/craniu-saf/rx-craniu-petrous-bone-oblica-anterioara-stenver-s-p269-clark.md,Rx Craniu Os temporal pietros: oblică anterioară (Stenver),rx,1,missing,missing,,missing_source_relationship; missing_processing; missing_adaptations; source_verification_missing; medical_review_missing
rx/craniu-saf/rx-craniu-sella-turcica-profil-lateral-p262-clark.md,Rx Craniu Șa turcească: profil (lateral),rx,1,missing,missing,,missing_source_relationship; missing_processing; missing_adaptations; source_verification_missing; medical_review_missing
rx/craniu-saf/rx-craniu-series-ap-axiala-incidenta-ap-axiala-metoda-towne-bontrager.md,Rx Craniu SERIE AP axială (incidență AP axială (metoda Towne)),rx,1,missing,missing,,ambiguous_edition; missing_source_relationship; missing_processing; missing_adaptations; source_verification_missing; medical_review_missing
rx/craniu-saf/rx-craniu-series-pa-axiala-15-cr-incidenta-occipito-frontala-metoda-caldwell-or-25-to-30-cr-bontrager.md,Rx Craniu SERIE PA axială (15° CR (incidență occipito-frontală (metoda Caldwell)) SAU 25° LA 30° CR),rx,1,missing,missing,,ambiguous_edition; missing_source_relationship; missing_processing; missing_adaptations; source_verification_missing; medical_review_missing
rx/craniu-saf/rx-craniu-series-pa-axiala-metoda-haas-bontrager.md,Rx Craniu SERIE PA axială (metoda Haas),rx,1,missing,missing,,ambiguous_edition; missing_source_relationship; missing_processing; missing_adaptations; source_verification_missing; medical_review_missing
rx/craniu-saf/rx-craniu-series-pa-postero-anterior-bontrager.md,Rx Craniu SERIE PA (postero-anterioară),rx,1,missing,missing,,ambiguous_edition; missing_source_relationship; missing_processing; missing_adaptations; source_verification_missing; medical_review_missing
rx/craniu-saf/rx-craniu-series-submentovertical-smv-projection-bontrager.md,"Rx Craniu SERIE SUBMENTOVERTICALĂ (SMV), incidență",rx,1,missing,missing,,ambiguous_edition; missing_source_relationship; missing_processing; missing_adaptations; source_verification_missing; medical_review_missing
rx/craniu-saf/rx-craniu-temporal-bones-p265-clark.md,Rx Craniu Oase temporale,rx,1,missing,missing,,missing_source_relationship; missing_processing; missing_adaptations; source_verification_missing; medical_review_missing
rx/craniu-saf/rx-ethmoidal-and-sphenoidal-sinuses-submentovertical-projection-p958-merrill.md,Radiografia sinusurilor etmoidale și sfenoidale — Incidența submentoverticală (Merrill),rx,1,missing,missing,Ciornă pentru revizuire,missing_source_version; missing_source_relationship; missing_processing; missing_adaptations; source_verification_missing; medical_review_missing
rx/craniu-saf/rx-facial-bone-radiography-acanthioparietal-projection-reverse-incidenta-occipito-mentoniera-metoda-waters-p909-merrill.md,Radiografia oaselor feței — Incidență acantoparietală — Incidență occipito-mentonieră inversată (Metoda Waters) (Merrill),rx,1,missing,missing,Ciornă pentru revizuire,missing_source_version; missing_source_relationship; missing_processing; missing_adaptations; source_verification_missing; medical_review_missing
rx/craniu-saf/rx-facial-bone-radiography-incidenta-pa-axiala-incidenta-occipito-frontala-metoda-caldwell-p911-merrill.md,Radiografia oaselor feței — Incidență PA axială — Incidență occipito-frontală (Metoda Caldwell) (Merrill),rx,1,missing,missing,Ciornă pentru revizuire,missing_source_version; missing_source_relationship; missing_processing; missing_adaptations; source_verification_missing; medical_review_missing
rx/craniu-saf/rx-facial-bone-radiography-parietoacanthial-projection-incidenta-occipito-mentoniera-metoda-waters-9-p905-merrill.md,Radiografia oaselor feței — Incidență parietoacantială — Incidență occipito-mentonieră (Metoda Waters) 9 (Merrill),rx,1,missing,missing,Ciornă pentru revizuire,missing_source_version; missing_source_relationship; missing_processing; missing_adaptations; source_verification_missing; medical_review_missing
rx/craniu-saf/rx-frontal-and-anterior-ethmoidal-sinuses-incidenta-pa-axiala-incidenta-occipito-frontala-metoda-caldwell-landmarks-and-localization--p951-merrill.md,Radiografia sinusurilor frontale și etmoidale anterioare — Incidență PA axială — Incidență occipito-frontală (Metoda Caldwell); reperele și planurile de localizare rămân neschimbate. (Merrill),rx,1,missing,missing,Ciornă pentru revizuire,missing_source_version; missing_source_relationship; missing_processing; missing_adaptations; source_verification_missing; medical_review_missing
rx/craniu-saf/rx-mandibula-and-maxilla-profil-lateral-oblica-of-the-body-of-the-mandibula-and-maxilla-p329-clark.md,Radiografie oblică de profil a mandibulei și maxilei,rx,1,missing,missing,,missing_source_relationship; missing_processing; missing_adaptations; source_verification_missing; medical_review_missing
rx/craniu-saf/rx-mandibula-and-maxilla-profil-lateral-oblica-of-the-ramus-of-the-mandibula-p331-clark.md,Radiografie oblică de profil a ramurii mandibulei,rx,1,missing,missing,,missing_source_relationship; missing_processing; missing_adaptations; source_verification_missing; medical_review_missing
rx/craniu-saf/rx-mandibula-and-maxilla-profil-lateral-oblica-of-the-ramus-of-the-mandibula-p332-clark.md,Radiografie oblică de profil a ramurii mandibulei,rx,1,missing,missing,,missing_source_relationship; missing_processing; missing_adaptations; source_verification_missing; medical_review_missing
rx/craniu-saf/rx-mandibula-ap-axiala-incidenta-ap-axiala-metoda-towne-bontrager.md,Mandibulă AP axială (incidență AP axială (metoda Towne)),rx,1,missing,missing,,ambiguous_edition; missing_source_relationship; missing_processing; missing_adaptations; source_verification_missing; medical_review_missing
rx/craniu-saf/rx-mandibula-axiolateral-and-axiolateral-oblique-projections-p929-merrill.md,Rx Mandibulă — Incidență axiolaterală și axiolaterală oblică (Merrill),rx,1,missing,missing,Ciornă pentru revizuire,missing_source_version; missing_source_relationship; missing_processing; missing_adaptations; source_verification_missing; medical_review_missing
rx/craniu-saf/rx-mandibula-axiolateral-or-axiolateral-oblica-bontrager.md,Rx Mandibulă — Incidență axiolaterală și axiolaterală oblică,rx,1,missing,missing,,ambiguous_edition; missing_source_relationship; missing_processing; missing_adaptations; source_verification_missing; medical_review_missing
rx/craniu-saf/rx-mandibula-pa-or-pa-axiala-bontrager.md,Rx Mandibulă — Incidență PA sau PA axială,rx,1,missing,missing,,ambiguous_edition; missing_source_relationship; missing_processing; missing_adaptations; source_verification_missing; medical_review_missing
rx/craniu-saf/rx-mandibula-submentovertical-projection-p933-merrill.md,Rx Mandibulă — Incidență submentoverticală (Merrill),rx,1,missing,missing,Ciornă pentru revizuire,missing_source_version; missing_source_relationship; missing_processing; missing_adaptations; source_verification_missing; medical_review_missing
rx/craniu-saf/rx-mandibula-submentovertical-smv-projection-bontrager.md,Rx Mandibulă Incidență SUBMENTOVERTICALĂ (SMV),rx,1,missing,missing,,ambiguous_edition; missing_source_relationship; missing_processing; missing_adaptations; source_verification_missing; medical_review_missing
rx/craniu-saf/rx-mandibular-body-incidenta-postero-anterioara-pa-p926-merrill.md,Rx corp mandibular — incidență postero-anterioară (PA) (Merrill),rx,1,missing,missing,Ciornă pentru revizuire,missing_source_version; missing_source_relationship; missing_processing; missing_adaptations; source_verification_missing; medical_review_missing
rx/craniu-saf/rx-mandibular-rami-incidenta-postero-anterioara-pa-p923-merrill.md,Rx Mandibular Rami — Incidență postero-anterioară (PA) (Merrill),rx,1,missing,missing,Ciornă pentru revizuire,missing_source_version; missing_source_relationship; missing_processing; missing_adaptations; source_verification_missing; medical_review_missing
rx/craniu-saf/rx-masiv-facial-oase-ale-fetei-30-p286-clark.md,Rx Masiv Facial (Oase ale Feței) 30°,rx,1,missing,missing,,missing_source_relationship; missing_processing; missing_adaptations; source_verification_missing; medical_review_missing
rx/craniu-saf/rx-masiv-facial-oase-ale-fetei-35-p284-clark.md,Rx Masiv Facial (Oase ale Feței) 35°,rx,1,missing,missing,,missing_source_relationship; missing_processing; missing_adaptations; source_verification_missing; medical_review_missing
rx/craniu-saf/rx-masiv-facial-oase-ale-fetei-45-p278-clark.md,Rx Masiv Facial (Oase ale Feței) 45°,rx,1,missing,missing,,missing_source_relationship; missing_processing; missing_adaptations; source_verification_missing; medical_review_missing
rx/craniu-saf/rx-masiv-facial-oase-ale-fetei-incidenta-de-profil-lateral-right-or-left-position-p901-merrill.md,Rx Masiv Facial (Oase ale Feței) — Incidență de Profil (Lateral) — Profil (Drept sau Stâng) (Merrill),rx,1,missing,missing,Ciornă pentru revizuire,missing_source_version; missing_source_relationship; missing_processing; missing_adaptations; source_verification_missing; medical_review_missing
rx/craniu-saf/rx-masiv-facial-oase-ale-fetei-mandibula-postero-oblica-anterioara-p288-clark.md,"Radiografia masivului facial (oaselor feței), mandibulă: incidență postero-oblică anterioară",rx,1,missing,missing,,missing_source_relationship; missing_processing; missing_adaptations; source_verification_missing; medical_review_missing
rx/craniu-saf/rx-masiv-facial-oase-ale-fetei-modified-mento-occipital-p279-clark.md,"Radiografia masivului facial (oaselor feței), incidență occipito-mentonieră modificată",rx,1,missing,missing,,missing_source_relationship; missing_processing; missing_adaptations; source_verification_missing; medical_review_missing
rx/craniu-saf/rx-masiv-facial-oase-ale-fetei-modified-parietoacanthial-projection-modified-incidenta-occipito-mentoniera-metoda-waters-bontrager.md,"Radiografia masivului facial (oaselor feței), incidență parieto-acantială modificată (incidență occipito-mentonieră modificată (metoda Waters))",rx,1,missing,missing,,ambiguous_edition; missing_source_relationship; missing_processing; missing_adaptations; source_verification_missing; medical_review_missing
rx/craniu-saf/rx-masiv-facial-oase-ale-fetei-modified-reverse-occipito-mental-p281-clark.md,"Radiografia masivului facial (oaselor feței), incidență occipito-mentonieră inversă modificată",rx,1,missing,missing,,missing_source_relationship; missing_processing; missing_adaptations; source_verification_missing; medical_review_missing
rx/craniu-saf/rx-masiv-facial-oase-ale-fetei-pa-axiala-incidenta-occipito-frontala-metoda-caldwell-bontrager.md,Rx Masiv facial (oasele feței) PA axială (incidență occipito-frontală (metoda Caldwell)),rx,1,missing,missing,,ambiguous_edition; missing_source_relationship; missing_processing; missing_adaptations; source_verification_missing; medical_review_missing
rx/craniu-saf/rx-masiv-facial-oase-ale-fetei-parietoacanthial-projection-incidenta-occipito-mentoniera-metoda-waters-bontrager.md,Rx Masiv facial (oasele feței) parietoacanthială (incidență occipito-mentonieră (metoda Waters)),rx,1,missing,missing,,ambiguous_edition; missing_source_relationship; missing_processing; missing_adaptations; source_verification_missing; medical_review_missing
rx/craniu-saf/rx-masiv-facial-oase-ale-fetei-profil-lateral-p282-clark.md,Rx Masiv facial (oasele feței) profil (lateral),rx,1,missing,missing,,missing_source_relationship; missing_processing; missing_adaptations; source_verification_missing; medical_review_missing
rx/craniu-saf/rx-maxillary-and-sphenoidal-sinuses-parietoacanthial-projection-open-mouth-incidenta-occipito-mentoniera-metoda-waters-p955-merrill.md,"Radiografia sinusurilor maxilare și sfenoidale — incidență parietoacantială — transorală (gură deschisă), incidență occipito-mentonieră (metoda Waters) (Merrill)",rx,1,missing,missing,Ciornă pentru revizuire,missing_source_version; missing_source_relationship; missing_processing; missing_adaptations; source_verification_missing; medical_review_missing
rx/craniu-saf/rx-maxillary-sinuses-parietoacanthial-projection-incidenta-occipito-mentoniera-metoda-waters-p953-merrill.md,Radiografia sinusurilor maxilare — incidență parietoacantială — incidență occipito-mentonieră (metoda Waters) (Merrill),rx,1,missing,missing,Ciornă pentru revizuire,missing_source_version; missing_source_relationship; missing_processing; missing_adaptations; source_verification_missing; medical_review_missing
rx/craniu-saf/rx-n-soft-tissue-and-bony-trabecular-detail-incidenta-ap-axiala-modified-incidenta-ap-axiala-metoda-towne-p920-merrill.md,Radiografia țesuturilor moi și a detaliilor osoase trabeculare — incidență AP axială — incidență AP axială modificată (metoda Towne) (Merrill),rx,1,missing,missing,Ciornă pentru revizuire,missing_source_version; missing_source_relationship; missing_processing; missing_adaptations; source_verification_missing; medical_review_missing
rx/craniu-saf/rx-n-soft-tissue-and-bony-trabecular-detail-incidenta-pa-axiala-p924-merrill.md,Radiografia țesuturilor moi și a detaliilor osoase trabeculare — incidență PA axială (Merrill),rx,1,missing,missing,Ciornă pentru revizuire,missing_source_version; missing_source_relationship; missing_processing; missing_adaptations; source_verification_missing; medical_review_missing
rx/craniu-saf/rx-n-soft-tissue-and-bony-trabecular-detail-incidenta-pa-axiala-p928-merrill.md,Radiografia țesuturilor moi și a detaliilor osoase trabeculare — incidență PA axială (Merrill),rx,1,missing,missing,Ciornă pentru revizuire,missing_source_version; missing_source_relationship; missing_processing; missing_adaptations; source_verification_missing; medical_review_missing
rx/craniu-saf/rx-oase-nazale-opn.md,Rx Oase Proprii Nazale (OPN),rx,3,missing,missing,,missing_source_locator; missing_source_version; missing_source_relationship; missing_processing; missing_adaptations; source_verification_missing; medical_review_missing
rx/craniu-saf/rx-oase-proprii-nazale-opn-incidenta-de-profil-lateral-right-and-left-positions-p913-merrill.md,Rx Oase Proprii Nazale (OPN) — Incidență de Profil (Lateral) — Profil drept și profil stâng (Merrill),rx,1,missing,missing,Ciornă pentru revizuire,missing_source_version; missing_source_relationship; missing_processing; missing_adaptations; source_verification_missing; medical_review_missing
rx/craniu-saf/rx-oase-proprii-nazale-opn-profil-lateral-bontrager.md,Rx Oase Proprii Nazale (OPN) — Profil (Lateral),rx,1,missing,missing,,ambiguous_edition; missing_source_relationship; missing_processing; missing_adaptations; source_verification_missing; medical_review_missing
rx/craniu-saf/rx-oase-proprii-nazale-opn-superoinferior-tangential-axial-projection-bontrager.md,Rx Oase Proprii Nazale (OPN) — Incidență tangențială superoinferioară (axială),rx,1,missing,missing,,ambiguous_edition; missing_source_relationship; missing_processing; missing_adaptations; source_verification_missing; medical_review_missing
rx/craniu-saf/rx-oblica-anterioara-occlusal-oblica-occlusal-of-the-maxilla-p326-clark.md,Radiografie dentară ocluzală oblică anterioară a maxilei.,rx,1,missing,missing,,missing_source_relationship; missing_processing; missing_adaptations; source_verification_missing; medical_review_missing
rx/craniu-saf/rx-orbital-incidenta-oblica-parieto-optic-foramina-rhese-method-bontrager.md,Radiografie orbitală — incidență oblică parieto-orbitală (găurile optice — metoda Rhese),rx,1,missing,missing,,ambiguous_edition; missing_source_relationship; missing_processing; missing_adaptations; source_verification_missing; medical_review_missing
rx/craniu-saf/rx-parotid-and-submandibular-glands-incidenta-de-profil-lateral-right-or-left-position-p1076-merrill.md,Radiografie a glandelor parotide și submandibulare — incidență de profil (lateral) — profil drept sau stâng (Merrill),rx,1,missing,missing,Ciornă pentru revizuire,missing_source_version; missing_source_relationship; missing_processing; missing_adaptations; source_verification_missing; medical_review_missing
rx/craniu-saf/rx-radiografie-dentara-bite-wing-interproximala-position-of-patient-and-film-using-a-p308-clark.md,Radiografie dentară bitewing (interproximală) — poziționarea pacientului și a filmului utilizând o,rx,1,missing,missing,,missing_source_relationship; missing_processing; missing_adaptations; source_verification_missing; medical_review_missing
rx/craniu-saf/rx-radiografie-dentara-bite-wing-interproximala-position-of-patient-and-film-using-a-p309-clark.md,Radiografie dentară bitewing (interproximală) — poziționarea pacientului și a filmului utilizând o,rx,1,missing,missing,,missing_source_relationship; missing_processing; missing_adaptations; source_verification_missing; medical_review_missing
rx/craniu-saf/rx-radiografie-dentara-ocluzala-direction-and-centring-of-the-x-ray-beam-p328-clark.md,Rx Radiografie dentară ocluzală Direcția și centrarea fasciculului de raze X,rx,1,missing,missing,,missing_source_relationship; missing_processing; missing_adaptations; source_verification_missing; medical_review_missing
rx/craniu-saf/rx-radiografie-dentara-ocluzala-oblica-occlusal-of-the-mandibula-p327-clark.md,Rx Radiografie dentară ocluzală Ocluzală oblică a mandibulei,rx,1,missing,missing,,missing_source_relationship; missing_processing; missing_adaptations; source_verification_missing; medical_review_missing
rx/craniu-saf/rx-radiografie-dentara-ocluzala-oblica-occlusal-of-the-maxilla-p325-clark.md,Rx Radiografie dentară ocluzală Ocluzală oblică a maxilei,rx,1,missing,missing,,missing_source_relationship; missing_processing; missing_adaptations; source_verification_missing; medical_review_missing
rx/craniu-saf/rx-radiografie-dentara-ocluzala-true-occlusal-of-the-mandibula-p323-clark.md,Rx Radiografie dentară ocluzală Ocluzală adevărată a mandibulei,rx,1,missing,missing,,missing_source_relationship; missing_processing; missing_adaptations; source_verification_missing; medical_review_missing
rx/craniu-saf/rx-radiografie-dentara-ocluzala-vertex-occlusal-of-the-maxilla-p322-clark.md,Rx Radiografie Dentară Ocluzală Vedere ocluzală de vertex a maxilarului,rx,1,missing,missing,,missing_source_relationship; missing_processing; missing_adaptations; source_verification_missing; medical_review_missing
rx/craniu-saf/rx-radiografie-dentara-retroalveolara-periapicala-bisecting-angle-technique-contd-p311-clark.md,Rx Radiografie Dentară Retroalveolară (Periapicală) Tehnica unghiului bisector (continuare),rx,1,missing,missing,,missing_source_relationship; missing_processing; missing_adaptations; source_verification_missing; medical_review_missing
rx/craniu-saf/rx-radiografie-dentara-retroalveolara-periapicala-paralleling-technique-contd-p317-clark.md,Rx Radiografie Dentară Retroalveolară (Periapicală) Tehnica paralelismului (continuare),rx,1,missing,missing,,missing_source_relationship; missing_processing; missing_adaptations; source_verification_missing; medical_review_missing
rx/craniu-saf/rx-radiografie-dentara-retroalveolara-periapicala-third-molar-region-p319-clark.md,Rx Radiografie Dentară Retroalveolară (Periapicală) Regiunea molarului de minte,rx,1,missing,missing,,missing_source_relationship; missing_processing; missing_adaptations; source_verification_missing; medical_review_missing
rx/craniu-saf/rx-radiografie-dentara-retroalveolara-periapicala-third-molar-region-p320-clark.md,Rx Radiografie Dentară Retroalveolară (Periapicală) Regiunea molarului de minte,rx,1,missing,missing,,missing_source_relationship; missing_processing; missing_adaptations; source_verification_missing; medical_review_missing
rx/craniu-saf/rx-right-or-left-lateral-profil-lateral-craniu-series-bontrager.md,Rx PROFIL DREAPTA SAU STÂNGA (Lateral) (SERIA CRANIU),rx,1,missing,missing,,ambiguous_edition; missing_source_relationship; missing_processing; missing_adaptations; source_verification_missing; medical_review_missing
rx/craniu-saf/rx-right-or-left-lateral-profil-lateral-masiv-facial-oase-ale-fetei-bontrager.md,Rx PROFIL DREAPTA SAU STÂNGA (Lateral) (MASIV FACIAL (OASE ALE FEȚEI)),rx,1,missing,missing,,ambiguous_edition; missing_source_relationship; missing_processing; missing_adaptations; source_verification_missing; medical_review_missing
rx/craniu-saf/rx-right-or-left-lateral-profil-lateral-sinuses-bontrager.md,Rx PROFIL DREAPTA SAU STÂNGA (Lateral) (SINUSURI),rx,1,missing,missing,,ambiguous_edition; missing_source_relationship; missing_processing; missing_adaptations; source_verification_missing; medical_review_missing
rx/craniu-saf/rx-sinuses-pa-postero-anterior-incidenta-occipito-frontala-metoda-caldwell-bontrager.md,Rx SINUSURI PA (Postero-Anterioară) (Incidență Occipito-Frontală (Metoda Caldwell)),rx,1,missing,missing,,ambiguous_edition; missing_source_relationship; missing_processing; missing_adaptations; source_verification_missing; medical_review_missing
rx/craniu-saf/rx-sinuses-parietoacanthial-projection-incidenta-occipito-mentoniera-metoda-waters-bontrager.md,Rx SINUSURI Incidență PARIETOACANTIALĂ (Incidență Occipito-Mentonieră (Metoda Waters)),rx,1,missing,missing,,ambiguous_edition; missing_source_relationship; missing_processing; missing_adaptations; source_verification_missing; medical_review_missing
rx/craniu-saf/rx-sinuses-parietoacanthial-transoral-projection-open-bontrager.md,Rx SINUSURI PARIETOACANTIALĂ TRANSORALĂ Incidență (GURA DESCHISĂ),rx,1,missing,missing,,ambiguous_edition; missing_source_relationship; missing_processing; missing_adaptations; source_verification_missing; medical_review_missing
rx/craniu-saf/rx-sinuses-submentovertical-smv-projection-bontrager.md,Rx SINUSURI SUBMENTOVERTICALĂ (SMV) Incidență,rx,1,missing,missing,,ambiguous_edition; missing_source_relationship; missing_processing; missing_adaptations; source_verification_missing; medical_review_missing
rx/craniu-saf/rx-sinusuri-paranazale-saf-incidenta-de-profil-lateral-right-or-left-position-p949-merrill.md,Rx Sinusuri paranazale (SAF) — Incidență de profil — Profil (drept sau stâng) (Merrill),rx,1,missing,missing,Ciornă pentru revizuire,missing_source_version; missing_source_relationship; missing_processing; missing_adaptations; source_verification_missing; medical_review_missing
rx/craniu-saf/rx-sinusuri-paranazale-saf-occipito-frontal-15-degrees-caudad-p292-clark.md,Rx Sinusuri paranazale (SAF) — Incidență occipitofrontală 15 grade caudală,rx,1,missing,missing,,missing_source_relationship; missing_processing; missing_adaptations; source_verification_missing; medical_review_missing
rx/craniu-saf/rx-sinusuri-paranazale-saf-occipito-mental-p291-clark.md,Rx Sinusuri paranazale (SAF) — Incidență occipitomentonieră,rx,1,missing,missing,,missing_source_relationship; missing_processing; missing_adaptations; source_verification_missing; medical_review_missing
rx/craniu-saf/rx-sinusuri-saf-waters.md,Rx Sinusuri Anterioare ale Feței (SAF / Waters),rx,3,missing,missing,,missing_source_locator; missing_source_version; missing_source_relationship; missing_processing; missing_adaptations; source_verification_missing; medical_review_missing
rx/craniu-saf/rx-teleradiografie-craniana-cefalometrie-postero-anterior-projection-p343-clark.md,Rx Teleradiografie Craniană (Cefalometrie) Postero-Anterior (PA) Incidență,rx,1,missing,missing,,missing_source_relationship; missing_processing; missing_adaptations; source_verification_missing; medical_review_missing
rx/craniu-saf/rx-teleradiografie-craniana-cefalometrie-profil-lateral-projection-p341-clark.md,Rx Teleradiografie Craniană (Cefalometrie) Profil (Lateral) Incidență,rx,1,missing,missing,,missing_source_relationship; missing_processing; missing_adaptations; source_verification_missing; medical_review_missing
rx/craniu-saf/rx-temporomandibular-articulations-axiolateral-incidenta-oblica-right-and-left-positions-p943-merrill.md,Rx Articulații Temporomandibulare — Incidență Axiolaterală Oblică — Profil Drept și Stâng (Merrill),rx,1,missing,missing,Ciornă pentru revizuire,missing_source_version; missing_source_relationship; missing_processing; missing_adaptations; source_verification_missing; medical_review_missing
rx/craniu-saf/rx-temporomandibular-articulations-axiolateral-projection-right-and-left-positions-p939-merrill.md,Radiografia articulațiilor temporomandibulare — incidență axiolaterală — dreapta și profil stâng (Merrill),rx,1,missing,missing,Ciornă pentru revizuire,missing_source_version; missing_source_relationship; missing_processing; missing_adaptations; source_verification_missing; medical_review_missing
rx/craniu-saf/rx-temporomandibular-articulations-incidenta-ap-axiala-p936-merrill.md,Radiografia articulațiilor temporomandibulare — incidență AP axială (Merrill),rx,1,missing,missing,Ciornă pentru revizuire,missing_source_version; missing_source_relationship; missing_processing; missing_adaptations; source_verification_missing; medical_review_missing
rx/craniu-saf/rx-temporomandibular-joint-axiolateral-oblica-modified-law-method-bontrager.md,"Radiografia articulației temporomandibulare, incidență axiolaterală oblică (METODA LAW MODIFICATĂ)",rx,1,missing,missing,,ambiguous_edition; missing_source_relationship; missing_processing; missing_adaptations; source_verification_missing; medical_review_missing
rx/craniu-saf/rx-temporomandibular-joint-axiolateral-projection-schuller-method-bontrager.md,"Radiografia articulației temporomandibulare, incidență axiolaterală (METODA SCHULLER)",rx,1,missing,missing,,ambiguous_edition; missing_source_relationship; missing_processing; missing_adaptations; source_verification_missing; medical_review_missing
rx/craniu-saf/rx-temporomandibular-joints-ap-axiala-modified-incidenta-ap-axiala-metoda-towne-bontrager.md,Rx ARTICULAȚII TEMPOROMANDIBULARE AP axială (incidență AP axială modificată (metoda Towne)),rx,1,missing,missing,,ambiguous_edition; missing_source_relationship; missing_processing; missing_adaptations; source_verification_missing; medical_review_missing
rx/craniu-saf/rx-zygomatic-arches-ap-axiala-modified-incidenta-ap-axiala-metoda-towne-bontrager.md,Rx ARCADE ZIGOMATICE AP axială (incidență AP axială modificată (metoda Towne)),rx,1,missing,missing,,ambiguous_edition; missing_source_relationship; missing_processing; missing_adaptations; source_verification_missing; medical_review_missing
rx/craniu-saf/rx-zygomatic-arches-submentovertical-projection-p916-merrill.md,Rx Arcade zigomatice — incidență submentoverticală (Merrill),rx,1,missing,missing,Ciornă pentru revizuire,missing_source_version; missing_source_relationship; missing_processing; missing_adaptations; source_verification_missing; medical_review_missing
rx/craniu-saf/rx-zygomatic-arches-submentovertical-smv-projection-bontrager.md,Rx ARCE ZIGOMATICE INCIDENȚĂ SUBMENTOVERTICALĂ (SMV),rx,1,missing,missing,,ambiguous_edition; missing_source_relationship; missing_processing; missing_adaptations; source_verification_missing; medical_review_missing
rx/craniu-saf/rx-zygomatic-oblique-inferosuperior-tangential-projection-arches-bontrager.md,Rx ARCE ZIGOMATICE INCIDENȚĂ OBLICĂ INFEROSUPERIOARĂ (TANGENȚIALĂ),rx,1,missing,missing,,ambiguous_edition; missing_source_relationship; missing_processing; missing_adaptations; source_verification_missing; medical_review_missing
rx/mamografie/rx-cranio-caudala-extinsa-mamografie-rotatie-externa-laterala-p467-clark.md,"Rx INCIDENȚĂ CRANIO-CAUDALĂ EXTINSĂ A SÂNULUI (MAMOGRAFIE), ROTAȚIE EXTERNĂ (LATERALĂ)",rx,1,missing,missing,,missing_source_relationship; missing_processing; missing_adaptations; source_verification_missing; medical_review_missing
rx/mamografie/rx-exaggerated-craniocaudal-laterally-xccl-projection-special-projections-additional-views-bontrager.md,Rx INCIDENȚĂ CRANIO-CAUDALĂ EXAGERATĂ (LATERAL) (XCCL) A SÂNULUI (MAMOGRAFIE),rx,1,missing,missing,,ambiguous_edition; missing_source_relationship; missing_processing; missing_adaptations; source_verification_missing; medical_review_missing
rx/mamografie/rx-mamografie-craniocaudal-cc-projection-bontrager.md,Rx Mamografie Cranio-Caudală (CC),rx,1,missing,missing,,ambiguous_edition; missing_source_relationship; missing_processing; missing_adaptations; source_verification_missing; medical_review_missing
rx/mamografie/rx-mamografie-mediolateral-oblique-mlo-projection-superomedial-bontrager.md,Rx Mamografie Oblică Medio-Laterală (MLO) (SUPEROMEDIAL),rx,1,missing,missing,,ambiguous_edition; missing_source_relationship; missing_processing; missing_adaptations; source_verification_missing; medical_review_missing
rx/mamografie/rx-mamografie-san-90-degree-lateromedial-lm-projection-paddle-8-10-inches-18-24-cm-or-10-12-inches-24-30-cm-p1379-merrill.md,Rx Mamografie — Profil Latero-Medial (LM 90°) sau 10 × 12 inci (24 × 30 cm). (Merrill),rx,1,missing,missing,Ciornă pentru revizuire,missing_source_version; missing_source_relationship; missing_processing; missing_adaptations; source_verification_missing; medical_review_missing
rx/mamografie/rx-mamografie-san-90-degree-mediolateral-ml-projection-paddle-8-10-inches-18-24-cm-or-10-12-inches-24-30-cm-p1376-merrill.md,Rx Mamografie — Profil Medio-Lateral (ML 90°) sau 10 × 12 țoli (24 × 30 cm). (Merrill),rx,1,missing,missing,Ciornă pentru revizuire,missing_source_version; missing_source_relationship; missing_processing; missing_adaptations; source_verification_missing; medical_review_missing
rx/mamografie/rx-mamografie-san-craniocaudal-cc-projection-paddle-8-10-inches-18-24-cm-or-10-12-inches-24-30-cm-p1353-merrill.md,Rx Mamografie — Cranio-Caudală (CC) sau 10 × 12 țoli (24 × 30 cm). (Merrill),rx,1,missing,missing,Ciornă pentru revizuire,missing_source_version; missing_source_relationship; missing_processing; missing_adaptations; source_verification_missing; medical_review_missing
rx/mamografie/rx-mamografie-san-exaggerated-craniocaudal-xccl-projection-paddle-8-10-inches-18-24-cm-or-10-12-inches-24-30-cm-p1380-merrill.md,Rx Mamografie — Cranio-Caudală Exagerată (XCCL) sau 10 × 12 țoli (24 × 30 cm). (Merrill),rx,1,missing,missing,Ciornă pentru revizuire,missing_source_version; missing_source_relationship; missing_processing; missing_adaptations; source_verification_missing; medical_review_missing
rx/mamografie/rx-mamografie-san-lateromedial-oblique-lmo-projection-paddle-8-10-inches-18-24-cm-or-10-12-inches-24-30-cm-p1399-merrill.md,Rx Mamografie — Oblică Latero-Medială (LMO) sau 10 × 12 țoli (24 × 30 cm). (Merrill),rx,1,missing,missing,Ciornă pentru revizuire,missing_source_version; missing_source_relationship; missing_processing; missing_adaptations; source_verification_missing; medical_review_missing
rx/mamografie/rx-mamografie-san-mediolateral-oblique-mlo-projection-paddle-8-10-inches-18-24-cm-or-10-12-inches-24-30-cm-p1355-merrill.md,Rx Mamografie — Oblică Medio-Laterală (MLO) sau 10 × 12 țoli (24 × 30 cm). (Merrill),rx,1,missing,missing,Ciornă pentru revizuire,missing_source_version; missing_source_relationship; missing_processing; missing_adaptations; source_verification_missing; medical_review_missing
rx/mamografie/rx-mamografie-san-superolateral-to-inferomedial-oblique-sio-projection-paddle-8-10-inches-18-24-cm-or-10-12-inches-24-30-cm-p1401-merrill.md,Rx Mamografie — Incidență oblică supero-laterală spre infero-medială (SIO) sau 10 × 12 țoli (24 × 30 cm). (Merrill),rx,1,missing,missing,Ciornă pentru revizuire,missing_source_version; missing_source_relationship; missing_processing; missing_adaptations; source_verification_missing; medical_review_missing
rx/mamografie/rx-mediolateral-ml-projection-special-projections-additional-views-true-lateral-mamografie-san-position-bontrager.md,Rx Incidență medio-laterală (ML) (incidență adevărată de profil — poziționarea în mamografie),rx,1,missing,missing,,ambiguous_edition; missing_source_relationship; missing_processing; missing_adaptations; source_verification_missing; medical_review_missing
rx/mamografie/rx-profil-lateral-projections-medio-profil-lateral-p470-clark.md,Rx Incidență de profil (lateral) medio-profil (lateral),rx,1,missing,missing,,missing_source_relationship; missing_processing; missing_adaptations; source_verification_missing; medical_review_missing
rx/mamografie/rx-uniform-tissue-exposure-if-compression-is-adequate-tangential-tan-projection-paddle-8-10-inches-18-24-cm-p1388-merrill.md,Rx ▪ Incidență cu compresie focalizată — Incidență tangențială (TAN) (Merrill),rx,1,missing,missing,Ciornă pentru revizuire,missing_source_version; missing_source_relationship; missing_processing; missing_adaptations; source_verification_missing; medical_review_missing
rx/membru-inferior/rx-15-to-20-medial-rotation-ap-mortise-projection-glezna-articulatie-talocrurala-bontrager.md,"Rx gleznă (articulație talocrurală) — incidență AP pentru mortază, cu rotație medială de 15°-20°",rx,1,missing,missing,,ambiguous_edition; missing_source_relationship; missing_processing; missing_adaptations; source_verification_missing; medical_review_missing
rx/membru-inferior/rx-45-medial-rotation-ap-oblica-glezna-articulatie-talocrurala-bontrager.md,"Rx rotație internă (medială) la 45°, incidență AP oblică (gleznă [articulație talocrurală])",rx,1,missing,missing,,ambiguous_edition; missing_source_relationship; missing_processing; missing_adaptations; source_verification_missing; medical_review_missing
rx/membru-inferior/rx-7-lower-extremity-ap-incidenta-oblica-medial-rotation-p466-merrill.md,Rx membru inferior — incidență anteroposterioară (AP) oblică — rotație internă (medială) (Merrill),rx,1,missing,missing,Ciornă pentru revizuire,missing_source_version; missing_source_relationship; missing_processing; missing_adaptations; source_verification_missing; medical_review_missing
rx/membru-inferior/rx-7-lower-extremity-incidenta-postero-anterioara-pa-p465-merrill.md,Rx membru inferior — incidență postero-anterioară (PA) (Merrill),rx,1,missing,missing,Ciornă pentru revizuire,missing_source_version; missing_source_relationship; missing_processing; missing_adaptations; source_verification_missing; medical_review_missing
rx/membru-inferior/rx-7-lower-extremity-lateral-projections-mediolateral-or-lateromedial-p468-merrill.md,Rx membru inferior — incidență de profil — mediolaterală sau lateromedială (Merrill),rx,1,missing,missing,Ciornă pentru revizuire,missing_source_version; missing_source_relationship; missing_processing; missing_adaptations; source_verification_missing; medical_review_missing
rx/membru-inferior/rx-7-lower-extremity-sample-exposure-technique-chart-essential-projections-a-acr-aapm-simm-practice-parameter-for-digital-radiography-p460-merrill.md,"Rx membru inferior — a Parametru de practică ACR-AAPM-SIMM pentru radiografia digitală, revizuit în 2017. b Valorile kVp sunt pentru un generator de înaltă frecvență. (Merrill)",rx,1,missing,missing,Ciornă pentru revizuire,missing_source_version; missing_source_relationship; missing_processing; missing_adaptations; source_verification_missing; medical_review_missing
rx/membru-inferior/rx-acetabulum-and-sold-articulatie-coxofemurala-oblica-anterioara-judet-s-p170-clark.md,"Rx cotil (acetabul) — șold (articulație coxofemurală), incidență oblică anterioară (incidența Judet)",rx,1,missing,missing,,missing_source_relationship; missing_processing; missing_adaptations; source_verification_missing; medical_review_missing
rx/membru-inferior/rx-acetabulum-ap-incidenta-oblica-judet-method-9-modified-judet-method-10-rpo-and-lpo-positions-p636-merrill.md,"Rx acetabul — incidență oblică antero-posterioară (AP) — metoda Judet [9], metoda Judet modificată [10], poziții oblice posterioare dreaptă (RPO) și stângă (OPS / LPO) (Merrill)",rx,1,missing,missing,Ciornă pentru revizuire,missing_source_version; missing_source_relationship; missing_processing; missing_adaptations; source_verification_missing; medical_review_missing
rx/membru-inferior/rx-acetabulum-oblica-false-profile-method6-bontrager.md,Rx acetabul — incidență oblică (metoda falsului profil [6]),rx,1,missing,missing,,ambiguous_edition; missing_source_relationship; missing_processing; missing_adaptations; source_verification_missing; medical_review_missing
rx/membru-inferior/rx-acetabulum-pa-axial-incidenta-oblica-teufel-method-rao-or-lao-position-p634-merrill.md,Rx Acetabulum — Incidență oblică axială PA — Metoda Teufel RAO sau oblică anterioară stângă (OAS / LAO) (Merrill),rx,1,missing,missing,Ciornă pentru revizuire,missing_source_version; missing_source_relationship; missing_processing; missing_adaptations; source_verification_missing; medical_review_missing
rx/membru-inferior/rx-acetabulum-pa-axial-oblica-teufel-method-bontrager.md,Rx ACETABULUM Incidență oblică axială PA (METODA TEUFEL),rx,1,missing,missing,,ambiguous_edition; missing_source_relationship; missing_processing; missing_adaptations; source_verification_missing; medical_review_missing
rx/membru-inferior/rx-anterior-pelvic-bones-ap-axial-outlet-projection-taylor-method-11-p638-merrill.md,Rx Oasele pelvine anterioare — Incidență de evacuare AP axială — Metoda Taylor 11 (Merrill),rx,1,missing,missing,Ciornă pentru revizuire,missing_source_version; missing_source_relationship; missing_processing; missing_adaptations; source_verification_missing; medical_review_missing
rx/membru-inferior/rx-anterior-pelvic-bones-superoinferior-axial-inlet-projection-bridgman-method-12-p640-merrill.md,Rx oasele pelvine anterioare — incidență axială superoinferioară inlet — Metoda BRIDGMAN 12 (Merrill),rx,1,missing,missing,Ciornă pentru revizuire,missing_source_version; missing_source_relationship; missing_processing; missing_adaptations; source_verification_missing; medical_review_missing
rx/membru-inferior/rx-articulatii-subtalare-oblica-medial-p136-clark.md,Rx articulațiile subtalare — oblică medială,rx,1,missing,missing,,missing_source_relationship; missing_processing; missing_adaptations; source_verification_missing; medical_review_missing
rx/membru-inferior/rx-articulatii-subtalare-oblica-profil-lateral-p137-clark.md,"Rx articulațiile subtalare — oblică, profil (lateral)",rx,1,missing,missing,,missing_source_relationship; missing_processing; missing_adaptations; source_verification_missing; medical_review_missing
rx/membru-inferior/rx-articulatii-subtalare-profil-lateral-oblica-p138-clark.md,"Rx articulațiile subtalare — profil (lateral), oblică",rx,1,missing,missing,,missing_source_relationship; missing_processing; missing_adaptations; source_verification_missing; medical_review_missing
rx/membru-inferior/rx-axa-membrelor-inferioare-ortostatism-metoda-conventionala-film-ecran-p153-clark.md,Rx axa membrelor inferioare (ortostatism) — metoda convențională film/ecran,rx,1,missing,missing,,missing_source_relationship; missing_processing; missing_adaptations; source_verification_missing; medical_review_missing
rx/membru-inferior/rx-axial-or-sunrise-skyline-projection-tangential-rotula-patela-bilateral-metoda-merchant-bontrager.md,"Rx incidență axială sau sunrise/skyline, tangențială (rotula — bilateral), metoda Merchant",rx,1,missing,missing,,ambiguous_edition; missing_source_relationship; missing_processing; missing_adaptations; source_verification_missing; medical_review_missing
rx/membru-inferior/rx-axial-or-sunrise-skyline-projections-tangential-rotula-patela-inferosuperior-axial-and-hughston-methods-bontrager.md,"Rx incidență axială sau sunrise/skyline, tangențială (rotula — bilateral) — metodele axială inferosuperioară și Hughston",rx,1,missing,missing,,ambiguous_edition; missing_source_relationship; missing_processing; missing_adaptations; source_verification_missing; medical_review_missing
rx/membru-inferior/rx-bazin-pelvis-and-proximal-femora-incidenta-antero-posterioara-ap-p610-merrill.md,Rx bazin și femure proximale — incidență antero-posterioară (AP) (Merrill),rx,1,missing,missing,Ciornă pentru revizuire,missing_source_version; missing_source_relationship; missing_processing; missing_adaptations; source_verification_missing; medical_review_missing
rx/membru-inferior/rx-bazin-pelvis-ap-axial-inlet-projection7-bontrager.md,Rx bazin — incidență AP axială de intrare7,rx,1,missing,missing,,ambiguous_edition; missing_source_relationship; missing_processing; missing_adaptations; source_verification_missing; medical_review_missing
rx/membru-inferior/rx-bazin-pelvis-ap-axial-outlet-projection7-inferior-pelvic-bones-taylor-method-bontrager.md,Rx bazin — incidență AP axială de evacuare7 (oasele pelvine inferioare) (metoda Taylor),rx,1,missing,missing,,ambiguous_edition; missing_source_relationship; missing_processing; missing_adaptations; source_verification_missing; medical_review_missing
rx/membru-inferior/rx-bazin-pelvis-ilium-p171-clark.md,Rx bazin (pelvis) ilium,rx,1,missing,missing,,missing_source_relationship; missing_processing; missing_adaptations; source_verification_missing; medical_review_missing
rx/membru-inferior/rx-bazin-pelvis-incidenta-antero-posterioara-ap-f-p1491-merrill.md,Rx bazin (pelvis) — incidență antero-posterioară (AP) f (Merrill),rx,1,missing,missing,Ciornă pentru revizuire,missing_source_version; missing_source_relationship; missing_processing; missing_adaptations; source_verification_missing; medical_review_missing
rx/membru-inferior/rx-bazin-pelvis-posterior-oblica-acetabulum-judet-method-bontrager.md,Rx bazin (pelvis) — oblică posterioară (acetabulum — metoda Judet),rx,1,missing,missing,,ambiguous_edition; missing_source_relationship; missing_processing; missing_adaptations; source_verification_missing; medical_review_missing
rx/membru-inferior/rx-bazin-pelvis-profil-lateral-p172-clark.md,Rx bazin (pelvis) — profil (lateral),rx,1,missing,missing,,missing_source_relationship; missing_processing; missing_adaptations; source_verification_missing; medical_review_missing
rx/membru-inferior/rx-bazin-pelvis-symphysis-pubis-p173-clark.md,Rx bazin (pelvis) — simfiza pubiană,rx,1,missing,missing,,missing_source_relationship; missing_processing; missing_adaptations; source_verification_missing; medical_review_missing
rx/membru-inferior/rx-calcaneu-axial-projection-dorsoplantar-p505-merrill.md,Rx calcaneu — incidență axială — dorsoplantară (Merrill),rx,1,missing,missing,Ciornă pentru revizuire,missing_source_version; missing_source_relationship; missing_processing; missing_adaptations; source_verification_missing; medical_review_missing
rx/membru-inferior/rx-calcaneu-axial-projection-plantodorsal-p503-merrill.md,Rx calcaneu — incidență axială — plantodorsală (Merrill),rx,1,missing,missing,Ciornă pentru revizuire,missing_source_version; missing_source_relationship; missing_processing; missing_adaptations; source_verification_missing; medical_review_missing
rx/membru-inferior/rx-calcaneu-axiala-basic-p134-clark.md,Rx calcaneu — axială — de bază,rx,1,missing,missing,,missing_source_relationship; missing_processing; missing_adaptations; source_verification_missing; medical_review_missing
rx/membru-inferior/rx-calcaneu-dorsoplantar-axial-in-incarcare-ortostatism-projection-bontrager.md,Rx calcaneu — incidență DORSOPLANTARĂ (AXIALĂ) în ÎNCĂRCARE (ORTOSTATISM),rx,1,missing,missing,,ambiguous_edition; missing_source_relationship; missing_processing; missing_adaptations; source_verification_missing; medical_review_missing
rx/membru-inferior/rx-calcaneu-incidenta-de-profil-lateral-mediolateral-p509-merrill.md,Rx calcaneu — incidență de profil (lateral) — mediolaterală (Merrill),rx,1,missing,missing,Ciornă pentru revizuire,missing_source_version; missing_source_relationship; missing_processing; missing_adaptations; source_verification_missing; medical_review_missing
rx/membru-inferior/rx-calcaneu-lateromedial-incidenta-oblica-in-incarcare-ortostatism-method-p511-merrill.md,"Rx corp calcanean — incidență oblică latero-medială — în încărcare (ortostatism), metoda (Merrill)",rx,1,missing,missing,Ciornă pentru revizuire,missing_source_version; missing_source_relationship; missing_processing; missing_adaptations; source_verification_missing; medical_review_missing
rx/membru-inferior/rx-calcaneu-plantodorsal-axial-projection-bontrager.md,Rx calcaneu — incidență PLANTODORSALĂ (AXIALĂ),rx,1,missing,missing,,ambiguous_edition; missing_source_relationship; missing_processing; missing_adaptations; source_verification_missing; medical_review_missing
rx/membru-inferior/rx-congenital-clubfoot-incidenta-antero-posterioara-ap-kite-method-p497-merrill.md,Rx picior strâmb congenital — incidență anteroposterioară (AP) — metoda Kite (Merrill),rx,1,missing,missing,Ciornă pentru revizuire,missing_source_version; missing_source_relationship; missing_processing; missing_adaptations; source_verification_missing; medical_review_missing
rx/membru-inferior/rx-congenital-clubfoot-incidenta-de-profil-lateral-mediolateral-kite-method-p498-merrill.md,Rx picior strâmb congenital — incidență de profil (laterală) — metoda medio-laterală Kite (Merrill),rx,1,missing,missing,Ciornă pentru revizuire,missing_source_version; missing_source_relationship; missing_processing; missing_adaptations; source_verification_missing; medical_review_missing
rx/membru-inferior/rx-degete-picior-ap-antero-posterior-bontrager.md,Rx degete picior AP (anteroposterioară),rx,1,missing,missing,,ambiguous_edition; missing_source_relationship; missing_processing; missing_adaptations; source_verification_missing; medical_review_missing
rx/membru-inferior/rx-degete-picior-ap-or-ap-axial-projections-foreshortening-figs-7-16-and-7-17-p461-merrill.md,• Incidență AP sau AP axială a degetelor de la picior — scurtare (Fig. 7.16 și 7.17). (Merrill),rx,1,missing,missing,Ciornă pentru revizuire,missing_source_version; missing_source_relationship; missing_processing; missing_adaptations; source_verification_missing; medical_review_missing
rx/membru-inferior/rx-degete-picior-incidente-standard-de-baza-p127-clark.md,Rx Degete Picior Incidențe Standard de Bază,rx,1,missing,missing,,missing_source_relationship; missing_processing; missing_adaptations; source_verification_missing; medical_review_missing
rx/membru-inferior/rx-degete-picior-profil-lateral-basic-hallux-p128-clark.md,Rx Degete Picior Profil (Lateral) (de bază) - haluce,rx,1,missing,missing,,missing_source_relationship; missing_processing; missing_adaptations; source_verification_missing; medical_review_missing
rx/membru-inferior/rx-degete-picior-tangential-projection-sesamoids-bontrager.md,Rx Degete Picior Incidență TANGENȚIALĂ (SESAMOIDE),rx,1,missing,missing,,ambiguous_edition; missing_source_relationship; missing_processing; missing_adaptations; source_verification_missing; medical_review_missing
rx/membru-inferior/rx-diafiza-femurala-incidente-standard-de-baza-p151-clark.md,Rx diafiză femurală — incidențe standard de bază,rx,1,missing,missing,,missing_source_relationship; missing_processing; missing_adaptations; source_verification_missing; medical_review_missing
rx/membru-inferior/rx-diafiza-femurala-profil-lateral-basic-p152-clark.md,Rx diafiză femurală — profil — de bază,rx,1,missing,missing,,missing_source_relationship; missing_processing; missing_adaptations; source_verification_missing; medical_review_missing
rx/membru-inferior/rx-feet-incidenta-ap-axiala-in-incarcare-ortostatism-method-standing-p492-merrill.md,Rx picioare — incidență AP axială — în încărcare (ortostatism) — metoda în ortostatism (Merrill),rx,1,missing,missing,Ciornă pentru revizuire,missing_source_version; missing_source_relationship; missing_processing; missing_adaptations; source_verification_missing; medical_review_missing
rx/membru-inferior/rx-femur-ap-antero-posterior-mid-and-distal-bontrager.md,Rx femur AP (anteroposterior) (MIJLOCIU ȘI DISTAL),rx,1,missing,missing,,ambiguous_edition; missing_source_relationship; missing_processing; missing_adaptations; source_verification_missing; medical_review_missing
rx/membru-inferior/rx-femur-ap-profil.md,Rx corp femural — AP și profil,rx,3,missing,missing,Ciornă — nu se utilizează clinic,missing_source_version; missing_source_relationship; missing_processing; missing_adaptations; source_verification_missing; medical_review_missing
rx/membru-inferior/rx-femur-incidenta-antero-posterioara-ap-g-p1493-merrill.md,Rx femur — Incidență antero-posterioară (AP) g (Merrill),rx,1,missing,missing,Ciornă pentru revizuire,missing_source_version; missing_source_relationship; missing_processing; missing_adaptations; source_verification_missing; medical_review_missing
rx/membru-inferior/rx-femur-incidenta-antero-posterioara-ap-p576-merrill.md,Rx femur — Incidență antero-posterioară (AP) (Merrill),rx,1,missing,missing,Ciornă pentru revizuire,missing_source_version; missing_source_relationship; missing_processing; missing_adaptations; source_verification_missing; medical_review_missing
rx/membru-inferior/rx-femur-incidenta-de-profil-lateral-mediolateral-p580-merrill.md,Rx corp femural — incidență de profil — mediolaterală (Merrill),rx,1,missing,missing,Ciornă pentru revizuire,missing_source_version; missing_source_relationship; missing_processing; missing_adaptations; source_verification_missing; medical_review_missing
rx/membru-inferior/rx-fractura-femur-paediatric-gallows-traction-p379-clark.md,Rx fractură de femur — pediatrică (tracțiune Gallows),rx,1,missing,missing,,missing_source_relationship; missing_processing; missing_adaptations; source_verification_missing; medical_review_missing
rx/membru-inferior/rx-fractura-femur-profil-lateral-p378-clark.md,Rx fractură de femur — profil,rx,1,missing,missing,,missing_source_relationship; missing_processing; missing_adaptations; source_verification_missing; medical_review_missing
rx/membru-inferior/rx-gamba-ap-profil.md,Rx gambă — tibie și fibulă,rx,3,missing,missing,Ciornă — nu se utilizează clinic,missing_source_version; missing_source_relationship; missing_processing; missing_adaptations; source_verification_missing; medical_review_missing
rx/membru-inferior/rx-gamba-tibia-and-fibula-ap-antero-posterior-bontrager.md,Rx gambă (tibie și fibulă) AP (antero-posterior),rx,1,missing,missing,,ambiguous_edition; missing_source_relationship; missing_processing; missing_adaptations; source_verification_missing; medical_review_missing
rx/membru-inferior/rx-gamba-tibie-si-peroneu-incidente-standard-de-baza-p139-clark.md,Rx gambă (tibie și peroneu) – incidențe standard de bază,rx,1,missing,missing,,missing_source_relationship; missing_processing; missing_adaptations; source_verification_missing; medical_review_missing
rx/membru-inferior/rx-genunchi-additional-projections-p143-clark.md,Rx genunchi – incidență suplimentară,rx,1,missing,missing,,missing_source_relationship; missing_processing; missing_adaptations; source_verification_missing; medical_review_missing
rx/membru-inferior/rx-genunchi-antero-posterior-standing-p144-clark.md,Rx genunchi – antero-posterior (AP) – în ortostatism,rx,1,missing,missing,,missing_source_relationship; missing_processing; missing_adaptations; source_verification_missing; medical_review_missing
rx/membru-inferior/rx-genunchi-ap-antero-posterior-bontrager.md,Rx genunchi AP (anteroposterior),rx,1,missing,missing,,ambiguous_edition; missing_source_relationship; missing_processing; missing_adaptations; source_verification_missing; medical_review_missing
rx/membru-inferior/rx-genunchi-ap-axiala-tunnel-view-intercondylar-fossa-b-clere-method-bontrager.md,Rx genunchi AP axială („incidență tunel”) (fosa intercondiliană—metoda Béclère),rx,1,missing,missing,,ambiguous_edition; missing_source_relationship; missing_processing; missing_adaptations; source_verification_missing; medical_review_missing
rx/membru-inferior/rx-genunchi-ap-in-incarcare-ortostatism-bilateral-genunchi-projection-bontrager.md,"Rx genunchi AP în încărcare (ortostatism) bilateral, incidență a genunchilor",rx,1,missing,missing,,ambiguous_edition; missing_source_relationship; missing_processing; missing_adaptations; source_verification_missing; medical_review_missing
rx/membru-inferior/rx-genunchi-ap-incidenta-oblica-lateral-rotation-p551-merrill.md,Rx genunchi — oblică antero-posterioară (AP) — rotație externă (laterală) (Merrill),rx,1,missing,missing,Ciornă pentru revizuire,missing_source_version; missing_source_relationship; missing_processing; missing_adaptations; source_verification_missing; medical_review_missing
rx/membru-inferior/rx-genunchi-ap-incidenta-oblica-medial-rotation-p553-merrill.md,Rx genunchi — oblică antero-posterioară (AP) — rotație internă (medială) (Merrill),rx,1,missing,missing,Ciornă pentru revizuire,missing_source_version; missing_source_relationship; missing_processing; missing_adaptations; source_verification_missing; medical_review_missing
rx/membru-inferior/rx-genunchi-fata-profil.md,"Rx genunchi (față, profil și axială rotulă)",rx,3,missing,missing,,missing_source_locator; missing_source_version; missing_source_relationship; missing_processing; missing_adaptations; source_verification_missing; medical_review_missing
rx/membru-inferior/rx-genunchi-incidenta-antero-posterioara-ap-p541-merrill.md,Rx genunchi — incidență antero-posterioară (AP) (Merrill),rx,1,missing,missing,Ciornă pentru revizuire,missing_source_version; missing_source_relationship; missing_processing; missing_adaptations; source_verification_missing; medical_review_missing
rx/membru-inferior/rx-genunchi-incidenta-de-profil-lateral-mediolateral-p546-merrill.md,Rx genunchi — incidență de profil (lateral) — medio-lateral (Merrill),rx,1,missing,missing,Ciornă pentru revizuire,missing_source_version; missing_source_relationship; missing_processing; missing_adaptations; source_verification_missing; medical_review_missing
rx/membru-inferior/rx-genunchi-incidenta-postero-anterioara-pa-p544-merrill.md,Rx genunchi — incidență postero-anterioară (PA) (Merrill),rx,1,missing,missing,Ciornă pentru revizuire,missing_source_version; missing_source_relationship; missing_processing; missing_adaptations; source_verification_missing; medical_review_missing
rx/membru-inferior/rx-genunchi-incidente-standard-de-baza-p141-clark.md,Rx genunchi — incidențe standard de bază,rx,1,missing,missing,,missing_source_relationship; missing_processing; missing_adaptations; source_verification_missing; medical_review_missing
rx/membru-inferior/rx-genunchi-infero-superior-patient-decubit-ventral-p148-clark.md,Rx genunchi — incidență infero-superioară — pacient în decubit ventral,rx,1,missing,missing,,missing_source_relationship; missing_processing; missing_adaptations; source_verification_missing; medical_review_missing
rx/membru-inferior/rx-genunchi-intercondylar-notch-tunnel-p150-clark.md,Rx genunchi — incizura intercondiliană (tunel),rx,1,missing,missing,,missing_source_relationship; missing_processing; missing_adaptations; source_verification_missing; medical_review_missing
rx/membru-inferior/rx-genunchi-pa-axial-in-incarcare-ortostatism-bilateral-genunchi-projection-metoda-rosenberg-bontrager.md,"Rx genunchi — incidență PA axială bilaterală în încărcare (ortostatism), incidență bilaterală a genunchilor (metoda Rosenberg)",rx,1,missing,missing,,ambiguous_edition; missing_source_relationship; missing_processing; missing_adaptations; source_verification_missing; medical_review_missing
rx/membru-inferior/rx-genunchi-pa-axial-projections-tunnel-views-intercondylar-fossa-metoda-camp-coventry-and-metoda-holmblad-plus-variations-bontrager.md,"Rx genunchi — incidență PA axială („incidența tunelului”) (fosa intercondiliană — metoda Camp-Coventry și metoda Holmblad, plus variante)",rx,1,missing,missing,,ambiguous_edition; missing_source_relationship; missing_processing; missing_adaptations; source_verification_missing; medical_review_missing
rx/membru-inferior/rx-genunchi-postero-oblica-anterioara-p149-clark.md,Rx genunchi — incidență postero-oblică anterioară,rx,1,missing,missing,,missing_source_relationship; missing_processing; missing_adaptations; source_verification_missing; medical_review_missing
rx/membru-inferior/rx-genunchi-profil-lateral-basic-p142-clark.md,Rx genunchi profil - de bază,rx,1,missing,missing,,missing_source_relationship; missing_processing; missing_adaptations; source_verification_missing; medical_review_missing
rx/membru-inferior/rx-genunchi-skyline-projections-p146-clark.md,Rx genunchi skyline,rx,1,missing,missing,,missing_source_relationship; missing_processing; missing_adaptations; source_verification_missing; medical_review_missing
rx/membru-inferior/rx-genunchi-supero-inferior-p147-clark.md,Rx genunchi superoinferior,rx,1,missing,missing,,missing_source_relationship; missing_processing; missing_adaptations; source_verification_missing; medical_review_missing
rx/membru-inferior/rx-glezna-articulatie-talocrurala-ap-antero-posterior-bontrager.md,Rx gleznă AP (anteroposterior),rx,1,missing,missing,,ambiguous_edition; missing_source_relationship; missing_processing; missing_adaptations; source_verification_missing; medical_review_missing
rx/membru-inferior/rx-glezna-articulatie-talocrurala-ap-incidenta-oblica-lateral-rotation-p529-merrill.md,Rx gleznă (articulație talocrurală) — oblică antero-posterioară (AP) — rotație externă (laterală) (Merrill),rx,1,missing,missing,Ciornă pentru revizuire,missing_source_version; missing_source_relationship; missing_processing; missing_adaptations; source_verification_missing; medical_review_missing
rx/membru-inferior/rx-glezna-articulatie-talocrurala-ap-incidenta-oblica-medial-rotation-p524-merrill.md,Rx gleznă (articulație talocrurală) — oblică antero-posterioară (AP) — rotație internă (medială) (Merrill),rx,1,missing,missing,Ciornă pentru revizuire,missing_source_version; missing_source_relationship; missing_processing; missing_adaptations; source_verification_missing; medical_review_missing
rx/membru-inferior/rx-glezna-articulatie-talocrurala-ap-stress-projections-inversion-and-eversion-positions-bontrager.md,"Rx gleznă (articulație talocrurală) AP, incidență de stres (poziționare pentru INVERSIUNE ȘI EVERSIUNE)",rx,1,missing,missing,,ambiguous_edition; missing_source_relationship; missing_processing; missing_adaptations; source_verification_missing; medical_review_missing
rx/membru-inferior/rx-glezna-articulatie-talocrurala-incidenta-antero-posterioara-ap-in-incarcare-ortostatism-method-standing-p532-merrill.md,"Rx gleznă (articulație talocrurală) — incidență antero-posterioară (AP) — în încărcare (ortostatism), metoda în ortostatism (Merrill)",rx,1,missing,missing,Ciornă pentru revizuire,missing_source_version; missing_source_relationship; missing_processing; missing_adaptations; source_verification_missing; medical_review_missing
rx/membru-inferior/rx-glezna-articulatie-talocrurala-incidenta-antero-posterioara-ap-p518-merrill.md,Rx gleznă (articulație talocrurală) — incidență antero-posterioară (AP) (Merrill),rx,1,missing,missing,Ciornă pentru revizuire,missing_source_version; missing_source_relationship; missing_processing; missing_adaptations; source_verification_missing; medical_review_missing
rx/membru-inferior/rx-glezna-articulatie-talocrurala-incidenta-de-profil-lateral-lateromedial-p521-merrill.md,Rx gleznă (articulație talocrurală) — incidență de profil (lateral) — latero-medial (Merrill),rx,1,missing,missing,Ciornă pentru revizuire,missing_source_version; missing_source_relationship; missing_processing; missing_adaptations; source_verification_missing; medical_review_missing
rx/membru-inferior/rx-glezna-articulatie-talocrurala-incidenta-de-profil-lateral-mediolateral-p519-merrill.md,Rx gleznă (articulație talocrurală) — incidență de profil (lateral) — medio-lateral (Merrill),rx,1,missing,missing,Ciornă pentru revizuire,missing_source_version; missing_source_relationship; missing_processing; missing_adaptations; source_verification_missing; medical_review_missing
rx/membru-inferior/rx-glezna-articulatie-talocrurala-joint-alternative-projection-methods-p131-clark.md,Rx gleznă (articulație talocrurală) — metode alternative de incidență,rx,1,missing,missing,,missing_source_relationship; missing_processing; missing_adaptations; source_verification_missing; medical_review_missing
rx/membru-inferior/rx-glezna-articulatie-talocrurala-joint-position-of-patient-and-cassette-p130-clark.md,Rx articulația gleznei Poziționarea pacientului și a casetei,rx,1,missing,missing,,missing_source_relationship; missing_processing; missing_adaptations; source_verification_missing; medical_review_missing
rx/membru-inferior/rx-glezna-articulatie-talocrurala-joint-stress-projections-for-subluxation-p132-clark.md,Rx articulația gleznei Incidență de stres pentru subluxație,rx,1,missing,missing,,missing_source_relationship; missing_processing; missing_adaptations; source_verification_missing; medical_review_missing
rx/membru-inferior/rx-glezna-fata-profil.md,Rx Gleznă (Față / Morteză & Profil),rx,3,missing,missing,,missing_source_locator; missing_source_version; missing_source_relationship; missing_processing; missing_adaptations; source_verification_missing; medical_review_missing
rx/membru-inferior/rx-ilium-rao-and-lao-positions-p642-merrill.md,Rx Ilium — RAO și oblică anterioară stângă (OAS / LAO) (Merrill),rx,1,missing,missing,Ciornă pentru revizuire,missing_source_version; missing_source_relationship; missing_processing; missing_adaptations; source_verification_missing; medical_review_missing
rx/membru-inferior/rx-intercondylar-fossa-incidenta-ap-axiala-b-cl-re-method-p561-merrill.md,Rx fosa intercondiliană — incidență AP axială — metoda Béclère (Merrill),rx,1,missing,missing,Ciornă pentru revizuire,missing_source_version; missing_source_relationship; missing_processing; missing_adaptations; source_verification_missing; medical_review_missing
rx/membru-inferior/rx-intercondylar-fossa-incidenta-pa-axiala-camp-coventry-method-24-p558-merrill.md,Rx fosa intercondiliană — incidență AP axială — metoda Camp-Coventry 24 (Merrill),rx,1,missing,missing,Ciornă pentru revizuire,missing_source_version; missing_source_relationship; missing_processing; missing_adaptations; source_verification_missing; medical_review_missing
rx/membru-inferior/rx-intercondylar-fossa-incidenta-pa-axiala-metoda-holmblad-p554-merrill.md,Rx fosa intercondiliană — incidență AP axială — metoda Holmblad (Merrill),rx,1,missing,missing,Ciornă pentru revizuire,missing_source_version; missing_source_relationship; missing_processing; missing_adaptations; source_verification_missing; medical_review_missing
rx/membru-inferior/rx-kite-method-bontrager.md,Rx METODA KITE,rx,1,missing,missing,,ambiguous_edition; missing_source_relationship; missing_processing; missing_adaptations; source_verification_missing; medical_review_missing
rx/membru-inferior/rx-knees-incidenta-antero-posterioara-ap-in-incarcare-ortostatism-method-standing-p548-merrill.md,Rx genunchi — Incidență antero-posterioară (AP) — În încărcare (ortostatism) — Metoda în ortostatism (Merrill),rx,1,missing,missing,Ciornă pentru revizuire,missing_source_version; missing_source_relationship; missing_processing; missing_adaptations; source_verification_missing; medical_review_missing
rx/membru-inferior/rx-knees-incidenta-postero-anterioara-pa-metoda-rosenberg-21-in-incarcare-ortostatism-standing-flexion-p550-merrill.md,Rx genunchi — Incidență postero-anterioară (PA) — Metoda Rosenberg 21 în încărcare (ortostatism) — flexia în ortostatism (Merrill),rx,1,missing,missing,Ciornă pentru revizuire,missing_source_version; missing_source_relationship; missing_processing; missing_adaptations; source_verification_missing; medical_review_missing
rx/membru-inferior/rx-lateral-external-rotation-ap-oblica-genunchi-bontrager.md,Rx incidență AP oblică cu rotație laterală (externă) a genunchiului,rx,1,missing,missing,,ambiguous_edition; missing_source_relationship; missing_processing; missing_adaptations; source_verification_missing; medical_review_missing
rx/membru-inferior/rx-leg-ap-incidenta-oblica-medial-and-lateral-rotations-p538-merrill.md,Rx gambă — Incidență antero-posterioară (AP) oblică — rotație medială și externă (laterală) (Merrill),rx,1,missing,missing,Ciornă pentru revizuire,missing_source_version; missing_source_relationship; missing_processing; missing_adaptations; source_verification_missing; medical_review_missing
rx/membru-inferior/rx-leg-incidenta-antero-posterioara-ap-p534-merrill.md,Rx gambă — Incidență anteroposterioară (AP) (Merrill),rx,1,missing,missing,Ciornă pentru revizuire,missing_source_version; missing_source_relationship; missing_processing; missing_adaptations; source_verification_missing; medical_review_missing
rx/membru-inferior/rx-leg-incidenta-de-profil-lateral-mediolateral-p536-merrill.md,Rx gambă — Incidență de profil — mediolaterală (Merrill),rx,1,missing,missing,Ciornă pentru revizuire,missing_source_version; missing_source_relationship; missing_processing; missing_adaptations; source_verification_missing; medical_review_missing
rx/membru-inferior/rx-longitudinal-arch-incidenta-de-profil-lateral-lateromedial-in-incarcare-ortostatism-method-standing-p490-merrill.md,"Rx arc longitudinal — Incidență de profil — lateromedială în încărcare (ortostatism), metodă în ortostatism (Merrill)",rx,1,missing,missing,Ciornă pentru revizuire,missing_source_version; missing_source_relationship; missing_processing; missing_adaptations; source_verification_missing; medical_review_missing
rx/membru-inferior/rx-medial-internal-rotation-ap-oblica-genunchi-bontrager.md,"Rx rotație MEDIALĂ (INTERNĂ), AP oblică (genunchi)",rx,1,missing,missing,,ambiguous_edition; missing_source_relationship; missing_processing; missing_adaptations; source_verification_missing; medical_review_missing
rx/membru-inferior/rx-medial-or-lateral-rotation-ap-oblica-degete-picior-bontrager.md,"Rx rotație MEDIALĂ sau EXTERNĂ (LATERALĂ), AP oblică (degete de la picior)",rx,1,missing,missing,,ambiguous_edition; missing_source_relationship; missing_processing; missing_adaptations; source_verification_missing; medical_review_missing
rx/membru-inferior/rx-medial-rotation-ap-oblica-picior-bontrager.md,Rx oblică AP cu rotație internă (medială) a piciorului,rx,1,missing,missing,,ambiguous_edition; missing_source_relationship; missing_processing; missing_adaptations; source_verification_missing; medical_review_missing
rx/membru-inferior/rx-mediolateral-or-lateromedial-projection-lateral-glezna-articulatie-talocrurala-bontrager.md,"Rx mediolaterală (SAU lateromedială), incidență de profil, a gleznei (articulației talocrurale)",rx,1,missing,missing,,ambiguous_edition; missing_source_relationship; missing_processing; missing_adaptations; source_verification_missing; medical_review_missing
rx/membru-inferior/rx-mediolateral-or-lateromedial-projections-lateral-degete-picior-bontrager.md,"Rx mediolaterală SAU incidență lateromedială, de profil, a degetelor de la picior",rx,1,missing,missing,,ambiguous_edition; missing_source_relationship; missing_processing; missing_adaptations; source_verification_missing; medical_review_missing
rx/membru-inferior/rx-mediolateral-or-lateromedial-projections-lateral-femur-mid-and-distal-bontrager.md,Rx mediolateral SAU incidență lateromedială — PROFIL (femur — mijlociu și distal),rx,1,missing,missing,,ambiguous_edition; missing_source_relationship; missing_processing; missing_adaptations; source_verification_missing; medical_review_missing
rx/membru-inferior/rx-mediolateral-or-lateromedial-projections-lateral-picior-bontrager.md,Rx mediolateral — incidență lateromedială PROFIL (picior),rx,1,missing,missing,,ambiguous_edition; missing_source_relationship; missing_processing; missing_adaptations; source_verification_missing; medical_review_missing
rx/membru-inferior/rx-mediolateral-projection-lateral-calcaneu-bontrager.md,Rx mediolateral — incidență PROFIL (calcaneu),rx,1,missing,missing,,ambiguous_edition; missing_source_relationship; missing_processing; missing_adaptations; source_verification_missing; medical_review_missing
rx/membru-inferior/rx-mediolateral-projection-lateral-gamba-tibia-and-fibula-bontrager.md,"Rx corp mandibular — incidență mediolaterală, profil (gambă [tibie și peroneu])",rx,1,missing,missing,,ambiguous_edition; missing_source_relationship; missing_processing; missing_adaptations; source_verification_missing; medical_review_missing
rx/membru-inferior/rx-mediolateral-projection-lateral-genunchi-bontrager.md,"Rx genunchi — incidență mediolaterală, profil",rx,1,missing,missing,,ambiguous_edition; missing_source_relationship; missing_processing; missing_adaptations; source_verification_missing; medical_review_missing
rx/membru-inferior/rx-mediolateral-projection-lateral-rotula-patela-bontrager.md,"Rx rotulă (patelă) — incidență mediolaterală, profil",rx,1,missing,missing,,ambiguous_edition; missing_source_relationship; missing_processing; missing_adaptations; source_verification_missing; medical_review_missing
rx/membru-inferior/rx-picior-a-que-projection-medial-rotation-p484-merrill.md,Rx picior — o incidență — rotație internă (medială) (Merrill),rx,1,missing,missing,Ciornă pentru revizuire,missing_source_version; missing_source_relationship; missing_processing; missing_adaptations; source_verification_missing; medical_review_missing
rx/membru-inferior/rx-picior-ap-antero-posterior-dorsoplantar-projection-bontrager.md,Rx picior AP (anteroposterior) (incidență dorsoplantară),rx,1,missing,missing,,ambiguous_edition; missing_source_relationship; missing_processing; missing_adaptations; source_verification_missing; medical_review_missing
rx/membru-inferior/rx-picior-ap-in-incarcare-ortostatism-projections-bontrager.md,Rx picior AP în încărcare (ortostatism),rx,1,missing,missing,,ambiguous_edition; missing_source_relationship; missing_processing; missing_adaptations; source_verification_missing; medical_review_missing
rx/membru-inferior/rx-picior-ap-incidenta-oblica-lateral-rotation-p486-merrill.md,Rx picior — oblică anteroposterioară (AP) — rotație externă (laterală) (Merrill),rx,1,missing,missing,Ciornă pentru revizuire,missing_source_version; missing_source_relationship; missing_processing; missing_adaptations; source_verification_missing; medical_review_missing
rx/membru-inferior/rx-picior-ap-or-incidenta-ap-axiala-tmt-joint-spaces-of-the-midfoot-are-also-better-shown-figs-7-39-and-7-40-p478-merrill.md,"Rx picior — incidență AP sau incidență AP axială — spațiile articulare tarsometatarsiene ale mediopiciorului sunt, de asemenea, mai bine evidențiate (Fig. 7.39 și 7.40). (Merrill)",rx,1,missing,missing,Ciornă pentru revizuire,missing_source_version; missing_source_relationship; missing_processing; missing_adaptations; source_verification_missing; medical_review_missing
rx/membru-inferior/rx-picior-fata-oblica.md,Rx picior (față și oblică),rx,3,missing,missing,,missing_source_locator; missing_source_version; missing_source_relationship; missing_processing; missing_adaptations; source_verification_missing; medical_review_missing
rx/membru-inferior/rx-picior-incidenta-ap-axiala-in-incarcare-ortostatism-composite-method-standing-p494-merrill.md,"Rx picior — incidență AP axială — în încărcare (ortostatism), metodă compozită în ortostatism (Merrill)",rx,1,missing,missing,Ciornă pentru revizuire,missing_source_version; missing_source_relationship; missing_processing; missing_adaptations; source_verification_missing; medical_review_missing
rx/membru-inferior/rx-picior-incidenta-de-profil-lateral-mediolateral-to-assume-p488-merrill.md,Rx picior — incidență de profil (lateral) — mediolaterală (Merrill),rx,1,missing,missing,Ciornă pentru revizuire,missing_source_version; missing_source_relationship; missing_processing; missing_adaptations; source_verification_missing; medical_review_missing
rx/membru-inferior/rx-picior-incidente-standard-de-baza-p123-clark.md,Incidențe standard de bază ale piciorului,rx,1,missing,missing,,missing_source_relationship; missing_processing; missing_adaptations; source_verification_missing; medical_review_missing
rx/membru-inferior/rx-picior-lateral-in-incarcare-ortostatism-projections-bontrager.md,Rx picior — incidență de profil în încărcare (ortostatism),rx,1,missing,missing,,ambiguous_edition; missing_source_relationship; missing_processing; missing_adaptations; source_verification_missing; medical_review_missing
rx/membru-inferior/rx-picior-profil-lateral-ortostatism-p126-clark.md,Rx picior — profil (lateral) în ortostatism,rx,1,missing,missing,,missing_source_relationship; missing_processing; missing_adaptations; source_verification_missing; medical_review_missing
rx/membru-inferior/rx-picior-profil-lateral-p125-clark.md,Rx picior — profil (lateral),rx,1,missing,missing,,missing_source_relationship; missing_processing; missing_adaptations; source_verification_missing; medical_review_missing
rx/membru-inferior/rx-possible-traumatism-acuttism-regim-urgenta-modified-axiolateral-projection-sold-and-proximal-femur-bontrager.md,Rx posibil traumatism acut / regim de urgență — incidență axiolaterală modificată (șold și femur proximal),rx,1,missing,missing,,ambiguous_edition; missing_source_relationship; missing_processing; missing_adaptations; source_verification_missing; medical_review_missing
rx/membru-inferior/rx-profil-lateral-both-hips-frog-s-legs-position-p169-clark.md,Rx profil (lateral) — ambele șolduri (poziționarea membrelor inferioare în poziție de broască),rx,1,missing,missing,,missing_source_relationship; missing_processing; missing_adaptations; source_verification_missing; medical_review_missing
rx/membru-inferior/rx-proximal-femora-and-femoral-necks-axiolateral-projection-original-cleaves-method-5-p620-merrill.md,Rx femururi proximale și coluri femurale — incidență axiolaterală — metoda originală Cleaves 5 (Merrill),rx,1,missing,missing,Ciornă pentru revizuire,missing_source_version; missing_source_relationship; missing_processing; missing_adaptations; source_verification_missing; medical_review_missing
rx/membru-inferior/rx-rotula-patela-and-patellofemoral-joint-pa-postero-anterior-bontrager.md,Rx rotulă și articulația patelofemurală PA (posteroanterior),rx,1,missing,missing,,ambiguous_edition; missing_source_relationship; missing_processing; missing_adaptations; source_verification_missing; medical_review_missing
rx/membru-inferior/rx-rotula-patela-and-patellofemoral-joint-tangential-projection-metoda-hughston-25-26-edge-or-standing-p567-merrill.md,"Rx rotulă și articulația patelofemurală — incidență tangențială — metoda Hughston 25, 26, pe margine sau în ortostatism. (Merrill)",rx,1,missing,missing,Ciornă pentru revizuire,missing_source_version; missing_source_relationship; missing_processing; missing_adaptations; source_verification_missing; medical_review_missing
rx/membru-inferior/rx-rotula-patela-and-patellofemoral-joint-tangential-projection-metoda-merchant-29-p569-merrill.md,Rx rotulă și articulație patelofemurală — incidență tangențială — metoda Merchant 29 (Merrill),rx,1,missing,missing,Ciornă pentru revizuire,missing_source_version; missing_source_relationship; missing_processing; missing_adaptations; source_verification_missing; medical_review_missing
rx/membru-inferior/rx-rotula-patela-and-patellofemoral-joint-tangential-projection-metoda-settegast-p573-merrill.md,Rx rotulă și articulație patelofemurală — incidență tangențială — metoda Settegast (Merrill),rx,1,missing,missing,Ciornă pentru revizuire,missing_source_version; missing_source_relationship; missing_processing; missing_adaptations; source_verification_missing; medical_review_missing
rx/membru-inferior/rx-rotula-patela-incidenta-de-profil-lateral-mediolateral-p565-merrill.md,Rx rotulă — incidență de profil — mediolaterală (Merrill),rx,1,missing,missing,Ciornă pentru revizuire,missing_source_version; missing_source_relationship; missing_processing; missing_adaptations; source_verification_missing; medical_review_missing
rx/membru-inferior/rx-rotula-patela-incidenta-postero-anterioara-pa-p563-merrill.md,Rx rotulă — incidență postero-anterioară (PA) (Merrill),rx,1,missing,missing,Ciornă pentru revizuire,missing_source_version; missing_source_relationship; missing_processing; missing_adaptations; source_verification_missing; medical_review_missing
rx/membru-inferior/rx-sacro-iliac-joints-antero-oblica-posterioara-p176-clark.md,Rx articulații sacroiliace — incidență anteroposterioară oblică,rx,1,missing,missing,,missing_source_relationship; missing_processing; missing_adaptations; source_verification_missing; medical_review_missing
rx/membru-inferior/rx-sacro-iliac-joints-antero-posterior-p175-clark.md,Rx articulații sacroiliace — incidență anteroposterioară (AP),rx,1,missing,missing,,missing_source_relationship; missing_processing; missing_adaptations; source_verification_missing; medical_review_missing
rx/membru-inferior/rx-sacro-iliac-joints-postero-anterior-p174-clark.md,Rx articulații sacroiliace — incidență posteroanterioară (PA),rx,1,missing,missing,,missing_source_relationship; missing_processing; missing_adaptations; source_verification_missing; medical_review_missing
rx/membru-inferior/rx-sacroiliac-joints-ap-axiala-bontrager.md,Rx ARTICULAȚII SACROILIACE AP axială,rx,1,missing,missing,,ambiguous_edition; missing_source_relationship; missing_processing; missing_adaptations; source_verification_missing; medical_review_missing
rx/membru-inferior/rx-sesamoids-tangential-projection-lewis-1-and-holly-2-methods-p474-merrill.md,Rx Sesamoizi — incidență tangențială — metodele Lewis 1 și Holly 2 (Merrill),rx,1,missing,missing,Ciornă pentru revizuire,missing_source_version; missing_source_relationship; missing_processing; missing_adaptations; source_verification_missing; medical_review_missing
rx/membru-inferior/rx-sold-and-proximal-femur-ap-unilateral-projection-sold-bontrager.md,Rx Șold și femur proximal — incidență AP unilaterală (șold),rx,1,missing,missing,,ambiguous_edition; missing_source_relationship; missing_processing; missing_adaptations; source_verification_missing; medical_review_missing
rx/membru-inferior/rx-sold-and-proximal-femur-mediolateral-projection-modified-cleaves-method-bontrager.md,Rx șold și femur proximal — incidență mediolaterală (METODA MODIFICATĂ CLEAVES),rx,1,missing,missing,,ambiguous_edition; missing_source_relationship; missing_processing; missing_adaptations; source_verification_missing; medical_review_missing
rx/membru-inferior/rx-sold-ap-profil.md,Rx șold (AP și profil Lauenstein),rx,3,missing,missing,,missing_source_locator; missing_source_version; missing_source_relationship; missing_processing; missing_adaptations; source_verification_missing; medical_review_missing
rx/membru-inferior/rx-sold-articulatie-coxofemurala-and-upper-third-of-femur-antero-posterior-single-sold-basic-p165-clark.md,"Rx șold (articulația coxofemurală) și treimea superioară a femurului — incidență Antero-posterioară (AP), șold unilateral (de bază)",rx,1,missing,missing,,missing_source_relationship; missing_processing; missing_adaptations; source_verification_missing; medical_review_missing
rx/membru-inferior/rx-sold-articulatie-coxofemurala-and-upper-third-of-femur-profil-lateral-oblica-modified-p168-clark.md,Rx șold (articulația coxofemurală) și treimea superioară a femurului — incidență oblică modificată de profil (lateral),rx,1,missing,missing,,missing_source_relationship; missing_processing; missing_adaptations; source_verification_missing; medical_review_missing
rx/membru-inferior/rx-sold-articulatie-coxofemurala-and-upper-third-of-femur-true-profil-lateral-col-femural-basic-p167-clark.md,Rx șold (articulația coxofemurală) și treimea superioară a femurului — incidență adevărată de profil (lateral) — col femural (de bază),rx,1,missing,missing,,missing_source_relationship; missing_processing; missing_adaptations; source_verification_missing; medical_review_missing
rx/membru-inferior/rx-sold-articulatie-coxofemurala-upper-third-of-femur-and-bazin-pelvis-antero-posterior-bazin-pelvis-p163-clark.md,Rx șold — treimea superioară a femurului și bazin — incidență anteroposterioară (AP),rx,1,missing,missing,,missing_source_relationship; missing_processing; missing_adaptations; source_verification_missing; medical_review_missing
rx/membru-inferior/rx-sold-axiolateral-projection-danelius-miller-method-p627-merrill.md,Rx șold — incidență axiolaterală — metoda Danelius-Miller (Merrill),rx,1,missing,missing,Ciornă pentru revizuire,missing_source_version; missing_source_relationship; missing_processing; missing_adaptations; source_verification_missing; medical_review_missing
rx/membru-inferior/rx-sold-incidenta-antero-posterioara-ap-p622-merrill.md,Rx șold — incidență antero-posterioară (AP) (Merrill),rx,1,missing,missing,Ciornă pentru revizuire,missing_source_version; missing_source_relationship; missing_processing; missing_adaptations; source_verification_missing; medical_review_missing
rx/membru-inferior/rx-sold-incidenta-de-profil-lateral-lauenstein-and-hickey-methods-mediolateral-p625-merrill.md,Rx șold — incidență de profil (lateral) — metodele Lauenstein și Hickey medio-lateral (Merrill),rx,1,missing,missing,Ciornă pentru revizuire,missing_source_version; missing_source_relationship; missing_processing; missing_adaptations; source_verification_missing; medical_review_missing
rx/membru-inferior/rx-sold-modified-axiolateral-projection-clements-nakayama-modification-angulation-of-the-central-ray-fig-8-36-p631-merrill.md,"Rx șold — incidență axiolaterală modificată — modificarea Clements-Nakayama, angulația razei centrale (Fig. 8.36) (Merrill)",rx,1,missing,missing,Ciornă pentru revizuire,missing_source_version; missing_source_relationship; missing_processing; missing_adaptations; source_verification_missing; medical_review_missing
rx/membru-inferior/rx-subtalar-joint-ap-axial-incidenta-oblica-isherwood-method-lateral-rotation-glezna-articulatie-talocrurala-p516-merrill.md,"Rx articulație subtalară — incidență AP oblică axială — metoda Isherwood, rotație externă (laterală) a gleznei (articulației talocrurale) (Merrill)",rx,1,missing,missing,Ciornă pentru revizuire,missing_source_version; missing_source_relationship; missing_processing; missing_adaptations; source_verification_missing; medical_review_missing
rx/membru-inferior/rx-subtalar-joint-ap-axial-incidenta-oblica-isherwood-method-medial-rotation-glezna-articulatie-talocrurala-p514-merrill.md,"Rx articulație subtalară — incidență axială oblică AP — metoda Isherwood, rotație internă (medială), gleznă (articulație talocrurală) (Merrill)",rx,1,missing,missing,Ciornă pentru revizuire,missing_source_version; missing_source_relationship; missing_processing; missing_adaptations; source_verification_missing; medical_review_missing
rx/membru-inferior/rx-subtalar-joint-lateromedial-incidenta-oblica-isherwood-method-medial-rotation-picior-p513-merrill.md,"Rx articulație subtalară — incidență oblică latero-medială — metoda Isherwood, rotație internă (medială), picior (Merrill)",rx,1,missing,missing,Ciornă pentru revizuire,missing_source_version; missing_source_relationship; missing_processing; missing_adaptations; source_verification_missing; medical_review_missing
rx/membru-inferior/rx-telemetrie-membre-inferioare.md,Rx telemetrie membre inferioare — axe și lungimi,rx,3,missing,missing,Ciornă — nu se utilizează clinic,missing_source_version; missing_source_relationship; missing_processing; missing_adaptations; source_verification_missing; medical_review_missing
rx/membru-superior/rx-5-upper-extremity-incidenta-de-profil-lateral-lateromedial-or-mediolateral-p249-merrill.md,Rx membru superior — incidență de profil (laterală) — latero-medială sau medio-laterală (Merrill),rx,1,missing,missing,Ciornă pentru revizuire,missing_source_version; missing_source_relationship; missing_processing; missing_adaptations; source_verification_missing; medical_review_missing
rx/membru-superior/rx-5-upper-extremity-pa-incidenta-oblica-lateral-rotation-p253-merrill.md,Rx membru superior — incidență oblică postero-anterioară (PA) — rotație externă (laterală) (Merrill),rx,1,missing,missing,Ciornă pentru revizuire,missing_source_version; missing_source_relationship; missing_processing; missing_adaptations; source_verification_missing; medical_review_missing
rx/membru-superior/rx-acromioclavicular-articulations-incidenta-antero-posterioara-ap-pearson-method-bilateral-p414-merrill.md,Rx articulații acromioclaviculare — incidență anteroposterioară (AP) — metoda Pearson bilateral (Merrill),rx,1,missing,missing,Ciornă pentru revizuire,missing_source_version; missing_source_relationship; missing_processing; missing_adaptations; source_verification_missing; medical_review_missing
rx/membru-superior/rx-acromioclavicular-articulations-incidenta-ap-axiala-alexander-method-examined-separately-p417-merrill.md,Rx articulații acromioclaviculare — incidență AP axială — metoda Alexander examinată separat. (Merrill),rx,1,missing,missing,Ciornă pentru revizuire,missing_source_version; missing_source_relationship; missing_processing; missing_adaptations; source_verification_missing; medical_review_missing
rx/membru-superior/rx-alternate-partial-flexion-ap-antero-posterior-cot-when-cot-cannot-be-fully-extended-bontrager.md,Rx flexie parțială alternativă AP (anteroposterioară) (cot — când cotul nu poate fi extins complet),rx,1,missing,missing,,ambiguous_edition; missing_source_relationship; missing_processing; missing_adaptations; source_verification_missing; medical_review_missing
rx/membru-superior/rx-antebrat-ap-antero-posterior-bontrager.md,Rx antebraț AP (anteroposterior),rx,1,missing,missing,,ambiguous_edition; missing_source_relationship; missing_processing; missing_adaptations; source_verification_missing; medical_review_missing
rx/membru-superior/rx-antebrat-ap-profil.md,Rx antebraț — radius și ulna,rx,3,missing,missing,Ciornă — nu se utilizează clinic,missing_source_version; missing_source_relationship; missing_processing; missing_adaptations; source_verification_missing; medical_review_missing
rx/membru-superior/rx-antebrat-incidenta-antero-posterioara-ap-p316-merrill.md,Rx antebraț — incidență anteroposterioară (AP) (Merrill),rx,1,missing,missing,Ciornă pentru revizuire,missing_source_version; missing_source_relationship; missing_processing; missing_adaptations; source_verification_missing; medical_review_missing
rx/membru-superior/rx-antebrat-incidenta-de-profil-lateral-lateromedial-p318-merrill.md,Rx antebraț — incidență de profil (lateral) — lateromedială (Merrill),rx,1,missing,missing,Ciornă pentru revizuire,missing_source_version; missing_source_relationship; missing_processing; missing_adaptations; source_verification_missing; medical_review_missing
rx/membru-superior/rx-antebrat-lateromedial-projection-bontrager.md,Rx antebraț — incidență lateromedială,rx,1,missing,missing,,ambiguous_edition; missing_source_relationship; missing_processing; missing_adaptations; source_verification_missing; medical_review_missing
rx/membru-superior/rx-antebrat-radius-si-ulna-antero-posterior-basic-p74-clark.md,Rx antebraț (radius și ulna) anteroposterior (AP) – de bază,rx,1,missing,missing,,missing_source_relationship; missing_processing; missing_adaptations; source_verification_missing; medical_review_missing
rx/membru-superior/rx-antero-posterior-15-degrees-ortostatism-survey-image-p96-clark.md,"Rx anteroposterior (AP) (15 grade), în ortostatism – imagine de examinare",rx,1,missing,missing,,missing_source_relationship; missing_processing; missing_adaptations; source_verification_missing; medical_review_missing
rx/membru-superior/rx-articulatii-acromioclaviculare-antero-posterior-p109-clark.md,Rx articulații acromioclaviculare anteroposterior (AP),rx,1,missing,missing,,missing_source_relationship; missing_processing; missing_adaptations; source_verification_missing; medical_review_missing
rx/membru-superior/rx-articulatii-acromioclaviculare-ap-antero-posterior-pearson-method-bilateral-with-and-without-weights-bontrager.md,Rx articulații acromioclaviculare AP (anteroposterior) (metoda Pearson) (BILATERAL CU ȘI FĂRĂ GREUTĂȚI),rx,1,missing,missing,,ambiguous_edition; missing_source_relationship; missing_processing; missing_adaptations; source_verification_missing; medical_review_missing
rx/membru-superior/rx-articulatii-sternoclaviculare-postero-anterior-p115-clark.md,Rx articulații sternoclaviculare postero-anterior (PA),rx,1,missing,missing,,missing_source_relationship; missing_processing; missing_adaptations; source_verification_missing; medical_review_missing
rx/membru-superior/rx-bilateral-pa-stress-projection-clenched-pa-wrist5-bontrager.md,Rx incidență PA de stres bilaterală („PA cu pumnii strânși”) pentru pumn5,rx,1,missing,missing,,ambiguous_edition; missing_source_relationship; missing_processing; missing_adaptations; source_verification_missing; medical_review_missing
rx/membru-superior/rx-bony-trabecular-detail-and-surrounding-soft-tissues-ap-incidenta-oblica-norgaard-method-medial-rotation-p285-merrill.md,Rx ▪ Detalii trabeculare osoase și țesuturile moi înconjurătoare — Incidență oblică antero-posterioară (AP) — Metoda Norgaard (Ball-Catcher) Rotație internă (medială) (Merrill),rx,1,missing,missing,Ciornă pentru revizuire,missing_source_version; missing_source_relationship; missing_processing; missing_adaptations; source_verification_missing; medical_review_missing
rx/membru-superior/rx-bony-trabecular-detail-and-surrounding-soft-tissues-incidenta-de-profil-lateral-lateromedial-decubit-or-lateral-decubit-p360-merrill.md,"Rx ▪ Detalii trabeculare osoase și țesuturile moi înconjurătoare — Incidență de profil (lateral) — Latero-medială, decubit sau decubit lateral (Merrill)",rx,1,missing,missing,Ciornă pentru revizuire,missing_source_version; missing_source_relationship; missing_processing; missing_adaptations; source_verification_missing; medical_review_missing
rx/membru-superior/rx-calcified-tendons-antero-posterior-25-degrees-p108-clark.md,Rx tendoane calcificate antero-posterior (AP) - 25 de grade,rx,1,missing,missing,,missing_source_relationship; missing_processing; missing_adaptations; source_verification_missing; medical_review_missing
rx/membru-superior/rx-calcified-tendons-antero-posterior-p107-clark.md,Rx tendoane calcificate anteroposterioră (AP),rx,1,missing,missing,,missing_source_relationship; missing_processing; missing_adaptations; source_verification_missing; medical_review_missing
rx/membru-superior/rx-canal-carpian-axiala-method-1-p69-clark.md,Rx tunel carpian axială – metoda 1,rx,1,missing,missing,,missing_source_relationship; missing_processing; missing_adaptations; source_verification_missing; medical_review_missing
rx/membru-superior/rx-carpal-bridge-tangential-projection-p310-merrill.md,Rx punte carpiană — incidență tangențială (Merrill),rx,1,missing,missing,Ciornă pentru revizuire,missing_source_version; missing_source_relationship; missing_processing; missing_adaptations; source_verification_missing; medical_review_missing
rx/membru-superior/rx-carpal-canal-tangential-projection-gaynor-hart-method-28-p313-merrill.md,Rx canal carpian — incidență tangențială — metoda Gaynor-Hart 28 (Merrill),rx,1,missing,missing,Ciornă pentru revizuire,missing_source_version; missing_source_relationship; missing_processing; missing_adaptations; source_verification_missing; medical_review_missing
rx/membru-superior/rx-clavicula-antero-posterior-decubit-dorsal-alternate-p111-clark.md,Rx claviculă antero-posterior (AP) – decubit dorsal (alternativ),rx,1,missing,missing,,missing_source_relationship; missing_processing; missing_adaptations; source_verification_missing; medical_review_missing
rx/membru-superior/rx-clavicula-ap-and-ap-axial-projections-bontrager.md,Rx claviculă – incidență AP și AP axială,rx,1,missing,missing,,ambiguous_edition; missing_source_relationship; missing_processing; missing_adaptations; source_verification_missing; medical_review_missing
rx/membru-superior/rx-clavicula-incidenta-antero-posterioara-ap-p419-merrill.md,Rx claviculă — incidență antero-posterioară (AP) (Merrill),rx,1,missing,missing,Ciornă pentru revizuire,missing_source_version; missing_source_relationship; missing_processing; missing_adaptations; source_verification_missing; medical_review_missing
rx/membru-superior/rx-clavicula-infero-superior-decubit-dorsal-p113-clark.md,Rx claviculă infero-superior – decubit dorsal,rx,1,missing,missing,,missing_source_relationship; missing_processing; missing_adaptations; source_verification_missing; medical_review_missing
rx/membru-superior/rx-clavicula-postero-anterior-ortostatism-basic-p110-clark.md,Rx claviculă postero-anterioară (PA) – ortostatism (de bază),rx,1,missing,missing,,missing_source_relationship; missing_processing; missing_adaptations; source_verification_missing; medical_review_missing
rx/membru-superior/rx-clavicula.md,Rx Rx claviculă,rx,3,missing,missing,Ciornă — nu se utilizează clinic,missing_source_version; missing_source_relationship; missing_processing; missing_adaptations; source_verification_missing; medical_review_missing
rx/membru-superior/rx-coracoid-process-incidenta-ap-axiala-p435-merrill.md,Rx proces coracoid — incidență AP axială (Merrill),rx,1,missing,missing,Ciornă pentru revizuire,missing_source_version; missing_source_relationship; missing_processing; missing_adaptations; source_verification_missing; medical_review_missing
rx/membru-superior/rx-cot-acute-flexion-projections-ap-projections-of-cot-in-acute-flexion-bontrager.md,Rx cot — incidență în flexie acută (incidență AP a cotului în flexie acută),rx,1,missing,missing,,ambiguous_edition; missing_source_relationship; missing_processing; missing_adaptations; source_verification_missing; medical_review_missing
rx/membru-superior/rx-cot-antero-posterior-antebrat-radius-si-ulna-p78-clark.md,Rx Cot antero-posterior (AP) – antebraț (radius și ulnă),rx,1,missing,missing,,missing_source_relationship; missing_processing; missing_adaptations; source_verification_missing; medical_review_missing
rx/membru-superior/rx-cot-antero-posterior-p77-clark.md,Rx Cot antero-posterior (AP),rx,1,missing,missing,,missing_source_relationship; missing_processing; missing_adaptations; source_verification_missing; medical_review_missing
rx/membru-superior/rx-cot-ap-antero-posterior-cot-fully-extended-bontrager.md,Rx Cot AP (antero-posterior) (cot COMPLET EXTINS),rx,1,missing,missing,,ambiguous_edition; missing_source_relationship; missing_processing; missing_adaptations; source_verification_missing; medical_review_missing
rx/membru-superior/rx-cot-ap-incidenta-oblica-lateral-rotation-p327-merrill.md,Rx Cot — oblică antero-posterioară (AP) — rotație externă (laterală) (Merrill),rx,1,missing,missing,Ciornă pentru revizuire,missing_source_version; missing_source_relationship; missing_processing; missing_adaptations; source_verification_missing; medical_review_missing
rx/membru-superior/rx-cot-ap-incidenta-oblica-medial-rotation-p325-merrill.md,Rx Cot — Oblică Antero-Posterioară (AP) — Rotație Internă (Medială) (Merrill),rx,1,missing,missing,Ciornă pentru revizuire,missing_source_version; missing_source_relationship; missing_processing; missing_adaptations; source_verification_missing; medical_review_missing
rx/membru-superior/rx-cot-axiala-antebrat-radius-si-ulna-in-contact-p80-clark.md,Rx Cot Axială - Antebraț (Radius și Ulna) în contact,rx,1,missing,missing,,missing_source_relationship; missing_processing; missing_adaptations; source_verification_missing; medical_review_missing
rx/membru-superior/rx-cot-fata-profil.md,Rx Cot (Față & Profil),rx,3,missing,missing,,missing_source_locator; missing_source_version; missing_source_relationship; missing_processing; missing_adaptations; source_verification_missing; medical_review_missing
rx/membru-superior/rx-cot-full-flexion-p79-clark.md,Rx Cot în flexie completă,rx,1,missing,missing,,missing_source_relationship; missing_processing; missing_adaptations; source_verification_missing; medical_review_missing
rx/membru-superior/rx-cot-incidenta-antero-posterioara-ap-p321-merrill.md,Rx Cot — Incidență Antero-Posterioară (AP) (Merrill),rx,1,missing,missing,Ciornă pentru revizuire,missing_source_version; missing_source_relationship; missing_processing; missing_adaptations; source_verification_missing; medical_review_missing
rx/membru-superior/rx-cot-incidenta-de-profil-lateral-lateromedial-pathology-p322-merrill.md,Rx Cot — Incidență de Profil (Lateral) — Latero-Medială pentru patologie. (Merrill),rx,1,missing,missing,Ciornă pentru revizuire,missing_source_version; missing_source_relationship; missing_processing; missing_adaptations; source_verification_missing; medical_review_missing
rx/membru-superior/rx-cot-lateromedial-projection-bontrager.md,Rx cot incidență latero-medială,rx,1,missing,missing,,ambiguous_edition; missing_source_relationship; missing_processing; missing_adaptations; source_verification_missing; medical_review_missing
rx/membru-superior/rx-cot-profil-lateral-head-of-radius-p81-clark.md,Rx cot profil (lateral) – cap radial,rx,1,missing,missing,,missing_source_relationship; missing_processing; missing_adaptations; source_verification_missing; medical_review_missing
rx/membru-superior/rx-cot-profil-lateral-p76-clark.md,Rx cot profil (lateral),rx,1,missing,missing,,missing_source_relationship; missing_processing; missing_adaptations; source_verification_missing; medical_review_missing
rx/membru-superior/rx-cot-proximal-radio-ulnar-joint-oblica-p82-clark.md,Rx cot articulația radioulnară proximală – oblică,rx,1,missing,missing,,missing_source_relationship; missing_processing; missing_adaptations; source_verification_missing; medical_review_missing
rx/membru-superior/rx-cot-traumatism-acuttism-regim-urgenta-axial-lateromedial-projection-coyle-method16-bontrager.md,Rx cot — traumatism acut / regim de urgență — incidență axială latero-medială (metoda COYLE 16),rx,1,missing,missing,,ambiguous_edition; missing_source_relationship; missing_processing; missing_adaptations; source_verification_missing; medical_review_missing
rx/membru-superior/rx-degete-mana-incidente-standard-de-baza-p61-clark.md,Rx degete ale mâinii — incidențe standard de bază,rx,1,missing,missing,,missing_source_relationship; missing_processing; missing_adaptations; source_verification_missing; medical_review_missing
rx/membru-superior/rx-degete-mana-lateromedial-or-mediolateral-projections-bontrager.md,Rx degete ale mâinii — incidență latero-medială sau medio-laterală,rx,1,missing,missing,,ambiguous_edition; missing_source_relationship; missing_processing; missing_adaptations; source_verification_missing; medical_review_missing
rx/membru-superior/rx-degete-mana-pa-postero-anterior-bontrager.md,Rx Degete Mână PA (Postero-Anterior),rx,1,missing,missing,,ambiguous_edition; missing_source_relationship; missing_processing; missing_adaptations; source_verification_missing; medical_review_missing
rx/membru-superior/rx-diafiza-humerala-antero-posterior-decubit-dorsal-p86-clark.md,Rx Diafiză Humerală Antero-Posterior (AP) - Decubit Dorsal,rx,1,missing,missing,,missing_source_relationship; missing_processing; missing_adaptations; source_verification_missing; medical_review_missing
rx/membru-superior/rx-diafiza-humerala-antero-posterior-ortostatism-p87-clark.md,Rx Diafiză Humerală Antero-Posterior (AP) - Ortostatism,rx,1,missing,missing,,missing_source_relationship; missing_processing; missing_adaptations; source_verification_missing; medical_review_missing
rx/membru-superior/rx-digits-second-through-fifth-incidenta-postero-anterioara-pa-p243-merrill.md,Rx Degete (al doilea până la al cincilea) — Incidență postero-anterioară (PA) (Merrill),rx,1,missing,missing,Ciornă pentru revizuire,missing_source_version; missing_source_relationship; missing_processing; missing_adaptations; source_verification_missing; medical_review_missing
rx/membru-superior/rx-distal-humerus-incidenta-antero-posterioara-ap-acute-flexion-known-as-the-jones-method-although-no-jones-reference-has-been-found-p334-merrill.md,"Rx humerus distal — Incidență antero-posterioară (AP) — Flexia acută, cunoscută sub denumirea de metoda Jones, deși nu a fost găsită nicio referință la „Jones”. (Merrill)",rx,1,missing,missing,Ciornă pentru revizuire,missing_source_version; missing_source_relationship; missing_processing; missing_adaptations; source_verification_missing; medical_review_missing
rx/membru-superior/rx-distal-humerus-incidenta-antero-posterioara-ap-partial-flexion-p328-merrill.md,Rx humerus distal — Incidență antero-posterioară (AP) — Flexie parțială (Merrill),rx,1,missing,missing,Ciornă pentru revizuire,missing_source_version; missing_source_relationship; missing_processing; missing_adaptations; source_verification_missing; medical_review_missing
rx/membru-superior/rx-distal-humerus-incidenta-pa-axiala-p347-merrill.md,Rx humerus distal — Incidență PA axială (Merrill),rx,1,missing,missing,Ciornă pentru revizuire,missing_source_version; missing_source_relationship; missing_processing; missing_adaptations; source_verification_missing; medical_review_missing
rx/membru-superior/rx-external-rotation-ap-antero-posterior-umar-nontraumatism-acut-ap-proximal-humerus-bontrager.md,Rx rotație externă AP (antero-posterioră) (umăr (NONtraumatism acut) — AP humerus proximal),rx,1,missing,missing,,ambiguous_edition; missing_source_relationship; missing_processing; missing_adaptations; source_verification_missing; medical_review_missing
rx/membru-superior/rx-first-carpometacarpal-joint-incidenta-antero-posterioara-ap-burman-method-than-is-seen-on-the-standard-incidenta-antero-posterioar-p269-merrill.md,"Rx prima articulație carpometacarpiană — Incidență anteroposterioară (AP) — Metoda Burman, care este vizualizată față de incidența anteroposterioară (AP) standard. (Merrill)",rx,1,missing,missing,Ciornă pentru revizuire,missing_source_version; missing_source_relationship; missing_processing; missing_adaptations; source_verification_missing; medical_review_missing
rx/membru-superior/rx-first-carpometacarpal-joint-incidenta-antero-posterioara-ap-robert-method-p266-merrill.md,Rx prima articulație carpometacarpiană — Incidență anteroposterioară (AP) — Metoda Robert (Merrill),rx,1,missing,missing,Ciornă pentru revizuire,missing_source_version; missing_source_relationship; missing_processing; missing_adaptations; source_verification_missing; medical_review_missing
rx/membru-superior/rx-first-digit-police-pa-incidenta-oblica-p262-merrill.md,Rx primul deget (police) — Incidență posteroanterioară oblică (PA) (Merrill),rx,1,missing,missing,Ciornă pentru revizuire,missing_source_version; missing_source_relationship; missing_processing; missing_adaptations; source_verification_missing; medical_review_missing
rx/membru-superior/rx-first-metacarpophalangeal-joint-incidenta-postero-anterioara-pa-folio-method-police-8-p271-merrill.md,Rx prima articulație metacarpofalangiană — Incidență posteroanterioară (PA) — Metoda Folio pentru police.” 8 (Merrill),rx,1,missing,missing,Ciornă pentru revizuire,missing_source_version; missing_source_relationship; missing_processing; missing_adaptations; source_verification_missing; medical_review_missing
rx/membru-superior/rx-folio-method9-pa-stress-police-projection-bontrager.md,"Rx incidență PA de stres a policelui, METODA FOLIO 9",rx,1,missing,missing,,ambiguous_edition; missing_source_relationship; missing_processing; missing_adaptations; source_verification_missing; medical_review_missing
rx/membru-superior/rx-glenohumeral-joint-antero-posterior-decubit-dorsal-trauma-p101-clark.md,Rx articulația glenohumerală antero-posterioră (AP) – decubit dorsal (traumă),rx,1,missing,missing,,missing_source_relationship; missing_processing; missing_adaptations; source_verification_missing; medical_review_missing
rx/membru-superior/rx-glenohumeral-joint-antero-posterior-ortostatism-p100-clark.md,Rx articulația glenohumerală antero-posterioară (AP) – ortostatism,rx,1,missing,missing,,missing_source_relationship; missing_processing; missing_adaptations; source_verification_missing; medical_review_missing
rx/membru-superior/rx-glenoid-cavity-ap-axial-incidenta-oblica-garth-method-rpo-or-lpo-position-hill-sachs-lesions-and-soft-tissue-calcifications-12-p409-merrill.md,"Rx cavitatea glenoidă — oblică axială AP — metoda Garth, RPO sau oblică posterioară stângă (OPS/LPO), leziuni Hill-Sachs și calcificări ale țesuturilor moi. 12 (Merrill)",rx,1,missing,missing,Ciornă pentru revizuire,missing_source_version; missing_source_relationship; missing_processing; missing_adaptations; source_verification_missing; medical_review_missing
rx/membru-superior/rx-glenoid-cavity-ap-incidenta-oblica-apple-method-rpo-or-lpo-position-p386-merrill.md,"Rx cavitatea glenoidă — oblică antero-posterioară (AP) — metoda Apple, RPO sau oblică posterioară stângă (OPS/LPO) (Merrill)",rx,1,missing,missing,Ciornă pentru revizuire,missing_source_version; missing_source_relationship; missing_processing; missing_adaptations; source_verification_missing; medical_review_missing
rx/membru-superior/rx-glenoid-cavity-ap-incidenta-oblica-grashey-method-rpo-or-lpo-position-p384-merrill.md,Rx cavitate glenoidă — oblică anteroposterioară (AP) — metoda Grashey RPO sau oblică posterioară stângă (OPS / LPO) (Merrill),rx,1,missing,missing,Ciornă pentru revizuire,missing_source_version; missing_source_relationship; missing_processing; missing_adaptations; source_verification_missing; medical_review_missing
rx/membru-superior/rx-glenoid-cavity-ap-oblica-umar-nontraumatism-acut-grashey-method-bontrager.md,Rx cavitate glenoidă — incidență AP oblică (umăr (nontraumatism acut) — metoda Grashey),rx,1,missing,missing,,ambiguous_edition; missing_source_relationship; missing_processing; missing_adaptations; source_verification_missing; medical_review_missing
rx/membru-superior/rx-humerus-ap-profil.md,Rx humerus — AP și profil,rx,3,missing,missing,Ciornă — nu se utilizează clinic,missing_source_version; missing_source_relationship; missing_processing; missing_adaptations; source_verification_missing; medical_review_missing
rx/membru-superior/rx-humerus-culisa-bicipitala-sant-intertubercular-axiala-p88-clark.md,Rx humerus — culisa bicipitală (șanțul intertubercular) axială,rx,1,missing,missing,,missing_source_relationship; missing_processing; missing_adaptations; source_verification_missing; medical_review_missing
rx/membru-superior/rx-humerus-distal-regiune-supracondiliana-suspiciune-de-fractura-p84-clark.md,Rx humerus distal (regiunea supracondiliană) — suspiciune de fractură,rx,1,missing,missing,,missing_source_relationship; missing_processing; missing_adaptations; source_verification_missing; medical_review_missing
rx/membru-superior/rx-humerus-incidenta-antero-posterioara-ap-decubit-p357-merrill.md,Rx Humerus — Incidență anteroposterioară (AP) — Decubit (Merrill),rx,1,missing,missing,Ciornă pentru revizuire,missing_source_version; missing_source_relationship; missing_processing; missing_adaptations; source_verification_missing; medical_review_missing
rx/membru-superior/rx-humerus-incidenta-antero-posterioara-ap-upright-positioned-quickly-and-accurately-with-minimal-discomfort-to-the-patient-p352-merrill.md,Rx Humerus — Incidență anteroposterioară (AP) — UpProfil [fragment deteriorat în sursă] (Merrill),rx,1,missing,missing,Ciornă pentru revizuire,missing_source_version; missing_source_relationship; missing_processing; missing_adaptations; source_verification_missing; medical_review_missing
rx/membru-superior/rx-humerus-incidenta-de-profil-lateral-lateromedial-decubit-p358-merrill.md,"Rx Humerus — Incidență de profil (lateral) — Latero-medial, decubit (Merrill)",rx,1,missing,missing,Ciornă pentru revizuire,missing_source_version; missing_source_relationship; missing_processing; missing_adaptations; source_verification_missing; medical_review_missing
rx/membru-superior/rx-humerus-incidenta-de-profil-lateral-lateromedial-mediolateral-upright-p354-merrill.md,"Rx Humerus — Incidență de profil (lateral) — Latero-medial, medio-lateral, ortostatism (Merrill)",rx,1,missing,missing,Ciornă pentru revizuire,missing_source_version; missing_source_relationship; missing_processing; missing_adaptations; source_verification_missing; medical_review_missing
rx/membru-superior/rx-humerus-mediolateral-projections-bontrager.md,Rx Humerus — Incidență mediolaterală,rx,1,missing,missing,,ambiguous_edition; missing_source_relationship; missing_processing; missing_adaptations; source_verification_missing; medical_review_missing
rx/membru-superior/rx-humerus-proximal-col-chirurgical-antero-posterior-p89-clark.md,Rx humerus proximal (col chirurgical) anteroposterioară (AP),rx,1,missing,missing,,missing_source_relationship; missing_processing; missing_adaptations; source_verification_missing; medical_review_missing
rx/membru-superior/rx-humerus-proximal-col-chirurgical-axiala-projection-p90-clark.md,Rx humerus proximal (col chirurgical) – incidență axială,rx,1,missing,missing,,missing_source_relationship; missing_processing; missing_adaptations; source_verification_missing; medical_review_missing
rx/membru-superior/rx-humerus-proximal-col-chirurgical-profil-lateral-infero-superior-p91-clark.md,Rx humerus proximal (col chirurgical) – profil (lateral) – inferosuperior,rx,1,missing,missing,,missing_source_relationship; missing_processing; missing_adaptations; source_verification_missing; medical_review_missing
rx/membru-superior/rx-humerus-traumatism-acuttism-regim-urgenta-transthoracic-profil-lateral-bontrager.md,Rx humerus (traumatism acut/urgență) transtoracic – profil (lateral),rx,1,missing,missing,,ambiguous_edition; missing_source_relationship; missing_processing; missing_adaptations; source_verification_missing; medical_review_missing
rx/membru-superior/rx-incidente-standard-de-baza-infero-superior-alternate-p97-clark.md,Rx incidențe standard de bază inferosuperioară (alternativă),rx,1,missing,missing,,missing_source_relationship; missing_processing; missing_adaptations; source_verification_missing; medical_review_missing
rx/membru-superior/rx-internal-rotation-ap-antero-posterior-umar-nontraumatism-acut-lateral-proximal-humerus-bontrager.md,Rx rotație internă AP (anteroposterioară) (Umăr (nontraumatism acut) - humerus proximal lateral),rx,1,missing,missing,,ambiguous_edition; missing_source_relationship; missing_processing; missing_adaptations; source_verification_missing; medical_review_missing
rx/membru-superior/rx-intertubercular-bicipital-groove-tangential-projection-modificarea-fisk-p411-merrill.md,Rx șanț intertubercular (bicipital) — incidență tangențială — modificarea Fisk (Merrill),rx,1,missing,missing,Ciornă pentru revizuire,missing_source_version; missing_source_relationship; missing_processing; missing_adaptations; source_verification_missing; medical_review_missing
rx/membru-superior/rx-lateral-external-rotation-ap-oblica-cot-bontrager.md,Rx rotație laterală (externă) AP oblică (Cot),rx,1,missing,missing,,ambiguous_edition; missing_source_relationship; missing_processing; missing_adaptations; source_verification_missing; medical_review_missing
rx/membru-superior/rx-lateral-rotation-pa-oblica-pumn-articulatie-radiocarpiana-bontrager.md,Rx rotație externă (laterală) PA oblică (Pumn (articulație radiocarpiană)),rx,1,missing,missing,,ambiguous_edition; missing_source_relationship; missing_processing; missing_adaptations; source_verification_missing; medical_review_missing
rx/membru-superior/rx-lateromedial-projection-fan-lateral-mana-bontrager.md,Rx incidență latero-medială „FAN” — PROFIL (mână),rx,1,missing,missing,,ambiguous_edition; missing_source_relationship; missing_processing; missing_adaptations; source_verification_missing; medical_review_missing
rx/membru-superior/rx-lateromedial-projection-traumatism-acuttism-regim-urgenta-horizontal-beam-lateral-mid-bontrager.md,Rx incidență latero-medială pentru traumatism acut / regim de urgență — INCIDENȚĂ DE PROFIL CU FASCICUL ORIZONTAL (- MIJLOC),rx,1,missing,missing,,ambiguous_edition; missing_source_relationship; missing_processing; missing_adaptations; source_verification_missing; medical_review_missing
rx/membru-superior/rx-lateromedial-projections-lateral-in-extension-and-flexion-mana-bontrager.md,Rx incidență latero-medială — PROFIL ÎN EXTENSIE ȘI FLEXIE (- MÂNĂ),rx,1,missing,missing,,ambiguous_edition; missing_source_relationship; missing_processing; missing_adaptations; source_verification_missing; medical_review_missing
rx/membru-superior/rx-lateromedial-projections-radial-head-cot-bontrager.md,Rx incidență latero-medială a capului radial (cot),rx,1,missing,missing,,ambiguous_edition; missing_source_relationship; missing_processing; missing_adaptations; source_verification_missing; medical_review_missing
rx/membru-superior/rx-mana-ap-axiala-brewerton-method10-11-bontrager.md,"Rx mână AP axială (metoda Brewerton 10,11)",rx,1,missing,missing,,ambiguous_edition; missing_source_relationship; missing_processing; missing_adaptations; source_verification_missing; medical_review_missing
rx/membru-superior/rx-mana-fata-oblica.md,Rx mână și degete (față și oblică),rx,3,missing,missing,,missing_source_locator; missing_source_version; missing_source_relationship; missing_processing; missing_adaptations; source_verification_missing; medical_review_missing
rx/membru-superior/rx-mana-incidenta-de-profil-lateral-lateromedial-in-flexion-p284-merrill.md,Rx Mână — Incidență de Profil (Lateral) — Latero-Medial în flexie (Merrill),rx,1,missing,missing,Ciornă pentru revizuire,missing_source_version; missing_source_relationship; missing_processing; missing_adaptations; source_verification_missing; medical_review_missing
rx/membru-superior/rx-mana-incidenta-de-profil-lateral-mediolateral-or-lateromedial-extension-and-fan-lateral-p279-merrill.md,Rx Mână — Incidență de Profil (Lateral) — Extensie mediolaterală sau lateromedială și profil lateral în evantai (Merrill),rx,1,missing,missing,Ciornă pentru revizuire,missing_source_version; missing_source_relationship; missing_processing; missing_adaptations; source_verification_missing; medical_review_missing
rx/membru-superior/rx-mana-incidenta-postero-anterioara-pa-p273-merrill.md,Rx Mână — Incidență Postero-Anterioară (PA) (Merrill),rx,1,missing,missing,Ciornă pentru revizuire,missing_source_version; missing_source_relationship; missing_processing; missing_adaptations; source_verification_missing; medical_review_missing
rx/membru-superior/rx-mana-incidente-standard-de-baza-postero-anterior-dorsi-palmar-p55-clark.md,Rx mână — incidențe standard de bază postero-anterioare (PA) — dorso-palmar,rx,1,missing,missing,,missing_source_relationship; missing_processing; missing_adaptations; source_verification_missing; medical_review_missing
rx/membru-superior/rx-mana-oblica-anterioara-dorsi-palmar-oblica-p57-clark.md,Rx mână — oblică anterioară — dorso-palmară oblică,rx,1,missing,missing,,missing_source_relationship; missing_processing; missing_adaptations; source_verification_missing; medical_review_missing
rx/membru-superior/rx-mana-oblica-posterioara-ambele-maini-metoda-incidenta-norgaard-ball-catcher-ball-catcher-or-n-rgaard-p59-clark.md,Rx mână — oblică posterioară — ambele mâini (metoda incidenței Norgaard [prinderea mingii] sau Nørgaard),rx,1,missing,missing,,missing_source_relationship; missing_processing; missing_adaptations; source_verification_missing; medical_review_missing
rx/membru-superior/rx-mana-pa-incidenta-oblica-lateral-rotation-p277-merrill.md,Rx mână — oblică postero-anterioară (PA) — rotație externă (laterală) (Merrill),rx,1,missing,missing,Ciornă pentru revizuire,missing_source_version; missing_source_relationship; missing_processing; missing_adaptations; source_verification_missing; medical_review_missing
rx/membru-superior/rx-mana-pa-oblica-bontrager.md,Rx mână PA oblică,rx,1,missing,missing,,ambiguous_edition; missing_source_relationship; missing_processing; missing_adaptations; source_verification_missing; medical_review_missing
rx/membru-superior/rx-mana-pa-postero-anterior-bontrager.md,Rx mână PA (postero-anterioară),rx,1,missing,missing,,ambiguous_edition; missing_source_relationship; missing_processing; missing_adaptations; source_verification_missing; medical_review_missing
rx/membru-superior/rx-mana-postero-anterior-ambele-maini-postero-anterior-ambele-maini-p58-clark.md,Rx mână postero-anterioară (PA) – ambele mâini,rx,1,missing,missing,,missing_source_relationship; missing_processing; missing_adaptations; source_verification_missing; medical_review_missing
rx/membru-superior/rx-medial-internal-rotation-ap-oblica-cot-bontrager.md,Rx AP oblică medială (rotație internă) a cotului,rx,1,missing,missing,,ambiguous_edition; missing_source_relationship; missing_processing; missing_adaptations; source_verification_missing; medical_review_missing
rx/membru-superior/rx-medial-or-lateral-rotation-pa-oblica-degete-mana-bontrager.md,Rx medială sau rotație externă (laterală) PA oblică (degetele mâinii),rx,1,missing,missing,,ambiguous_edition; missing_source_relationship; missing_processing; missing_adaptations; source_verification_missing; medical_review_missing
rx/membru-superior/rx-medial-rotation-pa-oblica-police-bontrager.md,Rx rotație internă (medială) PA oblică (police),rx,1,missing,missing,,ambiguous_edition; missing_source_relationship; missing_processing; missing_adaptations; source_verification_missing; medical_review_missing
rx/membru-superior/rx-modifications-in-technique-post-manipulation-p102-clark.md,Rx modificări ale tehnicii (post-manipulare),rx,1,missing,missing,,missing_source_relationship; missing_processing; missing_adaptations; source_verification_missing; medical_review_missing
rx/membru-superior/rx-modified-stecher-method13-bontrager.md,Rx metodă Stecher modificată13,rx,1,missing,missing,,ambiguous_edition; missing_source_relationship; missing_processing; missing_adaptations; source_verification_missing; medical_review_missing
rx/membru-superior/rx-neutral-rotation-ap-antero-posterior-umar-traumatism-acuttism-regim-urgenta-bontrager.md,Rx rotație neutră AP (anteroposterioară) (umăr (traumatism acut / regim de urgență)),rx,1,missing,missing,,ambiguous_edition; missing_source_relationship; missing_processing; missing_adaptations; source_verification_missing; medical_review_missing
rx/membru-superior/rx-olecranon-process-incidenta-pa-axiala-p349-merrill.md,Rx procesul olecranului — incidență PA axială (Merrill),rx,1,missing,missing,Ciornă pentru revizuire,missing_source_version; missing_source_relationship; missing_processing; missing_adaptations; source_verification_missing; medical_review_missing
rx/membru-superior/rx-omoplat-scapula-antero-posterior-basic-ortostatism-p116-clark.md,Rx omoplat (scapulă) anteroposterior (AP) (de bază) - ortostatism,rx,1,missing,missing,,missing_source_relationship; missing_processing; missing_adaptations; source_verification_missing; medical_review_missing
rx/membru-superior/rx-omoplat-scapula-ap-antero-posterior-bontrager.md,Rx omoplat AP (antero-posterior),rx,1,missing,missing,,ambiguous_edition; missing_source_relationship; missing_processing; missing_adaptations; source_verification_missing; medical_review_missing
rx/membru-superior/rx-omoplat-scapula-ap-incidenta-oblica-rpo-or-lpo-position-p432-merrill.md,Rx omoplat — oblică antero-posterioară (AP) — RPO sau oblică posterioară stângă (OPS / LPO) (Merrill),rx,1,missing,missing,Ciornă pentru revizuire,missing_source_version; missing_source_relationship; missing_processing; missing_adaptations; source_verification_missing; medical_review_missing
rx/membru-superior/rx-omoplat-scapula-incidenta-antero-posterioara-ap-p425-merrill.md,Rx omoplat — incidență antero-posterioară (AP) (Merrill),rx,1,missing,missing,Ciornă pentru revizuire,missing_source_version; missing_source_relationship; missing_processing; missing_adaptations; source_verification_missing; medical_review_missing
rx/membru-superior/rx-omoplat-scapula-incidenta-de-profil-lateral-rao-or-lao-body-position-p426-merrill.md,Rx omoplat (scapulă) — incidență de profil (lateral) — poziționarea corpului în RAO sau LAO (Merrill),rx,1,missing,missing,Ciornă pentru revizuire,missing_source_version; missing_source_relationship; missing_processing; missing_adaptations; source_verification_missing; medical_review_missing
rx/membru-superior/rx-omoplat-scapula-profil-lateral-patient-decubit-bontrager.md,Rx omoplat (scapulă) — profil (lateral) — pacient în decubit,rx,1,missing,missing,,ambiguous_edition; missing_source_relationship; missing_processing; missing_adaptations; source_verification_missing; medical_review_missing
rx/membru-superior/rx-omoplat-scapula-profil-lateral-patient-ortostatism-bontrager.md,Rx omoplat (scapulă) — profil (lateral) — pacient în ortostatism,rx,1,missing,missing,,ambiguous_edition; missing_source_relationship; missing_processing; missing_adaptations; source_verification_missing; medical_review_missing
rx/membru-superior/rx-police-ap-antero-posterior-bontrager.md,Rx police AP (anteroposterior),rx,1,missing,missing,,ambiguous_edition; missing_source_relationship; missing_processing; missing_adaptations; source_verification_missing; medical_review_missing
rx/membru-superior/rx-police-ap-axiala-modified-robert-method-6-bontrager.md,"Rx police, incidență AP axială (METODA ROBERT MODIFICATĂ)6",rx,1,missing,missing,,ambiguous_edition; missing_source_relationship; missing_processing; missing_adaptations; source_verification_missing; medical_review_missing
rx/membru-superior/rx-police-profil-lateral-bontrager.md,"Rx police, incidență de profil (lateral)",rx,1,missing,missing,,ambiguous_edition; missing_source_relationship; missing_processing; missing_adaptations; source_verification_missing; medical_review_missing
rx/membru-superior/rx-police-profil-lateral-p63-clark.md,"Rx police, incidență de profil (lateral)",rx,1,missing,missing,,missing_source_relationship; missing_processing; missing_adaptations; source_verification_missing; medical_review_missing
rx/membru-superior/rx-proces-coracoid-antero-posterior-arm-abducted-p118-clark.md,"Rx proces coracoid, anteroposterior (AP) (braț în abducție)",rx,1,missing,missing,,missing_source_relationship; missing_processing; missing_adaptations; source_verification_missing; medical_review_missing
rx/membru-superior/rx-proximal-antebrat-incidenta-antero-posterioara-ap-partial-flexion-p331-merrill.md,Rx antebraț proximal — Incidență antero-posterioară (AP) — Flexie parțială (Merrill),rx,1,missing,missing,Ciornă pentru revizuire,missing_source_version; missing_source_relationship; missing_processing; missing_adaptations; source_verification_missing; medical_review_missing
rx/membru-superior/rx-proximal-antebrat-incidenta-postero-anterioara-pa-acute-flexion-p336-merrill.md,Rx antebraț proximal — Incidență postero-anterioară (PA) — Flexie acută (Merrill),rx,1,missing,missing,Ciornă pentru revizuire,missing_source_version; missing_source_relationship; missing_processing; missing_adaptations; source_verification_missing; medical_review_missing
rx/membru-superior/rx-proximal-humerus-incidenta-ap-axiala-stryker-notch-method-expressed-by-stryker-as-being-useful-to-show-this-humeral-defect-p406-merrill.md,"Rx humerus proximal — Incidență AP axială — Metoda Stryker Notch, descrisă de Stryker ca fiind utilă pentru evidențierea acestui defect humeral. (Merrill)",rx,1,missing,missing,Ciornă pentru revizuire,missing_source_version; missing_source_relationship; missing_processing; missing_adaptations; source_verification_missing; medical_review_missing
rx/membru-superior/rx-proximal-humerus-traumatism-acuttism-regim-urgenta-transthoracic-profil-lateral-metoda-lawrence-bontrager.md,Rx HUMERUS PROXIMAL (traumatism acut / regim de urgență) PROFIL TRANSTHORACIC (lateral) (Metoda Lawrence),rx,1,missing,missing,,ambiguous_edition; missing_source_relationship; missing_processing; missing_adaptations; source_verification_missing; medical_review_missing
rx/membru-superior/rx-pumn-articulatie-radiocarpiana-incidenta-antero-posterioara-ap-p290-merrill.md,Rx pumn (articulație radiocarpiană) — Incidență antero-posterioară (AP) (Merrill),rx,1,missing,missing,Ciornă pentru revizuire,missing_source_version; missing_source_relationship; missing_processing; missing_adaptations; source_verification_missing; medical_review_missing
rx/membru-superior/rx-pumn-articulatie-radiocarpiana-incidenta-de-profil-lateral-lateromedial-p292-merrill.md,Rx Pumn (Articulație Radiocarpiană) — Incidență de Profil (Lateral) — Latero-Medial (Merrill),rx,1,missing,missing,Ciornă pentru revizuire,missing_source_version; missing_source_relationship; missing_processing; missing_adaptations; source_verification_missing; medical_review_missing
rx/membru-superior/rx-pumn-articulatie-radiocarpiana-incidenta-postero-anterioara-pa-p288-merrill.md,Rx Pumn (Articulație Radiocarpiană) — Incidență Postero-Anterioară (PA) (Merrill),rx,1,missing,missing,Ciornă pentru revizuire,missing_source_version; missing_source_relationship; missing_processing; missing_adaptations; source_verification_missing; medical_review_missing
rx/membru-superior/rx-pumn-articulatie-radiocarpiana-incidenta-postero-anterioara-pa-radial-deviation-21-p300-merrill.md,Rx Pumn (Articulație Radiocarpiană) — Incidență Postero-Anterioară (PA) — Deviație radială 21 (Merrill),rx,1,missing,missing,Ciornă pentru revizuire,missing_source_version; missing_source_relationship; missing_processing; missing_adaptations; source_verification_missing; medical_review_missing
rx/membru-superior/rx-pumn-articulatie-radiocarpiana-incidenta-postero-anterioara-pa-ulnar-deviation-21-p299-merrill.md,Rx Pumn (Articulație Radiocarpiană) — Incidență Postero-Anterioară (PA) — Deviație ulnară 21 (Merrill),rx,1,missing,missing,Ciornă pentru revizuire,missing_source_version; missing_source_relationship; missing_processing; missing_adaptations; source_verification_missing; medical_review_missing
rx/membru-superior/rx-pumn-articulatie-radiocarpiana-lateromedial-projection-bontrager.md,Rx Pumn (Articulație Radiocarpiană) Incidență Latero-Medială,rx,1,missing,missing,,ambiguous_edition; missing_source_relationship; missing_processing; missing_adaptations; source_verification_missing; medical_review_missing
rx/membru-superior/rx-pumn-articulatie-radiocarpiana-pa-ap-projection-bontrager.md,Rx Pumn (Articulație Radiocarpiană) Incidență PA (AP),rx,1,missing,missing,,ambiguous_edition; missing_source_relationship; missing_processing; missing_adaptations; source_verification_missing; medical_review_missing
rx/membru-superior/rx-pumn-articulatie-radiocarpiana-pa-incidenta-oblica-lateral-rotation-p295-merrill.md,Rx Pumn (Articulație Radiocarpiană) — Oblică Postero-Anterioară (PA) — Rotație Externă (Laterală) (Merrill),rx,1,missing,missing,Ciornă pentru revizuire,missing_source_version; missing_source_relationship; missing_processing; missing_adaptations; source_verification_missing; medical_review_missing
rx/membru-superior/rx-pumn-articulatie-radiocarpiana-postero-anterior-p71-clark.md,Rx Pumn (Articulație Radiocarpiană) Postero-Anterior (PA),rx,1,missing,missing,,missing_source_relationship; missing_processing; missing_adaptations; source_verification_missing; medical_review_missing
rx/membru-superior/rx-pumn-articulatie-radiocarpiana-profil-lateral-method-2-p72-clark.md,Rx pumn (articulație radiocarpiană) de profil — metoda 2,rx,1,missing,missing,,missing_source_relationship; missing_processing; missing_adaptations; source_verification_missing; medical_review_missing
rx/membru-superior/rx-pumn-articulatie-radiocarpiana-projection-gaynor-bontrager.md,Rx pumn (articulație radiocarpiană) incidență (GAYNOR),rx,1,missing,missing,,ambiguous_edition; missing_source_relationship; missing_processing; missing_adaptations; source_verification_missing; medical_review_missing
rx/membru-superior/rx-pumn-si-scafoid.md,Rx pumn și incidențe pentru scafoid,rx,3,missing,missing,,missing_source_locator; missing_source_version; missing_source_relationship; missing_processing; missing_adaptations; source_verification_missing; medical_review_missing
rx/membru-superior/rx-radial-deviation-pa-postero-anterior-pumn-articulatie-radiocarpiana-bontrager.md,Rx DEVIAȚIE RADIALĂ PA (POSTERO-ANTERIOARĂ) (PUMN (ARTICULAȚIE RADIOCARPIANĂ)),rx,1,missing,missing,,ambiguous_edition; missing_source_relationship; missing_processing; missing_adaptations; source_verification_missing; medical_review_missing
rx/membru-superior/rx-radial-head-incidenta-de-profil-lateral-lateromedial-four-position-series-using-computed-radiography-replace-the-ir-for-each-expos-p338-merrill.md,"Rx cap radial — incidență de profil (lateral) — serie latero-medială cu patru poziționări, folosind radiografia computerizată; înlocuiți IR la fiecare expunere. (Merrill)",rx,1,missing,missing,Ciornă pentru revizuire,missing_source_version; missing_source_relationship; missing_processing; missing_adaptations; source_verification_missing; medical_review_missing
rx/membru-superior/rx-scafoid-carpian-oblica-anterioara-deviatie-ulnara-p66-clark.md,"Rx scafoid carpian, incidență oblică anterioară – deviație ulnară",rx,1,missing,missing,,missing_source_relationship; missing_processing; missing_adaptations; source_verification_missing; medical_review_missing
rx/membru-superior/rx-scafoid-carpian-oblica-posterioara-p67-clark.md,"Rx scafoid carpian, incidență oblică posterioară",rx,1,missing,missing,,missing_source_relationship; missing_processing; missing_adaptations; source_verification_missing; medical_review_missing
rx/membru-superior/rx-scafoid-carpian-postero-anterior-deviatie-ulnara-p65-clark.md,"Rx scafoid carpian, incidență postero-anterioară (PA) – deviație ulnară",rx,1,missing,missing,,missing_source_relationship; missing_processing; missing_adaptations; source_verification_missing; medical_review_missing
rx/membru-superior/rx-scaphoid-incidenta-pa-axiala-incidenta-scafoid-metoda-stecher-22-p302-merrill.md,Rx scafoid — incidență PA axială — incidența scafoidului (metoda Stecher) 22 (Merrill),rx,1,missing,missing,Ciornă pentru revizuire,missing_source_version; missing_source_relationship; missing_processing; missing_adaptations; source_verification_missing; medical_review_missing
rx/membru-superior/rx-scaphoid-series-pa-and-pa-axial-projections-rafert-long-method-ulnar-deviation-p305-merrill.md,"Rx serie de scafoid — incidență PA și PA axială — metoda Rafert-Long, deviație ulnară (Merrill)",rx,1,missing,missing,Ciornă pentru revizuire,missing_source_version; missing_source_relationship; missing_processing; missing_adaptations; source_verification_missing; medical_review_missing
rx/membru-superior/rx-scapular-spine-tangential-projection-laquerri-re-pierquin-method-p439-merrill.md,Rx coloană vertebrală scapulară—incidență tangențială—metoda Laquerrière-Pierquin (Merrill),rx,1,missing,missing,Ciornă pentru revizuire,missing_source_version; missing_source_relationship; missing_processing; missing_adaptations; source_verification_missing; medical_review_missing
rx/membru-superior/rx-scapular-y-lateral-pa-oblica-umar-traumatism-acuttism-regim-urgenta-bontrager.md,Rx PROFIL LATERAL ÎN Y SCAPULAR PA OBLICĂ (UMĂR (TRAUMATISM ACUT/REGIM DE URGENȚĂ)),rx,1,missing,missing,,ambiguous_edition; missing_source_relationship; missing_processing; missing_adaptations; source_verification_missing; medical_review_missing
rx/membru-superior/rx-scapular-y-pa-incidenta-oblica-rao-or-lao-position-umar-dislocations-p399-merrill.md,"Rx Y scapular — incidență oblică postero-anterioară (PA) — RAO sau oblică anterioară stângă (OAS / LAO), luxații ale umărului. (Merrill)",rx,1,missing,missing,Ciornă pentru revizuire,missing_source_version; missing_source_relationship; missing_processing; missing_adaptations; source_verification_missing; medical_review_missing
rx/membru-superior/rx-shoulder9-apical-ap-axiala-bontrager.md,Rx umăr 9 — AP apicală axială,rx,1,missing,missing,,ambiguous_edition; missing_source_relationship; missing_processing; missing_adaptations; source_verification_missing; medical_review_missing
rx/membru-superior/rx-supraspinatus-outlet-tangential-projection-metoda-neer-rao-or-lao-position-p402-merrill.md,"Rx supraspinos „ieșire” — incidență tangențială — metoda Neer, RAO sau oblică anterioară stângă (OAS / LAO) (Merrill)",rx,1,missing,missing,Ciornă pentru revizuire,missing_source_version; missing_source_relationship; missing_processing; missing_adaptations; source_verification_missing; medical_review_missing
rx/membru-superior/rx-supraspinatus-outlet-tangential-projection-umar-traumatism-acuttism-regim-urgenta-neer-method10-bontrager.md,Rx umăr în traumatism acut / regim de urgență — incidență tangențială pentru spațiul de ieșire al supraspinosului — metoda Neer [10],rx,1,missing,missing,,ambiguous_edition; missing_source_relationship; missing_processing; missing_adaptations; source_verification_missing; medical_review_missing
rx/membru-superior/rx-tangential-projection-carpal-bridge-pumn-articulatie-radiocarpiana-bontrager.md,Rx incidență tangențială PUNTE CARPIANĂ (Pumn (Articulație radiocarpiană)),rx,1,missing,missing,,ambiguous_edition; missing_source_relationship; missing_processing; missing_adaptations; source_verification_missing; medical_review_missing
rx/membru-superior/rx-trapezium-pa-axial-incidenta-oblica-clements-nakayama-method-p307-merrill.md,Rx trapez — incidență oblică axială PA — metoda Clements-Nakayama (Merrill),rx,1,missing,missing,Ciornă pentru revizuire,missing_source_version; missing_source_relationship; missing_processing; missing_adaptations; source_verification_missing; medical_review_missing
rx/membru-superior/rx-umar-ap-axial.md,Rx umăr (AP neutru și incidență Y scapulară),rx,3,missing,missing,,missing_source_locator; missing_source_version; missing_source_relationship; missing_processing; missing_adaptations; source_verification_missing; medical_review_missing
rx/membru-superior/rx-umar-joint-incidenta-ap-axiala-p404-merrill.md,Rx articulația umărului — incidență AP axială (Merrill),rx,1,missing,missing,Ciornă pentru revizuire,missing_source_version; missing_source_relationship; missing_processing; missing_adaptations; source_verification_missing; medical_review_missing
rx/membru-superior/rx-umar-joint-inferosuperior-axial-projection-metoda-lawrence-4-inferosuperior-axial-projection-rafert-et-al-5-modification-p391-merrill.md,Rx articulația umărului — incidență axială inferosuperioară — metoda Lawrence 4; incidență axială inferosuperioară Rafert et al. 5; modificare (Merrill),rx,1,missing,missing,Ciornă pentru revizuire,missing_source_version; missing_source_relationship; missing_processing; missing_adaptations; source_verification_missing; medical_review_missing
rx/membru-superior/rx-umar-joint-inferosuperior-axial-projection-west-point-method-p396-merrill.md,Rx articulația umărului — incidență axială inferosuperioară — metoda West Point (Merrill),rx,1,missing,missing,Ciornă pentru revizuire,missing_source_version; missing_source_relationship; missing_processing; missing_adaptations; source_verification_missing; medical_review_missing
rx/membru-superior/rx-umar-joint-superoinferior-axial-projection-p397-merrill.md,Rx articulația umărului — incidență axială superoinferioară (Merrill),rx,1,missing,missing,Ciornă pentru revizuire,missing_source_version; missing_source_relationship; missing_processing; missing_adaptations; source_verification_missing; medical_review_missing
rx/membru-superior/rx-umar-luxatie-recurenta-umar-antero-posterior-modified-p105-clark.md,"Rx umăr — luxație recurentă a umărului, anteroposterioară (AP) modificată",rx,1,missing,missing,,missing_source_relationship; missing_processing; missing_adaptations; source_verification_missing; medical_review_missing
rx/membru-superior/rx-umar-luxatie-recurenta-umar-antero-posterior-oblica-humerus-p104-clark.md,"Rx umăr — luxație recurentă a umărului, anteroposterioară (AP), incidență oblică a humerusului",rx,1,missing,missing,,missing_source_relationship; missing_processing; missing_adaptations; source_verification_missing; medical_review_missing
rx/membru-superior/rx-umar-luxatie-recurenta-umar-antero-posterior-profil-lateral-humerus-p103-clark.md,"Rx umăr — luxație recurentă a umărului, anteroposterioară (AP), humerus în profil",rx,1,missing,missing,,missing_source_relationship; missing_processing; missing_adaptations; source_verification_missing; medical_review_missing
rx/membru-superior/rx-umar-nontraumatism-acut-inferosuperior-axial-projection-clements-modification5-bontrager.md,Rx umăr (NONtraumatism acut) — incidență AXIALĂ INFEROSUPERIOARĂ (MODIFICAREA CLEMENTS5),rx,1,missing,missing,,ambiguous_edition; missing_source_relationship; missing_processing; missing_adaptations; source_verification_missing; medical_review_missing
rx/membru-superior/rx-umar-nontraumatism-acut-inferosuperior-axial-projection-lawrence-method5-bontrager.md,Rx umăr (NONtraumatism acut) — incidență axială inferosuperioară (METODA LAWRENCE5),rx,1,missing,missing,,ambiguous_edition; missing_source_relationship; missing_processing; missing_adaptations; source_verification_missing; medical_review_missing
rx/membru-superior/rx-umar-nontraumatism-acut-pa-axial-transaxillary-projection-modified-bernageau-method-bontrager.md,Rx Umăr (Nontraumatism acut) Incidență PA axială transaxilară (METODA BERNAGEAU MODIFICATĂ),rx,1,missing,missing,,ambiguous_edition; missing_source_relationship; missing_processing; missing_adaptations; source_verification_missing; medical_review_missing
rx/membru-superior/rx-umar-outlet-antero-posterior-incidenta-outlet-subacromiala-neer-p98-clark.md,Rx Umăr - Outlet anteroposterioră (AP) (Incidență outlet (subacromială Neer)),rx,1,missing,missing,,missing_source_relationship; missing_processing; missing_adaptations; source_verification_missing; medical_review_missing
rx/membru-superior/rx-umar-outlet-profil-lateral-incidenta-outlet-subacromiala-neer-p99-clark.md,Rx Umăr - Outlet profil (lateral) (Incidență outlet (subacromială Neer)),rx,1,missing,missing,,missing_source_relationship; missing_processing; missing_adaptations; source_verification_missing; medical_review_missing
rx/membru-superior/rx-umar-superoinferior-transaxillary-projection-nontraumatism-acut-8-bontrager.md,Rx Umăr Incidență transaxilară superoinferioară ((Nontraumatism acut)8),rx,1,missing,missing,,ambiguous_edition; missing_source_relationship; missing_processing; missing_adaptations; source_verification_missing; medical_review_missing
rx/membru-superior/rx-umar-transthoracic-incidenta-de-profil-lateral-metoda-lawrence-right-or-left-position-p388-merrill.md,"Rx umăr — incidență de profil transtoracică (laterală) — metoda Lawrence, profil (drept sau stâng) (Merrill)",rx,1,missing,missing,Ciornă pentru revizuire,missing_source_version; missing_source_relationship; missing_processing; missing_adaptations; source_verification_missing; medical_review_missing
rx/membru-superior/rx-umar-traumatism-acuttism-regim-urgenta-ap-apical-oblique-axial-projection-garth-method-bontrager.md,Rx umăr (traumatism acut / regim de urgență) incidență AP apicală oblică axială (metoda Garth),rx,1,missing,missing,,ambiguous_edition; missing_source_relationship; missing_processing; missing_adaptations; source_verification_missing; medical_review_missing
rx/neclasificat/rx-12-traumatism-regim-urgenta-radiography-di-erent-position-vomiting-without-abdominal-complaints-hyperemesis-head-injury-p972-merrill.md,Rx traumatism / regim de urgență — radiografie — poziționare diferită — vărsături (fără simptome abdominale) (hiperemeză) — traumatism cranian (Merrill),rx,1,missing,missing,Ciornă pentru revizuire,missing_source_version; missing_source_relationship; missing_processing; missing_adaptations; source_verification_missing; medical_review_missing
rx/neclasificat/rx-20-mobile-radiography-ap-or-incidenta-postero-anterioara-pa-c-right-or-left-incidenta-decubit-lateral-p1485-merrill.md,Rx radiografie mobilă — AP sau incidență postero-anterioară (PA) c — incidență în decubit lateral drept sau stâng (Merrill),rx,1,missing,missing,Ciornă pentru revizuire,missing_source_version; missing_source_relationship; missing_processing; missing_adaptations; source_verification_missing; medical_review_missing
rx/pediatrie/rx-abdomen-antero-posterior-p413-clark.md,Rx abdomen anteroposterior (AP),rx,1,missing,missing,,missing_source_relationship; missing_processing; missing_adaptations; source_verification_missing; medical_review_missing
rx/pediatrie/rx-abdomen-imperforate-anus-decubit-ventral-invertogram-p416-clark.md,Rx abdomen — anus imperforat (invertogramă în decubit ventral),rx,1,missing,missing,,missing_source_relationship; missing_processing; missing_adaptations; source_verification_missing; medical_review_missing
rx/pediatrie/rx-abdomen-neonatal.md,Rx abdomen neonatal — suspiciune de NEC / perforație,rx,2,missing,missing,Ciornă — nu se utilizează clinic,missing_source_version; missing_source_relationship; missing_processing; missing_adaptations; source_verification_missing; medical_review_missing
rx/pediatrie/rx-bazin-pelvis-hips-antero-posterior-p423-clark.md,Rx bazin/șolduri AP,rx,1,missing,missing,,missing_source_relationship; missing_processing; missing_adaptations; source_verification_missing; medical_review_missing
rx/pediatrie/rx-bazin-pelvis-hips-incidenta-von-rosen-displazie-sold-p425-clark.md,Rx bazin/șolduri — incidența Von Rosen (displazia de șold),rx,1,missing,missing,,missing_source_relationship; missing_processing; missing_adaptations; source_verification_missing; medical_review_missing
rx/pediatrie/rx-bazin-solduri-sugari.md,Rx bazin și șolduri la sugari (displazia de șold),rx,2,missing,missing,,missing_source_locator; missing_source_version; missing_source_relationship; missing_processing; missing_adaptations; source_verification_missing; medical_review_missing
rx/pediatrie/rx-bilant-scheletic-suspiciune-abuz.md,Rx bilanț scheletic pediatric — suspiciune de abuz fizic,rx,2,missing,missing,Ciornă — nu se utilizează clinic,missing_source_version; missing_source_relationship; missing_processing; missing_adaptations; source_verification_missing; medical_review_missing
rx/pediatrie/rx-coloana-vertebrala-bilant-scolioza-profil-lateral-p429-clark.md,Rx coloană vertebrală (bilanț scolioză) profil (lateral),rx,1,missing,missing,,missing_source_relationship; missing_processing; missing_adaptations; source_verification_missing; medical_review_missing
rx/pediatrie/rx-cord-si-silueta-cardiovasculara-and-torace-campuri-pulmonare-special-care-baby-unit-p380-clark.md,Rx torace neonatal (cord și siluetă cardiovasculară și torace (câmpuri pulmonare)) — terapie intensivă (ATI/SCBU),rx,1,missing,missing,,missing_source_relationship; missing_processing; missing_adaptations; source_verification_missing; medical_review_missing
rx/pediatrie/rx-corp-strain-ingerat.md,Rx corp străin ingerat la copil,rx,2,missing,missing,Ciornă — nu se utilizează clinic,missing_source_version; missing_source_relationship; missing_processing; missing_adaptations; source_verification_missing; medical_review_missing
rx/pediatrie/rx-craniu-fronto-occipital-30-degrees-p419-clark.md,Rx craniu fronto-occipital – 30 de grade,rx,1,missing,missing,,missing_source_relationship; missing_processing; missing_adaptations; source_verification_missing; medical_review_missing
rx/pediatrie/rx-craniu-fronto-occipital-p418-clark.md,Rx Craniu Fronto-occipital,rx,1,missing,missing,,missing_source_relationship; missing_processing; missing_adaptations; source_verification_missing; medical_review_missing
rx/pediatrie/rx-craniu-profil-lateral-decubit-dorsal-p420-clark.md,Rx craniu profil (lateral) - decubit dorsal,rx,1,missing,missing,,missing_source_relationship; missing_processing; missing_adaptations; source_verification_missing; medical_review_missing
rx/pediatrie/rx-masurare-lungime-membre-inferioare-telemetrie-metoda-expunere-unica-format-lung-p433-clark.md,Rx măsurarea lungimii membrelor inferioare (telemetrie) metoda expunerii unice (format lung),rx,1,missing,missing,,missing_source_relationship; missing_processing; missing_adaptations; source_verification_missing; medical_review_missing
rx/pediatrie/rx-picior-in-incarcare-ortostatism-projections-p439-clark.md,Rx picior în încărcare (ortostatism) incidență,rx,1,missing,missing,,missing_source_relationship; missing_processing; missing_adaptations; source_verification_missing; medical_review_missing
rx/pediatrie/rx-sinusuri-paranazale-saf-post-nasal-space-profil-lateral-decubit-dorsal-p421-clark.md,"Rx sinusuri paranazale (SAF) - spațiul postnazal, profil (lateral) - decubit dorsal",rx,1,missing,missing,,missing_source_relationship; missing_processing; missing_adaptations; source_verification_missing; medical_review_missing
rx/pediatrie/rx-torace-neonatal-nou-nascut-antero-posterior-ap-decubit-dorsal-p405-clark.md,Rx torace neonatal (nou-născut) anteroposterior (AP) – decubit dorsal,rx,1,missing,missing,,missing_source_relationship; missing_processing; missing_adaptations; source_verification_missing; medical_review_missing
rx/pediatrie/rx-torace-pediatric-post-neonatal-antero-posterior-decubit-dorsal-p411-clark.md,Rx torace pediatric (post-neonatal) anteroposterior (AP) – decubit dorsal,rx,1,missing,missing,,missing_source_relationship; missing_processing; missing_adaptations; source_verification_missing; medical_review_missing
rx/pediatrie/rx-torace-pediatric-post-neonatal-postero-anterior-ortostatism-p409-clark.md,Rx torace pediatric (post-neonatal) postero-anterior (PA) – ortostatism,rx,1,missing,missing,,missing_source_relationship; missing_processing; missing_adaptations; source_verification_missing; medical_review_missing
rx/pediatrie/rx-torace-pediatric-post-neonatal-profil-lateral-p412-clark.md,Rx torace pediatric (post-neonatal) profil (lateral),rx,1,missing,missing,,missing_source_relationship; missing_processing; missing_adaptations; source_verification_missing; medical_review_missing
rx/pediatrie/rx-torace-pediatric.md,Rx torace pediatric (sugar & copil),rx,2,missing,missing,,missing_source_locator; missing_source_version; missing_source_relationship; missing_processing; missing_adaptations; source_verification_missing; medical_review_missing
rx/pediatrie/rx-varsta-osoasa.md,Rx vârstă osoasă (mână și pumn stâng),rx,2,missing,missing,,missing_source_locator; missing_source_version; missing_source_relationship; missing_processing; missing_adaptations; source_verification_missing; medical_review_missing
rx/torace/rx-10-grilaj-costal-si-stern-incidenta-de-profil-lateral-right-or-left-position-p802-merrill.md,Rx Grilaj costal și stern — Incidență de profil (lateral) — Profil (drept sau stâng) (Merrill),rx,1,missing,missing,Ciornă pentru revizuire,missing_source_version; missing_source_relationship; missing_processing; missing_adaptations; source_verification_missing; medical_review_missing
rx/torace/rx-10-grilaj-costal-si-stern-pa-incidenta-oblica-moore-method-modified-decubit-ventral-position-p800-merrill.md,"Rx Grilaj costal și stern — Incidență oblică postero-anterioară (PA) — Metoda Moore modificată, poziționare în decubit ventral (Merrill)",rx,1,missing,missing,Ciornă pentru revizuire,missing_source_version; missing_source_relationship; missing_processing; missing_adaptations; source_verification_missing; medical_review_missing
rx/torace/rx-10-grilaj-costal-si-stern-pa-incidenta-oblica-rao-position-p798-merrill.md,Rx grilaj costal și stern — oblică postero-anterioară (PA) — oblică anterioară dreaptă (OAD / RAO) (Merrill),rx,1,missing,missing,Ciornă pentru revizuire,missing_source_version; missing_source_relationship; missing_processing; missing_adaptations; source_verification_missing; medical_review_missing
rx/torace/rx-3-thoracic-viscera-torace-and-cai-aeriene-superioare-incidenta-antero-posterioara-ap-p150-merrill.md,Rx torace și torace și căi aeriene superioare — incidență antero-posterioară (AP) (Merrill),rx,1,missing,missing,Ciornă pentru revizuire,missing_source_version; missing_source_relationship; missing_processing; missing_adaptations; source_verification_missing; medical_review_missing
rx/torace/rx-above-or-below-diaphragm-ap-oblique-projections-axillary-coaste-grilaj-costal-bontrager.md,"Rx coaste deasupra sau sub diafragmă, incidență oblică AP, coaste axilare",rx,1,missing,missing,,ambiguous_edition; missing_source_relationship; missing_processing; missing_adaptations; source_verification_missing; medical_review_missing
rx/torace/rx-ap-torace-traumatism-acuttism-regim-urgenta-and-mobile-positioning-bontrager.md,Radiografie toracică AP — radiografie la pat / urgență,rx,1,missing,missing,,ambiguous_edition; missing_source_relationship; missing_processing; missing_adaptations; source_verification_missing; medical_review_missing
rx/torace/rx-axillary-coaste-grilaj-costal-ap-incidenta-oblica-rpo-or-lpo-position-p819-merrill.md,Radiografie a grilajului costal axilar — incidență oblică antero-posterioară (AP) — RPO sau oblică posterioară stângă (OPS / LPO) (Merrill),rx,1,missing,missing,Ciornă pentru revizuire,missing_source_version; missing_source_relationship; missing_processing; missing_adaptations; source_verification_missing; medical_review_missing
rx/torace/rx-axillary-coaste-grilaj-costal-pa-incidenta-oblica-rao-or-lao-position-p821-merrill.md,Radiografie a grilajului costal axilar — incidență oblică postero-anterioară (PA) — RAO sau oblică anterioară stângă (OAS / LAO) (Merrill),rx,1,missing,missing,Ciornă pentru revizuire,missing_source_version; missing_source_relationship; missing_processing; missing_adaptations; source_verification_missing; medical_review_missing
rx/torace/rx-axillary-coaste-grilaj-costal-pa-oblique-projections-above-diaphragm-bontrager.md,Rx grilaj costal axilar — incidență oblică PA (deasupra diafragmei),rx,1,missing,missing,,ambiguous_edition; missing_source_relationship; missing_processing; missing_adaptations; source_verification_missing; medical_review_missing
rx/torace/rx-bilateral-or-unilateral-anterior-coaste-grilaj-costal-pa-postero-anterior-above-diaphragm-bontrager.md,Rx grilaj costal anterior bilateral sau unilateral PA (postero-anterior) (deasupra diafragmei),rx,1,missing,missing,,ambiguous_edition; missing_source_relationship; missing_processing; missing_adaptations; source_verification_missing; medical_review_missing
rx/torace/rx-bilateral-or-unilateral-posterior-coaste-grilaj-costal-ap-antero-posterior-above-or-below-diaphragm-bontrager.md,Rx grilaj costal posterior bilateral sau unilateral AP (antero-posterior) (deasupra sau sub diafragmă),rx,1,missing,missing,,ambiguous_edition; missing_source_relationship; missing_processing; missing_adaptations; source_verification_missing; medical_review_missing
rx/torace/rx-bony-trabecular-detail-and-surrounding-soft-tissues-incidenta-de-profil-lateral-r-or-l-position-p153-merrill.md,Rx ▪ Detaliile trabeculare osoase și țesuturile moi înconjurătoare — Incidență de profil — Profil drept sau stâng (Merrill),rx,1,missing,missing,Ciornă pentru revizuire,missing_source_version; missing_source_relationship; missing_processing; missing_adaptations; source_verification_missing; medical_review_missing
rx/torace/rx-cai-aeriene-superioare-ap-antero-posterior-bontrager.md,Rx căi aeriene superioare AP (antero-posterior),rx,1,missing,missing,,ambiguous_edition; missing_source_relationship; missing_processing; missing_adaptations; source_verification_missing; medical_review_missing
rx/torace/rx-cai-aeriene-superioare-faringe-si-laringe-antero-posterior-p209-clark.md,Rx căi aeriene superioare (faringe și laringe) antero-posterior (AP),rx,1,missing,missing,,missing_source_relationship; missing_processing; missing_adaptations; source_verification_missing; medical_review_missing
rx/torace/rx-cai-aeriene-superioare-profil-lateral-bontrager.md,Rx căi aeriene superioare de profil,rx,1,missing,missing,,ambiguous_edition; missing_source_relationship; missing_processing; missing_adaptations; source_verification_missing; medical_review_missing
rx/torace/rx-cord-si-silueta-cardiovasculara-and-aorta-left-profil-lateral-p233-clark.md,"Rx cord, siluetă cardiovasculară și aortă — profil stâng",rx,1,missing,missing,,missing_source_relationship; missing_processing; missing_adaptations; source_verification_missing; medical_review_missing
rx/torace/rx-cord-si-silueta-cardiovasculara-and-aorta-postero-anterior-p231-clark.md,"Rx cord, siluetă cardiovasculară și aortă postero-anterior (PA)",rx,1,missing,missing,,missing_source_relationship; missing_processing; missing_adaptations; source_verification_missing; medical_review_missing
rx/torace/rx-cord-si-silueta-cardiovasculara-and-torace-campuri-pulmonare-antero-posterior-p369-clark.md,"Rx cord, siluetă cardiovasculară și torace (câmpuri pulmonare) antero-posterior (AP)",rx,1,missing,missing,,missing_source_relationship; missing_processing; missing_adaptations; source_verification_missing; medical_review_missing
rx/torace/rx-cord-si-silueta-cardiovasculara-and-torace-campuri-pulmonare-profil-lateral-decubitus-fluid-levels-p370-clark.md,"Rx cord, siluetă cardiovasculară și torace (câmpuri pulmonare) în decubit lateral (niveluri hidroaerice)",rx,1,missing,missing,,missing_source_relationship; missing_processing; missing_adaptations; source_verification_missing; medical_review_missing
rx/torace/rx-grilaj-costal.md,Rx grilaj costal / hemitorace,rx,3,missing,missing,,missing_source_locator; missing_source_version; missing_source_relationship; missing_processing; missing_adaptations; source_verification_missing; medical_review_missing
rx/torace/rx-lower-coaste-grilaj-costal-antero-posterior-basic-p237-clark.md,Rx coaste inferioare (grilaj costal) antero-posterior (AP) (incidență de bază),rx,1,missing,missing,,missing_source_relationship; missing_processing; missing_adaptations; source_verification_missing; medical_review_missing
rx/torace/rx-lower-coaste-grilaj-costal-right-and-left-oblica-posterioara-p238-clark.md,Rx coaste inferioare (grilaj costal) — oblică posterioară dreaptă și stângă,rx,1,missing,missing,,missing_source_relationship; missing_processing; missing_adaptations; source_verification_missing; medical_review_missing
rx/torace/rx-posterior-coaste-grilaj-costal-incidenta-antero-posterioara-ap-p815-merrill.md,Radiografie a grilajului costal posterior — incidență antero-posterioară (AP) (Merrill),rx,1,missing,missing,Ciornă pentru revizuire,missing_source_version; missing_source_relationship; missing_processing; missing_adaptations; source_verification_missing; medical_review_missing
rx/torace/rx-pulmonary-apices-incidenta-ap-axiala-p194-merrill.md,Radiografie a apexurilor pulmonare — incidență axială AP (Merrill),rx,1,missing,missing,Ciornă pentru revizuire,missing_source_version; missing_source_relationship; missing_processing; missing_adaptations; source_verification_missing; medical_review_missing
rx/torace/rx-pulmonary-apices-incidenta-pa-axiala-p196-merrill.md,Radiografie a apexurilor pulmonare — incidență axială PA (Merrill),rx,1,missing,missing,Ciornă pentru revizuire,missing_source_version; missing_source_relationship; missing_processing; missing_adaptations; source_verification_missing; medical_review_missing
rx/torace/rx-r-or-l-lateral-profil-lateral-stern-bontrager.md,"Radiografie de profil (lateral) a sternului, incidență R sau L",rx,1,missing,missing,,ambiguous_edition; missing_source_relationship; missing_processing; missing_adaptations; source_verification_missing; medical_review_missing
rx/torace/rx-rao-and-lao-anterior-oblique-positions-sternoclavicular-joints-bontrager.md,Rx oblică anterioară (OAD și OAS) (ARTICULAȚII STERNOCLAVICULARE),rx,1,missing,missing,,ambiguous_edition; missing_source_relationship; missing_processing; missing_adaptations; source_verification_missing; medical_review_missing
rx/torace/rx-rao-and-lao-anterior-oblique-positions-torace-bontrager.md,Rx oblică anterioară (OAD și OAS) (torace),rx,1,missing,missing,,ambiguous_edition; missing_source_relationship; missing_processing; missing_adaptations; source_verification_missing; medical_review_missing
rx/torace/rx-rpo-and-lpo-posterior-oblique-positions-torace-bontrager.md,Rx oblică posterioară (OPD și OPS) (torace),rx,1,missing,missing,,ambiguous_edition; missing_source_relationship; missing_processing; missing_adaptations; source_verification_missing; medical_review_missing
rx/torace/rx-soft-palate-pharynx-larynx-and-cervical-esophagus-incidenta-de-profil-lateral-right-or-left-position-the-patient-in-the-incidenta--p1082-merrill.md,"Rx palat moale, faringe, laringe și esofag cervical — Incidență de profil (lateral) — Profil drept sau stâng (Merrill)",rx,1,missing,missing,Ciornă pentru revizuire,missing_source_version; missing_source_relationship; missing_processing; missing_adaptations; source_verification_missing; medical_review_missing
rx/torace/rx-stern-oblica-anterioara-trunk-rotated-p242-clark.md,Rx stern oblică anterioară – trunchiul rotit,rx,1,missing,missing,,missing_source_relationship; missing_processing; missing_adaptations; source_verification_missing; medical_review_missing
rx/torace/rx-stern-oblica-anterioara-tube-angled-p241-clark.md,Rx stern oblică anterioară – tubul înclinat,rx,1,missing,missing,,missing_source_relationship; missing_processing; missing_adaptations; source_verification_missing; medical_review_missing
rx/torace/rx-stern-rao-position-bontrager.md,Rx stern oblică anterioară dreaptă (OAD / RAO),rx,1,missing,missing,,ambiguous_edition; missing_source_relationship; missing_processing; missing_adaptations; source_verification_missing; medical_review_missing
rx/torace/rx-sternoclavicular-articulations-incidenta-postero-anterioara-pa-p805-merrill.md,Rx articulații sternoclaviculare — Incidență postero-anterioară (PA) (Merrill),rx,1,missing,missing,Ciornă pentru revizuire,missing_source_version; missing_source_relationship; missing_processing; missing_adaptations; source_verification_missing; medical_review_missing
rx/torace/rx-sternoclavicular-articulations-pa-incidenta-oblica-body-rotation-method-rao-or-lao-position-p807-merrill.md,"Rx articulații sternoclaviculare — Oblică postero-anterioară (PA) — Metoda rotației corpului, RAO sau oblică anterioară stângă (OAS / LAO) (Merrill)",rx,1,missing,missing,Ciornă pentru revizuire,missing_source_version; missing_source_relationship; missing_processing; missing_adaptations; source_verification_missing; medical_review_missing
rx/torace/rx-sternoclavicular-articulations-pa-incidenta-oblica-cr-angulation-method-p809-merrill.md,Rx articulații sternoclaviculare — Oblică postero-anterioară (PA) — Metoda angulării CR (Merrill),rx,1,missing,missing,Ciornă pentru revizuire,missing_source_version; missing_source_relationship; missing_processing; missing_adaptations; source_verification_missing; medical_review_missing
rx/torace/rx-sternoclavicular-joints-pa-postero-anterior-bontrager.md,Rx ARTICULAȚII STERNOCLAVICULARE PA (postero-anterior),rx,1,missing,missing,,ambiguous_edition; missing_source_relationship; missing_processing; missing_adaptations; source_verification_missing; medical_review_missing
rx/torace/rx-tomografie-liniara-conventionala-laringe-antero-posterior-p503-clark.md,Rx tomografie liniară convențională a laringelui — Antero-posterior (AP),rx,1,missing,missing,,missing_source_relationship; missing_processing; missing_adaptations; source_verification_missing; medical_review_missing
rx/torace/rx-torace-alternative-lateral-positions-bontrager.md,Rx torace — Variante de poziționare pentru incidența de profil (lateral),rx,1,missing,missing,,ambiguous_edition; missing_source_relationship; missing_processing; missing_adaptations; source_verification_missing; medical_review_missing
rx/torace/rx-torace-alternative-lateral-positions-pacient-nedeplasabil-carucior-targa-bontrager.md,Rx torace — Variante de poziționare pentru incidența de profil (lateral) (pacient nedeplasabil / scaun rulant / targă),rx,1,missing,missing,,ambiguous_edition; missing_source_relationship; missing_processing; missing_adaptations; source_verification_missing; medical_review_missing
rx/torace/rx-torace-ap-and-pa-torace-projection-bontrager.md,Radiografie toracică AP și PA — incidență toracică,rx,1,missing,missing,,ambiguous_edition; missing_source_relationship; missing_processing; missing_adaptations; source_verification_missing; medical_review_missing
rx/torace/rx-torace-ap-antero-posterior-bontrager.md,Radiografie toracică AP (antero-posterioară),rx,1,missing,missing,,ambiguous_edition; missing_source_relationship; missing_processing; missing_adaptations; source_verification_missing; medical_review_missing
rx/torace/rx-torace-ap-antero-posterior-decubit-dorsal-upright-or-semierect-in-department-or-as-bedside-portable-bontrager.md,"Radiografie toracică AP (antero-posterioară) (decubit dorsal, ortostatism sau semiortostatic (în departament sau ca radiografie portabilă la pat))",rx,1,missing,missing,,ambiguous_edition; missing_source_relationship; missing_processing; missing_adaptations; source_verification_missing; medical_review_missing
rx/torace/rx-torace-ap-incidenta-oblica-rpo-and-lpo-positions-p185-merrill.md,Rx torace — incidență oblică antero-posterioară (AP) — poziții oblice posterioare dreaptă (RPO) și stângă (OPS / LPO) (Merrill),rx,1,missing,missing,Ciornă pentru revizuire,missing_source_version; missing_source_relationship; missing_processing; missing_adaptations; source_verification_missing; medical_review_missing
rx/torace/rx-torace-ap-or-incidenta-postero-anterioara-pa-a-r-or-l-lateral-decubitus-positions-p198-merrill.md,"Rx torace — incidență AP sau postero-anterioară (PA), varianta a — poziții în decubit lateral drept (R) sau stâng (L) (Merrill)",rx,1,missing,missing,Ciornă pentru revizuire,missing_source_version; missing_source_relationship; missing_processing; missing_adaptations; source_verification_missing; medical_review_missing
rx/torace/rx-torace-campuri-pulmonare-antero-posterior-ortostatism-p223-clark.md,Radiografie toracică (câmpuri pulmonare) antero-posterioară (AP) — ortostatism,rx,1,missing,missing,,missing_source_relationship; missing_processing; missing_adaptations; source_verification_missing; medical_review_missing
rx/torace/rx-torace-campuri-pulmonare-antero-posterior-semi-ortostatism-p225-clark.md,Radiografie toracică (câmpuri pulmonare) antero-posterioară (AP) — semi-ortostatism,rx,1,missing,missing,,missing_source_relationship; missing_processing; missing_adaptations; source_verification_missing; medical_review_missing
rx/torace/rx-torace-campuri-pulmonare-lordotica-p228-clark.md,Radiografie toracică (câmpuri pulmonare) lordotică,rx,1,missing,missing,,missing_source_relationship; missing_processing; missing_adaptations; source_verification_missing; medical_review_missing
rx/torace/rx-torace-campuri-pulmonare-postero-anterior-ortostatism-p221-clark.md,Radiografie toracică (câmpuri pulmonare) postero-anterioară (PA) — ortostatism,rx,1,missing,missing,,missing_source_relationship; missing_processing; missing_adaptations; source_verification_missing; medical_review_missing
rx/torace/rx-torace-incidenta-antero-posterioara-ap-a-decubit-dorsal-or-upright-p188-merrill.md,Rx Torace — Incidență Antero-Posterioară (AP) a — Decubit Dorsal sau Ortostatism (Merrill),rx,1,missing,missing,Ciornă pentru revizuire,missing_source_version; missing_source_relationship; missing_processing; missing_adaptations; source_verification_missing; medical_review_missing
rx/torace/rx-torace-incidenta-antero-posterioara-ap-b-upright-or-decubit-dorsal-p1483-merrill.md,Rx Torace — Incidență Antero-Posterioară (AP) b — Ortostatism sau Decubit Dorsal (Merrill),rx,1,missing,missing,Ciornă pentru revizuire,missing_source_version; missing_source_relationship; missing_processing; missing_adaptations; source_verification_missing; medical_review_missing
rx/torace/rx-torace-incidenta-de-profil-lateral-r-or-l-position-p174-merrill.md,Rx Torace — Incidență de Profil (Lateral) — Profil Drept sau Stâng (Merrill),rx,1,missing,missing,Ciornă pentru revizuire,missing_source_version; missing_source_relationship; missing_processing; missing_adaptations; source_verification_missing; medical_review_missing
rx/torace/rx-torace-incidenta-de-profil-lateral-r-or-l-position-ventral-or-incidenta-decubit-dorsal-p201-merrill.md,Rx Torace — Incidență de Profil (Lateral) — Profil Drept sau Stâng în Decubit Ventral sau Dorsal (Merrill),rx,1,missing,missing,Ciornă pentru revizuire,missing_source_version; missing_source_relationship; missing_processing; missing_adaptations; source_verification_missing; medical_review_missing
rx/torace/rx-torace-incidenta-decubit-lateral-ap-antero-posterior-bontrager.md,Rx Torace Incidență Decubit Lateral (AP (Antero-Posterior)),rx,1,missing,missing,,ambiguous_edition; missing_source_relationship; missing_processing; missing_adaptations; source_verification_missing; medical_review_missing
rx/torace/rx-torace-incidenta-postero-anterioara-pa-p167-merrill.md,Rx Torace — Incidență Postero-Anterioară (PA) (Merrill),rx,1,missing,missing,Ciornă pentru revizuire,missing_source_version; missing_source_relationship; missing_processing; missing_adaptations; source_verification_missing; medical_review_missing
rx/torace/rx-torace-la-pat-ap.md,Radiografie toracică la pat / decubit (AP),rx,3,missing,missing,,missing_source_locator; missing_source_version; missing_source_relationship; missing_processing; missing_adaptations; source_verification_missing; medical_review_missing
rx/torace/rx-torace-lateral-torace-position-bontrager.md,Radiografie toracică de profil (lateral),rx,1,missing,missing,,ambiguous_edition; missing_source_relationship; missing_processing; missing_adaptations; source_verification_missing; medical_review_missing
rx/torace/rx-torace-lateral.md,Rx torace de profil (lateral stâng),rx,3,missing,missing,,missing_source_locator; missing_source_version; missing_source_relationship; missing_processing; missing_adaptations; source_verification_missing; medical_review_missing
rx/torace/rx-torace-lordotica-ap-bontrager.md,Rx Torace Lordotică (AP),rx,1,missing,missing,,ambiguous_edition; missing_source_relationship; missing_processing; missing_adaptations; source_verification_missing; medical_review_missing
rx/torace/rx-torace-pa-postero-anterior-pacient-mobil-cooperant-ortostatism-bontrager.md,Rx torace PA (postero-anterior) (pacient mobil / cooperant (ortostatism)),rx,1,missing,missing,,ambiguous_edition; missing_source_relationship; missing_processing; missing_adaptations; source_verification_missing; medical_review_missing
rx/torace/rx-torace-pa-postero-anterior-pacient-nedeplasabil-carucior-targa-bontrager.md,Rx Torace PA (Postero-Anterior) (Pacient Nedeplasabil / Cărucior / Targă),rx,1,missing,missing,,ambiguous_edition; missing_source_relationship; missing_processing; missing_adaptations; source_verification_missing; medical_review_missing
rx/torace/rx-torace-pa.md,Radiografie toracică PA (postero-anterioară),rx,3,missing,missing,,missing_source_locator; missing_source_version; missing_source_relationship; missing_processing; missing_adaptations; source_verification_missing; medical_review_missing
rx/torace/rx-torace-profil-lateral-bontrager.md,Radiografie toracică de profil (lateral),rx,1,missing,missing,,ambiguous_edition; missing_source_relationship; missing_processing; missing_adaptations; source_verification_missing; medical_review_missing
rx/torace/rx-torace-profil-lateral-pacient-mobil-cooperant-ortostatism-bontrager.md,Radiografie toracică de profil (lateral) (pacient mobil / cooperant (ortostatism)),rx,1,missing,missing,,ambiguous_edition; missing_source_relationship; missing_processing; missing_adaptations; source_verification_missing; medical_review_missing
rx/torace/rx-trahee-si-stramtoare-toracica-superioara-including-thoracic-inlet-antero-posterior-p211-clark.md,Radiografie antero-posterioară (AP) a traheei și a strâmtorii toracice superioare (incluzând apertura toracică superioară),rx,1,missing,missing,,missing_source_relationship; missing_processing; missing_adaptations; source_verification_missing; medical_review_missing
rx/torace/rx-upper-anterior-coaste-grilaj-costal-incidenta-postero-anterioara-pa-p812-merrill.md,Radiografie a coastelor superioare anterioare — incidență postero-anterioară (PA) (Merrill),rx,1,missing,missing,Ciornă pentru revizuire,missing_source_version; missing_source_relationship; missing_processing; missing_adaptations; source_verification_missing; medical_review_missing
rx/torace/rx-upper-coaste-grilaj-costal-first-and-second-antero-posterior-p240-clark.md,Rx coaste superioare (grilaj costal) Prima și a doua – anteroposterior (AP),rx,1,missing,missing,,missing_source_relationship; missing_processing; missing_adaptations; source_verification_missing; medical_review_missing
rx/torace/rx-upper-coaste-grilaj-costal-right-and-left-oblica-posterioara-p239-clark.md,Rx coaste superioare (grilaj costal) oblică posterioară dreaptă și stângă,rx,1,missing,missing,,missing_source_relationship; missing_processing; missing_adaptations; source_verification_missing; medical_review_missing
